{
  "type": "FeatureCollection",
  "features": [
    {
      "type": "Feature",
      "properties": {
        "osm_way_id": "25584523",
        "name": "Al Doctor Ezzat Salama Street",
        "highway": "residential",
        "layer": "0",
        "bridge": "no",
        "tunnel": "no"
      },
      "geometry": {
        "type": "LineString",
        "coordinates": [
          [
            31.3451161,
            30.0554092
          ],
          [
            31.345007,
            30.0553975
          ],
          [
            31.3429698,
            30.0551797
          ],
          [
            31.3423494,
            30.0551134
          ],
          [
            31.3420538,
            30.0550818
          ],
          [
            31.3414418,
            30.0550163
          ],
          [
            31.3394438,
            30.0548027
          ],
          [
            31.3393296,
            30.0547905
          ],
          [
            31.3384514,
            30.0546966
          ]
        ]
      }
    },
    {
      "type": "Feature",
      "properties": {
        "osm_way_id": "25584525",
        "name": "Mohamed Hussein Heikal Street",
        "highway": "residential",
        "layer": "0",
        "bridge": "no",
        "tunnel": "no"
      },
      "geometry": {
        "type": "LineString",
        "coordinates": [
          [
            31.3394581,
            30.0547012
          ],
          [
            31.3394438,
            30.0548027
          ],
          [
            31.339346,
            30.0554394
          ],
          [
            31.3392535,
            30.0561008
          ],
          [
            31.3391839,
            30.0565872
          ],
          [
            31.339066,
            30.0574188
          ],
          [
            31.3389745,
            30.058074
          ],
          [
            31.3388827,
            30.0586764
          ],
          [
            31.3388684,
            30.0587686
          ],
          [
            31.3388508,
            30.0588577
          ],
          [
            31.3387949,
            30.0592173
          ],
          [
            31.3386684,
            30.0600033
          ],
          [
            31.3385651,
            30.0606827
          ],
          [
            31.3385005,
            30.0613166
          ],
          [
            31.3384865,
            30.0614105
          ],
          [
            31.3383905,
            30.0621269
          ],
          [
            31.3383625,
            30.0623361
          ],
          [
            31.3382605,
            30.0630329
          ],
          [
            31.3382463,
            30.0631334
          ],
          [
            31.3381538,
            30.0637891
          ],
          [
            31.3380778,
            30.0643377
          ],
          [
            31.3380624,
            30.0644236
          ],
          [
            31.337998,
            30.0649382
          ],
          [
            31.3379011,
            30.065602
          ],
          [
            31.3378156,
            30.0662299
          ],
          [
            31.3377366,
            30.0668103
          ],
          [
            31.3377227,
            30.0669124
          ],
          [
            31.3376731,
            30.0673136
          ],
          [
            31.3376777,
            30.0673568
          ],
          [
            31.337709,
            30.0673892
          ]
        ]
      }
    },
    {
      "type": "Feature",
      "properties": {
        "osm_way_id": "25584535",
        "name": "Farik Awal Ali Amer Street",
        "highway": "residential",
        "layer": "0",
        "bridge": "no",
        "tunnel": "no"
      },
      "geometry": {
        "type": "LineString",
        "coordinates": [
          [
            31.3383873,
            30.0613042
          ],
          [
            31.3385005,
            30.0613166
          ],
          [
            31.3404987,
            30.0615393
          ],
          [
            31.3410854,
            30.0615978
          ],
          [
            31.3413577,
            30.0616264
          ],
          [
            31.342029,
            30.0617028
          ],
          [
            31.3440672,
            30.0619262
          ],
          [
            31.3441709,
            30.0619376
          ],
          [
            31.3450254,
            30.0620371
          ]
        ]
      }
    },
    {
      "type": "Feature",
      "properties": {
        "osm_way_id": "25584538",
        "name": "Farik Awal Ali Amer Street",
        "highway": "residential",
        "layer": "0",
        "bridge": "no",
        "tunnel": "no"
      },
      "geometry": {
        "type": "LineString",
        "coordinates": [
          [
            31.3450094,
            30.0621428
          ],
          [
            31.3441558,
            30.0620418
          ],
          [
            31.3440522,
            30.0620302
          ],
          [
            31.3413439,
            30.0617268
          ],
          [
            31.3410732,
            30.0616966
          ],
          [
            31.3404844,
            30.0616374
          ],
          [
            31.3384865,
            30.0614105
          ],
          [
            31.3383734,
            30.0613979
          ]
        ]
      }
    },
    {
      "type": "Feature",
      "properties": {
        "osm_way_id": "25584541",
        "name": "Al Allowa' Mahmoud Sami Pasha Street",
        "highway": "residential",
        "layer": "0",
        "bridge": "no",
        "tunnel": "no"
      },
      "geometry": {
        "type": "LineString",
        "coordinates": [
          [
            31.3385689,
            30.0599927
          ],
          [
            31.3386684,
            30.0600033
          ],
          [
            31.339146,
            30.06007
          ],
          [
            31.3406853,
            30.0602354
          ],
          [
            31.3413277,
            30.0603075
          ],
          [
            31.3415738,
            30.0603352
          ],
          [
            31.3421957,
            30.0604079
          ],
          [
            31.3437537,
            30.0605848
          ],
          [
            31.3442531,
            30.0606343
          ],
          [
            31.3443579,
            30.0606461
          ]
        ]
      }
    },
    {
      "type": "Feature",
      "properties": {
        "osm_way_id": "25584555",
        "name": "Nabil Mohsen Street",
        "highway": "residential",
        "layer": "0",
        "bridge": "no",
        "tunnel": "no"
      },
      "geometry": {
        "type": "LineString",
        "coordinates": [
          [
            31.3412899,
            30.0576625
          ],
          [
            31.3412415,
            30.0580215
          ],
          [
            31.341202,
            30.0583149
          ],
          [
            31.3411619,
            30.0586127
          ],
          [
            31.3411155,
            30.0589568
          ]
        ]
      }
    },
    {
      "type": "Feature",
      "properties": {
        "osm_way_id": "25584557",
        "name": "Nabil Mohsen Street",
        "highway": "residential",
        "layer": "0",
        "bridge": "no",
        "tunnel": "no"
      },
      "geometry": {
        "type": "LineString",
        "coordinates": [
          [
            31.342158,
            30.0590711
          ],
          [
            31.3422018,
            30.0587265
          ],
          [
            31.3422403,
            30.0584235
          ],
          [
            31.3422799,
            30.0581118
          ],
          [
            31.3423226,
            30.0577758
          ]
        ]
      }
    },
    {
      "type": "Feature",
      "properties": {
        "osm_way_id": "25584566",
        "name": "Dawoud Hosny Street",
        "highway": "residential",
        "layer": "0",
        "bridge": "no",
        "tunnel": "no"
      },
      "geometry": {
        "type": "LineString",
        "coordinates": [
          [
            31.3417666,
            30.0590282
          ],
          [
            31.3416684,
            30.0596658
          ],
          [
            31.3415738,
            30.0603352
          ]
        ]
      }
    },
    {
      "type": "Feature",
      "properties": {
        "osm_way_id": "25584571",
        "name": "Dawoud Hosny Street",
        "highway": "residential",
        "layer": "0",
        "bridge": "no",
        "tunnel": "no"
      },
      "geometry": {
        "type": "LineString",
        "coordinates": [
          [
            31.3413277,
            30.0603075
          ],
          [
            31.3414302,
            30.059641
          ],
          [
            31.3415327,
            30.0590025
          ]
        ]
      }
    },
    {
      "type": "Feature",
      "properties": {
        "osm_way_id": "25584575",
        "name": "Sami Abd Al Razek Street",
        "highway": "residential",
        "layer": "0",
        "bridge": "no",
        "tunnel": "no"
      },
      "geometry": {
        "type": "LineString",
        "coordinates": [
          [
            31.3422403,
            30.0584235
          ],
          [
            31.344537,
            30.0586625
          ]
        ]
      }
    },
    {
      "type": "Feature",
      "properties": {
        "osm_way_id": "25584576",
        "name": "Mohamed Abd Al Gawad Street",
        "highway": "residential",
        "layer": "0",
        "bridge": "no",
        "tunnel": "no"
      },
      "geometry": {
        "type": "LineString",
        "coordinates": [
          [
            31.3439329,
            30.0592656
          ],
          [
            31.3438435,
            30.0599239
          ],
          [
            31.3437537,
            30.0605848
          ]
        ]
      }
    },
    {
      "type": "Feature",
      "properties": {
        "osm_way_id": "25584578",
        "name": "Ahmed Othman Street",
        "highway": "residential",
        "layer": "0",
        "bridge": "no",
        "tunnel": "no"
      },
      "geometry": {
        "type": "LineString",
        "coordinates": [
          [
            31.3421957,
            30.0604079
          ],
          [
            31.3421151,
            30.0610656
          ],
          [
            31.342029,
            30.0617028
          ]
        ]
      }
    },
    {
      "type": "Feature",
      "properties": {
        "osm_way_id": "25584581",
        "name": "Qoursh Street",
        "highway": "residential",
        "layer": "0",
        "bridge": "no",
        "tunnel": "no"
      },
      "geometry": {
        "type": "LineString",
        "coordinates": [
          [
            31.3438435,
            30.0599239
          ],
          [
            31.3416684,
            30.0596658
          ],
          [
            31.3414302,
            30.059641
          ],
          [
            31.3392531,
            30.0594256
          ]
        ]
      }
    },
    {
      "type": "Feature",
      "properties": {
        "osm_way_id": "25584582",
        "name": "Abdo Al Shafie Street",
        "highway": "residential",
        "layer": "0",
        "bridge": "no",
        "tunnel": "no"
      },
      "geometry": {
        "type": "LineString",
        "coordinates": [
          [
            31.339146,
            30.06007
          ],
          [
            31.3392531,
            30.0594256
          ],
          [
            31.3393554,
            30.0587639
          ]
        ]
      }
    },
    {
      "type": "Feature",
      "properties": {
        "osm_way_id": "25584588",
        "name": "Samir Morsi Street",
        "highway": "residential",
        "layer": "0",
        "bridge": "no",
        "tunnel": "no"
      },
      "geometry": {
        "type": "LineString",
        "coordinates": [
          [
            31.3389745,
            30.058074
          ],
          [
            31.341202,
            30.0583149
          ]
        ]
      }
    },
    {
      "type": "Feature",
      "properties": {
        "osm_way_id": "25584589",
        "name": "Al Fariq Mohamed Ibrahim Street",
        "highway": "residential",
        "layer": "0",
        "bridge": "no",
        "tunnel": "no"
      },
      "geometry": {
        "type": "LineString",
        "coordinates": [
          [
            31.3391423,
            30.0560889
          ],
          [
            31.3392535,
            30.0561008
          ],
          [
            31.3397521,
            30.0561544
          ],
          [
            31.3412518,
            30.0563154
          ],
          [
            31.3418679,
            30.056387
          ],
          [
            31.3421394,
            30.0564109
          ],
          [
            31.3427806,
            30.0564795
          ],
          [
            31.3442853,
            30.056641
          ],
          [
            31.3448197,
            30.0566984
          ],
          [
            31.3449278,
            30.05671
          ]
        ]
      }
    },
    {
      "type": "Feature",
      "properties": {
        "osm_way_id": "25584591",
        "name": "Samir Hashem Street",
        "highway": "residential",
        "layer": "0",
        "bridge": "no",
        "tunnel": "no"
      },
      "geometry": {
        "type": "LineString",
        "coordinates": [
          [
            31.3427806,
            30.0564795
          ],
          [
            31.3428681,
            30.0558418
          ],
          [
            31.3429698,
            30.0551797
          ],
          [
            31.3429826,
            30.0550885
          ]
        ]
      }
    },
    {
      "type": "Feature",
      "properties": {
        "osm_way_id": "25584592",
        "name": "Nabil Abd Al Rahman Street",
        "highway": "residential",
        "layer": "0",
        "bridge": "no",
        "tunnel": "no"
      },
      "geometry": {
        "type": "LineString",
        "coordinates": [
          [
            31.3420915,
            30.0567401
          ],
          [
            31.3420419,
            30.057081
          ],
          [
            31.3419467,
            30.0577346
          ]
        ]
      }
    },
    {
      "type": "Feature",
      "properties": {
        "osm_way_id": "25584593",
        "name": "Nabil Abd Al Rahman Street",
        "highway": "residential",
        "layer": "0",
        "bridge": "no",
        "tunnel": "no"
      },
      "geometry": {
        "type": "LineString",
        "coordinates": [
          [
            31.3416878,
            30.0577062
          ],
          [
            31.3417772,
            30.0570519
          ],
          [
            31.3418679,
            30.056387
          ]
        ]
      }
    },
    {
      "type": "Feature",
      "properties": {
        "osm_way_id": "25584594",
        "name": "Mamdouh Shams Street",
        "highway": "residential",
        "layer": "0",
        "bridge": "no",
        "tunnel": "no"
      },
      "geometry": {
        "type": "LineString",
        "coordinates": [
          [
            31.3441021,
            30.0579708
          ],
          [
            31.3441902,
            30.0573171
          ],
          [
            31.3442853,
            30.056641
          ]
        ]
      }
    },
    {
      "type": "Feature",
      "properties": {
        "osm_way_id": "25584601",
        "name": "Abd Al Rahman Sedki Street",
        "highway": "residential",
        "layer": "0",
        "bridge": "no",
        "tunnel": "no"
      },
      "geometry": {
        "type": "LineString",
        "coordinates": [
          [
            31.3396618,
            30.0568194
          ],
          [
            31.3417772,
            30.0570519
          ],
          [
            31.3420419,
            30.057081
          ],
          [
            31.3441902,
            30.0573171
          ]
        ]
      }
    },
    {
      "type": "Feature",
      "properties": {
        "osm_way_id": "25584604",
        "name": "Youssef Kamel Street",
        "highway": "residential",
        "layer": "0",
        "bridge": "no",
        "tunnel": "no"
      },
      "geometry": {
        "type": "LineString",
        "coordinates": [
          [
            31.3406853,
            30.0602354
          ],
          [
            31.3405945,
            30.0609037
          ],
          [
            31.3404987,
            30.0615393
          ],
          [
            31.3404844,
            30.0616374
          ]
        ]
      }
    },
    {
      "type": "Feature",
      "properties": {
        "osm_way_id": "25584606",
        "name": "Ahmed Nour Al Din Street",
        "highway": "residential",
        "layer": "0",
        "bridge": "no",
        "tunnel": "no"
      },
      "geometry": {
        "type": "LineString",
        "coordinates": [
          [
            31.3421151,
            30.0610656
          ],
          [
            31.3441599,
            30.0612821
          ]
        ]
      }
    },
    {
      "type": "Feature",
      "properties": {
        "osm_way_id": "26195270",
        "name": "Abd Al Razak Al Sanhouri Street",
        "highway": "tertiary",
        "layer": "0",
        "bridge": "no",
        "tunnel": "no"
      },
      "geometry": {
        "type": "LineString",
        "coordinates": [
          [
            31.3374918,
            30.061825
          ],
          [
            31.3376457,
            30.0619224
          ],
          [
            31.3378129,
            30.0620018
          ],
          [
            31.3379903,
            30.0620614
          ],
          [
            31.3381309,
            30.0620939
          ],
          [
            31.3382742,
            30.0621138
          ],
          [
            31.3383905,
            30.0621269
          ],
          [
            31.340228,
            30.0623146
          ],
          [
            31.3403158,
            30.0623378
          ],
          [
            31.3403986,
            30.0623722
          ],
          [
            31.3404744,
            30.062417
          ]
        ]
      }
    },
    {
      "type": "Feature",
      "properties": {
        "osm_way_id": "26203176",
        "name": "Omar Lotfi Street",
        "highway": "residential",
        "layer": "0",
        "bridge": "no",
        "tunnel": "no"
      },
      "geometry": {
        "type": "LineString",
        "coordinates": [
          [
            31.3407411,
            30.0449636
          ],
          [
            31.3406387,
            30.0456989
          ],
          [
            31.3405428,
            30.0463316
          ],
          [
            31.3404552,
            30.0469169
          ],
          [
            31.3403705,
            30.0475302
          ],
          [
            31.3401978,
            30.0487547
          ],
          [
            31.3401107,
            30.0493714
          ],
          [
            31.3400198,
            30.0499737
          ],
          [
            31.3398514,
            30.0511787
          ],
          [
            31.3397616,
            30.0517943
          ],
          [
            31.3396732,
            30.0524181
          ],
          [
            31.3395848,
            30.0530412
          ]
        ]
      }
    },
    {
      "type": "Feature",
      "properties": {
        "osm_way_id": "26206307",
        "name": "Al Ryadah Street",
        "highway": "tertiary",
        "layer": "0",
        "bridge": "no",
        "tunnel": "no"
      },
      "geometry": {
        "type": "LineString",
        "coordinates": [
          [
            31.3300797,
            30.0612369
          ],
          [
            31.3303303,
            30.0594866
          ],
          [
            31.3303308,
            30.0594236
          ],
          [
            31.3303185,
            30.059364
          ],
          [
            31.3302894,
            30.0593097
          ],
          [
            31.3302122,
            30.0592026
          ]
        ]
      }
    },
    {
      "type": "Feature",
      "properties": {
        "osm_way_id": "26206348",
        "name": "Zuhair Sabry Street",
        "highway": "residential",
        "layer": "0",
        "bridge": "no",
        "tunnel": "no"
      },
      "geometry": {
        "type": "LineString",
        "coordinates": [
          [
            31.3279114,
            30.0537681
          ],
          [
            31.3278491,
            30.054187
          ],
          [
            31.3275819,
            30.0560841
          ],
          [
            31.3274873,
            30.0567066
          ],
          [
            31.327397,
            30.057277
          ],
          [
            31.3273054,
            30.0578556
          ],
          [
            31.3272859,
            30.0579985
          ],
          [
            31.3272715,
            30.0581034
          ],
          [
            31.3272732,
            30.0581199
          ],
          [
            31.3272811,
            30.0581352
          ],
          [
            31.3272913,
            30.0581464
          ]
        ]
      }
    },
    {
      "type": "Feature",
      "properties": {
        "osm_way_id": "26206377",
        "name": "Mokhles Al Alfy Street",
        "highway": "residential",
        "layer": "0",
        "bridge": "no",
        "tunnel": "no"
      },
      "geometry": {
        "type": "LineString",
        "coordinates": [
          [
            31.3293936,
            30.0543473
          ],
          [
            31.3293027,
            30.055019
          ],
          [
            31.3292193,
            30.0555821
          ],
          [
            31.3291259,
            30.0562666
          ],
          [
            31.3290372,
            30.0568949
          ],
          [
            31.3289987,
            30.0571461
          ],
          [
            31.3289536,
            30.0574633
          ],
          [
            31.3288451,
            30.0581639
          ],
          [
            31.3287199,
            30.0589276
          ]
        ]
      }
    },
    {
      "type": "Feature",
      "properties": {
        "osm_way_id": "26253870",
        "name": "Nasr Ahmed Zaki Street",
        "highway": "residential",
        "layer": "0",
        "bridge": "no",
        "tunnel": "no"
      },
      "geometry": {
        "type": "LineString",
        "coordinates": [
          [
            31.334737,
            30.0619561
          ],
          [
            31.3346451,
            30.062643
          ],
          [
            31.3345432,
            30.0633469
          ],
          [
            31.3345014,
            30.0636256
          ],
          [
            31.3344639,
            30.0638758
          ],
          [
            31.3343655,
            30.0645431
          ],
          [
            31.3342589,
            30.0652088
          ],
          [
            31.3341766,
            30.0657748
          ],
          [
            31.334092,
            30.066436
          ]
        ]
      }
    },
    {
      "type": "Feature",
      "properties": {
        "osm_way_id": "26285000",
        "name": "Gaber Ibn Hayan Street",
        "highway": "residential",
        "layer": "0",
        "bridge": "no",
        "tunnel": "no"
      },
      "geometry": {
        "type": "LineString",
        "coordinates": [
          [
            31.3368302,
            30.0582443
          ],
          [
            31.3361274,
            30.0581699
          ],
          [
            31.3353351,
            30.0580861
          ],
          [
            31.3346536,
            30.0580139
          ],
          [
            31.3338586,
            30.0579298
          ],
          [
            31.3330636,
            30.0578456
          ],
          [
            31.3327124,
            30.0578132
          ]
        ]
      }
    },
    {
      "type": "Feature",
      "properties": {
        "osm_way_id": "26520591",
        "name": "Abd Allah Al Arabi Street",
        "highway": "secondary",
        "layer": "0",
        "bridge": "no",
        "tunnel": "no"
      },
      "geometry": {
        "type": "LineString",
        "coordinates": [
          [
            31.3299547,
            30.0404349
          ],
          [
            31.3298982,
            30.0406036
          ],
          [
            31.3298223,
            30.04086
          ],
          [
            31.3297609,
            30.0411284
          ],
          [
            31.3296271,
            30.0417037
          ],
          [
            31.3294881,
            30.0423356
          ],
          [
            31.3293798,
            30.0428423
          ],
          [
            31.3292447,
            30.0434806
          ],
          [
            31.3291588,
            30.0438625
          ],
          [
            31.329114,
            30.0440327
          ],
          [
            31.3290362,
            30.0443396
          ],
          [
            31.3285123,
            30.0466615
          ],
          [
            31.3281985,
            30.0480513
          ],
          [
            31.3281483,
            30.0483015
          ],
          [
            31.3279805,
            30.0489964
          ],
          [
            31.3275585,
            30.0507601
          ],
          [
            31.3275155,
            30.0509503
          ],
          [
            31.3273722,
            30.0516061
          ],
          [
            31.3273682,
            30.0516237
          ],
          [
            31.327342,
            30.0517383
          ],
          [
            31.3272459,
            30.0522474
          ]
        ]
      }
    },
    {
      "type": "Feature",
      "properties": {
        "osm_way_id": "26729390",
        "name": "Mostafa Riyad Street",
        "highway": "residential",
        "layer": "0",
        "bridge": "no",
        "tunnel": "no"
      },
      "geometry": {
        "type": "LineString",
        "coordinates": [
          [
            31.330441,
            30.0653828
          ],
          [
            31.3304995,
            30.0649861
          ],
          [
            31.3305042,
            30.0649625
          ],
          [
            31.3305388,
            30.0647192
          ],
          [
            31.3306029,
            30.0642885
          ],
          [
            31.3306176,
            30.0641896
          ],
          [
            31.3306264,
            30.064125
          ],
          [
            31.3307165,
            30.0635011
          ],
          [
            31.3307862,
            30.0630182
          ],
          [
            31.330909,
            30.062217
          ],
          [
            31.3309525,
            30.0619046
          ],
          [
            31.3310106,
            30.061523
          ]
        ]
      }
    },
    {
      "type": "Feature",
      "properties": {
        "osm_way_id": "28581316",
        "name": "Al Maahad Al Liby Street",
        "highway": "residential",
        "layer": "0",
        "bridge": "no",
        "tunnel": "no"
      },
      "geometry": {
        "type": "LineString",
        "coordinates": [
          [
            31.3335205,
            30.0484184
          ],
          [
            31.3335944,
            30.0478329
          ],
          [
            31.3336699,
            30.0472357
          ]
        ]
      }
    },
    {
      "type": "Feature",
      "properties": {
        "osm_way_id": "28581325",
        "name": "Sakr Quraish Street",
        "highway": "residential",
        "layer": "0",
        "bridge": "no",
        "tunnel": "no"
      },
      "geometry": {
        "type": "LineString",
        "coordinates": [
          [
            31.3335944,
            30.0478329
          ],
          [
            31.3323457,
            30.0477002
          ]
        ]
      }
    },
    {
      "type": "Feature",
      "properties": {
        "osm_way_id": "28581347",
        "name": "Al Khalifa Al Rady Street",
        "highway": "residential",
        "layer": "0",
        "bridge": "no",
        "tunnel": "no"
      },
      "geometry": {
        "type": "LineString",
        "coordinates": [
          [
            31.3340299,
            30.0491448
          ],
          [
            31.3335962,
            30.0490531
          ],
          [
            31.3321962,
            30.0488917
          ],
          [
            31.3314285,
            30.0488132
          ],
          [
            31.3310169,
            30.0487741
          ],
          [
            31.3309417,
            30.0487639
          ],
          [
            31.3289171,
            30.0485269
          ]
        ]
      }
    },
    {
      "type": "Feature",
      "properties": {
        "osm_way_id": "28581360",
        "name": "Al Khalifa Al Watheq Street",
        "highway": "residential",
        "layer": "0",
        "bridge": "no",
        "tunnel": "no"
      },
      "geometry": {
        "type": "LineString",
        "coordinates": [
          [
            31.333674,
            30.0514567
          ],
          [
            31.3312964,
            30.0512082
          ]
        ]
      }
    },
    {
      "type": "Feature",
      "properties": {
        "osm_way_id": "28581362",
        "name": "Hassan Al Bashr Street",
        "highway": "residential",
        "layer": "0",
        "bridge": "no",
        "tunnel": "no"
      },
      "geometry": {
        "type": "LineString",
        "coordinates": [
          [
            31.3312053,
            30.0518235
          ],
          [
            31.3312964,
            30.0512082
          ],
          [
            31.3313781,
            30.0506045
          ]
        ]
      }
    },
    {
      "type": "Feature",
      "properties": {
        "osm_way_id": "28581372",
        "name": "Moanes Al Khadem Street",
        "highway": "residential",
        "layer": "0",
        "bridge": "no",
        "tunnel": "no"
      },
      "geometry": {
        "type": "LineString",
        "coordinates": [
          [
            31.3331552,
            30.0508062
          ],
          [
            31.3332403,
            30.0502141
          ],
          [
            31.3333105,
            30.049627
          ]
        ]
      }
    },
    {
      "type": "Feature",
      "properties": {
        "osm_way_id": "28581379",
        "name": "Al Moqades Al Qbary Street",
        "highway": "residential",
        "layer": "0",
        "bridge": "no",
        "tunnel": "no"
      },
      "geometry": {
        "type": "LineString",
        "coordinates": [
          [
            31.3332403,
            30.0502141
          ],
          [
            31.3307635,
            30.0499505
          ],
          [
            31.3295511,
            30.0498142
          ]
        ]
      }
    },
    {
      "type": "Feature",
      "properties": {
        "osm_way_id": "28581388",
        "name": "Nabil Khalil Street",
        "highway": "residential",
        "layer": "0",
        "bridge": "no",
        "tunnel": "no"
      },
      "geometry": {
        "type": "LineString",
        "coordinates": [
          [
            31.3413456,
            30.0556396
          ],
          [
            31.339346,
            30.0554394
          ],
          [
            31.3392332,
            30.0554283
          ]
        ]
      }
    },
    {
      "type": "Feature",
      "properties": {
        "osm_way_id": "28581389",
        "name": "Mohamed Tawfiq Street",
        "highway": "residential",
        "layer": "0",
        "bridge": "no",
        "tunnel": "no"
      },
      "geometry": {
        "type": "LineString",
        "coordinates": [
          [
            31.3428681,
            30.0558418
          ],
          [
            31.344913,
            30.0560504
          ]
        ]
      }
    },
    {
      "type": "Feature",
      "properties": {
        "osm_way_id": "28581394",
        "name": "Nasr Khesru Street",
        "highway": "residential",
        "layer": "0",
        "bridge": "no",
        "tunnel": "no"
      },
      "geometry": {
        "type": "LineString",
        "coordinates": [
          [
            31.3393864,
            30.0468428
          ],
          [
            31.3393646,
            30.0468151
          ],
          [
            31.3393393,
            30.0467898
          ],
          [
            31.3393107,
            30.0467673
          ],
          [
            31.3392792,
            30.0467477
          ],
          [
            31.3392453,
            30.0467315
          ],
          [
            31.3391466,
            30.0467137
          ],
          [
            31.3346533,
            30.0462114
          ],
          [
            31.3346409,
            30.0462112
          ],
          [
            31.3346171,
            30.0462137
          ],
          [
            31.3345821,
            30.0462303
          ]
        ]
      }
    },
    {
      "type": "Feature",
      "properties": {
        "osm_way_id": "28581441",
        "name": "Al Khalifa Al Amir Street",
        "highway": "residential",
        "layer": "0",
        "bridge": "no",
        "tunnel": "no"
      },
      "geometry": {
        "type": "LineString",
        "coordinates": [
          [
            31.3337707,
            30.0508761
          ],
          [
            31.3331552,
            30.0508062
          ],
          [
            31.3313781,
            30.0506045
          ],
          [
            31.3306762,
            30.0505248
          ],
          [
            31.3299801,
            30.0504444
          ],
          [
            31.3294652,
            30.0503874
          ],
          [
            31.3285389,
            30.0502841
          ],
          [
            31.3285217,
            30.0502801
          ]
        ]
      }
    },
    {
      "type": "Feature",
      "properties": {
        "osm_way_id": "28581445",
        "name": "Amrou' Al Qays Street",
        "highway": "residential",
        "layer": "0",
        "bridge": "no",
        "tunnel": "no"
      },
      "geometry": {
        "type": "LineString",
        "coordinates": [
          [
            31.3299801,
            30.0504444
          ],
          [
            31.3298765,
            30.0510853
          ],
          [
            31.3297986,
            30.0517019
          ],
          [
            31.3297542,
            30.0520092
          ],
          [
            31.3296999,
            30.0523853
          ],
          [
            31.3296573,
            30.05268
          ]
        ]
      }
    },
    {
      "type": "Feature",
      "properties": {
        "osm_way_id": "28581447",
        "name": "Masr Lel Alban Street",
        "highway": "residential",
        "layer": "0",
        "bridge": "no",
        "tunnel": "no"
      },
      "geometry": {
        "type": "LineString",
        "coordinates": [
          [
            31.3296416,
            30.0492097
          ],
          [
            31.3295866,
            30.0495753
          ],
          [
            31.3295511,
            30.0498142
          ],
          [
            31.3294731,
            30.0503348
          ],
          [
            31.3294652,
            30.0503874
          ]
        ]
      }
    },
    {
      "type": "Feature",
      "properties": {
        "osm_way_id": "28581456",
        "name": "Mousa Ibn Nasir Street",
        "highway": "residential",
        "layer": "0",
        "bridge": "no",
        "tunnel": "no"
      },
      "geometry": {
        "type": "LineString",
        "coordinates": [
          [
            31.329849,
            30.0444239
          ],
          [
            31.3297161,
            30.0450104
          ],
          [
            31.3295854,
            30.0455869
          ],
          [
            31.3294504,
            30.0461825
          ],
          [
            31.3293063,
            30.0467868
          ],
          [
            31.3291863,
            30.047348
          ],
          [
            31.3290486,
            30.0479554
          ],
          [
            31.3289171,
            30.0485269
          ],
          [
            31.3287869,
            30.0491101
          ],
          [
            31.3287061,
            30.0494662
          ],
          [
            31.3287002,
            30.0494923
          ],
          [
            31.3285217,
            30.0502801
          ],
          [
            31.3283865,
            30.0508763
          ]
        ]
      }
    },
    {
      "type": "Feature",
      "properties": {
        "osm_way_id": "28581464",
        "name": "Al Razy Street",
        "highway": "residential",
        "layer": "0",
        "bridge": "no",
        "tunnel": "no"
      },
      "geometry": {
        "type": "LineString",
        "coordinates": [
          [
            31.3275585,
            30.0507601
          ],
          [
            31.3276755,
            30.0507765
          ],
          [
            31.3283865,
            30.0508763
          ],
          [
            31.3286009,
            30.0509063
          ],
          [
            31.3290073,
            30.0509634
          ],
          [
            31.3295674,
            30.0510419
          ],
          [
            31.3298765,
            30.0510853
          ]
        ]
      }
    },
    {
      "type": "Feature",
      "properties": {
        "osm_way_id": "28581483",
        "name": "Al Salam Street",
        "highway": "residential",
        "layer": "0",
        "bridge": "no",
        "tunnel": "no"
      },
      "geometry": {
        "type": "LineString",
        "coordinates": [
          [
            31.327342,
            30.0517383
          ],
          [
            31.3280763,
            30.0518242
          ],
          [
            31.3282382,
            30.051844
          ],
          [
            31.3284423,
            30.0518698
          ],
          [
            31.3288602,
            30.0519205
          ],
          [
            31.3289044,
            30.0519277
          ],
          [
            31.3289441,
            30.0519372
          ],
          [
            31.3289754,
            30.0519603
          ],
          [
            31.3289924,
            30.0519926
          ],
          [
            31.3289921,
            30.0520282
          ],
          [
            31.3289817,
            30.0521408
          ],
          [
            31.3289428,
            30.0524233
          ],
          [
            31.3289201,
            30.0525982
          ]
        ]
      }
    },
    {
      "type": "Feature",
      "properties": {
        "osm_way_id": "28581509",
        "name": "Unnamed mapped way",
        "highway": "service",
        "layer": "0",
        "bridge": "no",
        "tunnel": "no"
      },
      "geometry": {
        "type": "LineString",
        "coordinates": [
          [
            31.3286009,
            30.0509063
          ],
          [
            31.3285777,
            30.0510461
          ],
          [
            31.3284772,
            30.0516574
          ],
          [
            31.3284423,
            30.0518698
          ],
          [
            31.3284321,
            30.0519315
          ]
        ]
      }
    },
    {
      "type": "Feature",
      "properties": {
        "osm_way_id": "28582628",
        "name": "Abd Al Satar Diab Street",
        "highway": "residential",
        "layer": "0",
        "bridge": "no",
        "tunnel": "no"
      },
      "geometry": {
        "type": "LineString",
        "coordinates": [
          [
            31.3403501,
            30.0512285
          ],
          [
            31.3404331,
            30.050632
          ],
          [
            31.3405348,
            30.0500294
          ]
        ]
      }
    },
    {
      "type": "Feature",
      "properties": {
        "osm_way_id": "28582631",
        "name": "Abd Al Hamid Shoman Street",
        "highway": "residential",
        "layer": "0",
        "bridge": "no",
        "tunnel": "no"
      },
      "geometry": {
        "type": "LineString",
        "coordinates": [
          [
            31.3397616,
            30.0517943
          ],
          [
            31.3418447,
            30.0520172
          ]
        ]
      }
    },
    {
      "type": "Feature",
      "properties": {
        "osm_way_id": "28582632",
        "name": "Unnamed mapped way",
        "highway": "residential",
        "layer": "0",
        "bridge": "no",
        "tunnel": "no"
      },
      "geometry": {
        "type": "LineString",
        "coordinates": [
          [
            31.3456967,
            30.0512129
          ],
          [
            31.346585,
            30.0512969
          ]
        ]
      }
    },
    {
      "type": "Feature",
      "properties": {
        "osm_way_id": "28582633",
        "name": "Al Mostashar Sayed Fahim Street",
        "highway": "residential",
        "layer": "0",
        "bridge": "no",
        "tunnel": "no"
      },
      "geometry": {
        "type": "LineString",
        "coordinates": [
          [
            31.34563,
            30.0481043
          ],
          [
            31.345542,
            30.0487102
          ],
          [
            31.3454598,
            30.0493201
          ]
        ]
      }
    },
    {
      "type": "Feature",
      "properties": {
        "osm_way_id": "28582636",
        "name": "Sayed Taha Abd Bar Street",
        "highway": "residential",
        "layer": "0",
        "bridge": "no",
        "tunnel": "no"
      },
      "geometry": {
        "type": "LineString",
        "coordinates": [
          [
            31.3425472,
            30.047157
          ],
          [
            31.3404552,
            30.0469169
          ]
        ]
      }
    },
    {
      "type": "Feature",
      "properties": {
        "osm_way_id": "28582639",
        "name": "Abbas Al Aqad Street",
        "highway": "primary",
        "layer": "0",
        "bridge": "no",
        "tunnel": "no"
      },
      "geometry": {
        "type": "LineString",
        "coordinates": [
          [
            31.3386092,
            30.0534725
          ],
          [
            31.3386045,
            30.0536034
          ],
          [
            31.3385665,
            30.0538943
          ],
          [
            31.3385471,
            30.0540429
          ],
          [
            31.3384648,
            30.0545921
          ],
          [
            31.3384514,
            30.0546966
          ],
          [
            31.3381936,
            30.056481
          ],
          [
            31.3378941,
            30.0585544
          ],
          [
            31.3378774,
            30.058678
          ],
          [
            31.3375448,
            30.061119
          ],
          [
            31.3375314,
            30.0612815
          ],
          [
            31.3375024,
            30.0616768
          ],
          [
            31.3374918,
            30.061825
          ],
          [
            31.3374576,
            30.062022
          ],
          [
            31.33742,
            30.0622507
          ],
          [
            31.3373724,
            30.0624643
          ],
          [
            31.337316,
            30.0627057
          ],
          [
            31.3370996,
            30.0642174
          ],
          [
            31.3370821,
            30.0643265
          ],
          [
            31.3369386,
            30.065225
          ],
          [
            31.3368036,
            30.0661301
          ],
          [
            31.3367829,
            30.0662547
          ],
          [
            31.3367129,
            30.0666768
          ],
          [
            31.3366929,
            30.0667978
          ],
          [
            31.3365815,
            30.0674692
          ],
          [
            31.3365146,
            30.0678727
          ],
          [
            31.3364535,
            30.0682412
          ],
          [
            31.3364521,
            30.0682896
          ],
          [
            31.336461,
            30.0683375
          ],
          [
            31.3364799,
            30.0683831
          ],
          [
            31.3365081,
            30.0684249
          ],
          [
            31.3365444,
            30.0684612
          ],
          [
            31.3365876,
            30.0684911
          ],
          [
            31.3366364,
            30.0685138
          ],
          [
            31.3366892,
            30.0685285
          ],
          [
            31.3367441,
            30.0685345
          ]
        ]
      }
    },
    {
      "type": "Feature",
      "properties": {
        "osm_way_id": "28582641",
        "name": "Abou Al Ataheya Street",
        "highway": "primary",
        "layer": "0",
        "bridge": "no",
        "tunnel": "no"
      },
      "geometry": {
        "type": "LineString",
        "coordinates": [
          [
            31.3399961,
            30.0448941
          ],
          [
            31.3399444,
            30.0449348
          ],
          [
            31.339899,
            30.0449808
          ],
          [
            31.3398609,
            30.0450315
          ],
          [
            31.3398305,
            30.045086
          ],
          [
            31.3398154,
            30.0451254
          ],
          [
            31.3394535,
            30.0474338
          ],
          [
            31.339355,
            30.0481575
          ],
          [
            31.3391221,
            30.0498699
          ],
          [
            31.3387839,
            30.0520851
          ],
          [
            31.3387797,
            30.0521123
          ],
          [
            31.3386533,
            30.0529401
          ],
          [
            31.3386092,
            30.0534725
          ]
        ]
      }
    },
    {
      "type": "Feature",
      "properties": {
        "osm_way_id": "28595999",
        "name": "Al Imam Ibn Hanbal Street",
        "highway": "residential",
        "layer": "0",
        "bridge": "no",
        "tunnel": "no"
      },
      "geometry": {
        "type": "LineString",
        "coordinates": [
          [
            31.3278391,
            30.0489668
          ],
          [
            31.3270415,
            30.0488272
          ],
          [
            31.3263559,
            30.0487073
          ],
          [
            31.3258012,
            30.0486087
          ],
          [
            31.3253529,
            30.048531
          ],
          [
            31.3249565,
            30.0484603
          ],
          [
            31.3249082,
            30.0484518
          ],
          [
            31.323654,
            30.0482343
          ],
          [
            31.3231949,
            30.0481507
          ]
        ]
      }
    },
    {
      "type": "Feature",
      "properties": {
        "osm_way_id": "28596004",
        "name": "Gaafar Al Sedik Street",
        "highway": "residential",
        "layer": "0",
        "bridge": "no",
        "tunnel": "no"
      },
      "geometry": {
        "type": "LineString",
        "coordinates": [
          [
            31.3274377,
            30.0507355
          ],
          [
            31.3266234,
            30.0505969
          ],
          [
            31.3260692,
            30.0504976
          ],
          [
            31.3252046,
            30.0503468
          ],
          [
            31.3245021,
            30.0502223
          ],
          [
            31.3219075,
            30.0497735
          ]
        ]
      }
    },
    {
      "type": "Feature",
      "properties": {
        "osm_way_id": "28596007",
        "name": "Al Wady Street",
        "highway": "residential",
        "layer": "0",
        "bridge": "no",
        "tunnel": "no"
      },
      "geometry": {
        "type": "LineString",
        "coordinates": [
          [
            31.3252046,
            30.0503468
          ],
          [
            31.3249658,
            30.0514421
          ],
          [
            31.3249478,
            30.0514939
          ],
          [
            31.3249303,
            30.0515316
          ],
          [
            31.3249027,
            30.0515672
          ],
          [
            31.324872,
            30.0515957
          ],
          [
            31.3248417,
            30.0516139
          ]
        ]
      }
    },
    {
      "type": "Feature",
      "properties": {
        "osm_way_id": "28596009",
        "name": "Abd Al Aziz Al Shenawy Bokhary Street",
        "highway": "residential",
        "layer": "0",
        "bridge": "no",
        "tunnel": "no"
      },
      "geometry": {
        "type": "LineString",
        "coordinates": [
          [
            31.3289054,
            30.0443523
          ],
          [
            31.3280835,
            30.0442541
          ],
          [
            31.3279559,
            30.0442373
          ],
          [
            31.3273218,
            30.0441715
          ],
          [
            31.3272228,
            30.0441772
          ],
          [
            31.327159,
            30.0441871
          ],
          [
            31.3270989,
            30.0442083
          ],
          [
            31.3270452,
            30.0442397
          ],
          [
            31.3270002,
            30.04428
          ],
          [
            31.3262449,
            30.0450316
          ],
          [
            31.3257471,
            30.0455491
          ],
          [
            31.3251986,
            30.0460878
          ],
          [
            31.3250622,
            30.0462346
          ],
          [
            31.3247198,
            30.0466032
          ],
          [
            31.3242259,
            30.0471218
          ],
          [
            31.3240047,
            30.0473471
          ],
          [
            31.3237233,
            30.0476399
          ],
          [
            31.3234834,
            30.0478631
          ],
          [
            31.3233438,
            30.0479963
          ],
          [
            31.3231949,
            30.0481507
          ],
          [
            31.3227022,
            30.0486704
          ],
          [
            31.3222025,
            30.0491943
          ],
          [
            31.3221274,
            30.0492964
          ],
          [
            31.3220926,
            30.0493585
          ],
          [
            31.322059,
            30.0494311
          ],
          [
            31.3219075,
            30.0497735
          ],
          [
            31.3216621,
            30.0503517
          ],
          [
            31.3213846,
            30.0510543
          ]
        ]
      }
    },
    {
      "type": "Feature",
      "properties": {
        "osm_way_id": "28596017",
        "name": "Al Imam Abou Hanifa Street",
        "highway": "residential",
        "layer": "0",
        "bridge": "no",
        "tunnel": "no"
      },
      "geometry": {
        "type": "LineString",
        "coordinates": [
          [
            31.3266234,
            30.0505969
          ],
          [
            31.3267616,
            30.0499984
          ],
          [
            31.3269552,
            30.0491884
          ],
          [
            31.3270415,
            30.0488272
          ],
          [
            31.3271783,
            30.0482484
          ],
          [
            31.327314,
            30.0476738
          ],
          [
            31.3274642,
            30.0470629
          ],
          [
            31.3275962,
            30.04649
          ],
          [
            31.3277329,
            30.0458964
          ],
          [
            31.3278664,
            30.0453173
          ],
          [
            31.3279213,
            30.0450713
          ],
          [
            31.3280835,
            30.0442541
          ]
        ]
      }
    },
    {
      "type": "Feature",
      "properties": {
        "osm_way_id": "28596019",
        "name": "Abou Al Fadl Rabei Street",
        "highway": "residential",
        "layer": "0",
        "bridge": "no",
        "tunnel": "no"
      },
      "geometry": {
        "type": "LineString",
        "coordinates": [
          [
            31.3257471,
            30.0455491
          ],
          [
            31.3277329,
            30.0458964
          ]
        ]
      }
    },
    {
      "type": "Feature",
      "properties": {
        "osm_way_id": "28596020",
        "name": "Al Allowa' Saleh Harb Street",
        "highway": "residential",
        "layer": "0",
        "bridge": "no",
        "tunnel": "no"
      },
      "geometry": {
        "type": "LineString",
        "coordinates": [
          [
            31.3236241,
            30.046688
          ],
          [
            31.3241358,
            30.047075
          ],
          [
            31.3241791,
            30.0471009
          ],
          [
            31.3242259,
            30.0471218
          ],
          [
            31.32427,
            30.0471317
          ],
          [
            31.3243288,
            30.0471415
          ],
          [
            31.325171,
            30.0472851
          ],
          [
            31.3256213,
            30.0473663
          ],
          [
            31.326005,
            30.0474355
          ],
          [
            31.3260586,
            30.0474457
          ],
          [
            31.327314,
            30.0476738
          ]
        ]
      }
    },
    {
      "type": "Feature",
      "properties": {
        "osm_way_id": "28596021",
        "name": "Abd Allah Ibn Abbas Street",
        "highway": "residential",
        "layer": "0",
        "bridge": "no",
        "tunnel": "no"
      },
      "geometry": {
        "type": "LineString",
        "coordinates": [
          [
            31.3247198,
            30.0466032
          ],
          [
            31.3261882,
            30.0468603
          ],
          [
            31.3274642,
            30.0470629
          ]
        ]
      }
    },
    {
      "type": "Feature",
      "properties": {
        "osm_way_id": "28596025",
        "name": "Abbas Zaazou' Street",
        "highway": "residential",
        "layer": "0",
        "bridge": "no",
        "tunnel": "no"
      },
      "geometry": {
        "type": "LineString",
        "coordinates": [
          [
            31.3251986,
            30.0460878
          ],
          [
            31.3263174,
            30.0462766
          ],
          [
            31.3275962,
            30.04649
          ],
          [
            31.3283917,
            30.0466241
          ]
        ]
      }
    },
    {
      "type": "Feature",
      "properties": {
        "osm_way_id": "28596027",
        "name": "Al Khalifa Al Montaser Street",
        "highway": "residential",
        "layer": "0",
        "bridge": "no",
        "tunnel": "no"
      },
      "geometry": {
        "type": "LineString",
        "coordinates": [
          [
            31.3258012,
            30.0486087
          ],
          [
            31.325918,
            30.0480812
          ],
          [
            31.325927,
            30.0480401
          ],
          [
            31.3260586,
            30.0474457
          ],
          [
            31.3261882,
            30.0468603
          ],
          [
            31.3263174,
            30.0462766
          ]
        ]
      }
    },
    {
      "type": "Feature",
      "properties": {
        "osm_way_id": "28596028",
        "name": "Al Ahmos Street",
        "highway": "residential",
        "layer": "0",
        "bridge": "no",
        "tunnel": "no"
      },
      "geometry": {
        "type": "LineString",
        "coordinates": [
          [
            31.325927,
            30.0480401
          ],
          [
            31.3271783,
            30.0482484
          ]
        ]
      }
    },
    {
      "type": "Feature",
      "properties": {
        "osm_way_id": "28596031",
        "name": "Abou Zer Al Ghafary Street",
        "highway": "residential",
        "layer": "0",
        "bridge": "no",
        "tunnel": "no"
      },
      "geometry": {
        "type": "LineString",
        "coordinates": [
          [
            31.3248417,
            30.0516139
          ],
          [
            31.3248117,
            30.0516225
          ],
          [
            31.324776,
            30.0516201
          ],
          [
            31.3243077,
            30.0515084
          ],
          [
            31.3242824,
            30.0515022
          ],
          [
            31.3242602,
            30.0514901
          ],
          [
            31.3242429,
            30.051473
          ],
          [
            31.3242318,
            30.0514524
          ],
          [
            31.3242289,
            30.051433
          ],
          [
            31.3242321,
            30.0514067
          ],
          [
            31.324364,
            30.0508216
          ],
          [
            31.3245021,
            30.0502223
          ],
          [
            31.3246368,
            30.0496346
          ],
          [
            31.3247718,
            30.0490459
          ],
          [
            31.3249082,
            30.0484518
          ],
          [
            31.3250302,
            30.0479221
          ],
          [
            31.3250397,
            30.047882
          ],
          [
            31.325163,
            30.0473433
          ],
          [
            31.325171,
            30.0472851
          ]
        ]
      }
    },
    {
      "type": "Feature",
      "properties": {
        "osm_way_id": "28596032",
        "name": "Lotfi Gomaa Street",
        "highway": "residential",
        "layer": "0",
        "bridge": "no",
        "tunnel": "no"
      },
      "geometry": {
        "type": "LineString",
        "coordinates": [
          [
            31.3250397,
            30.047882
          ],
          [
            31.3237233,
            30.0476399
          ]
        ]
      }
    },
    {
      "type": "Feature",
      "properties": {
        "osm_way_id": "28596052",
        "name": "Unnamed mapped way",
        "highway": "residential",
        "layer": "0",
        "bridge": "no",
        "tunnel": "no"
      },
      "geometry": {
        "type": "LineString",
        "coordinates": [
          [
            31.3263559,
            30.0487073
          ],
          [
            31.3262725,
            30.0490755
          ],
          [
            31.3262244,
            30.0492885
          ],
          [
            31.3260901,
            30.0498817
          ]
        ]
      }
    },
    {
      "type": "Feature",
      "properties": {
        "osm_way_id": "28596053",
        "name": "Abou Al Qassem Al Mahdy Street",
        "highway": "residential",
        "layer": "0",
        "bridge": "no",
        "tunnel": "no"
      },
      "geometry": {
        "type": "LineString",
        "coordinates": [
          [
            31.3235095,
            30.0488275
          ],
          [
            31.3247718,
            30.0490459
          ],
          [
            31.3262244,
            30.0492885
          ]
        ]
      }
    },
    {
      "type": "Feature",
      "properties": {
        "osm_way_id": "28616951",
        "name": "Al Shabab Street",
        "highway": "residential",
        "layer": "0",
        "bridge": "no",
        "tunnel": "no"
      },
      "geometry": {
        "type": "LineString",
        "coordinates": [
          [
            31.3273454,
            30.0626585
          ],
          [
            31.3272349,
            30.0633351
          ],
          [
            31.3271532,
            30.0638845
          ],
          [
            31.3270944,
            30.0642944
          ],
          [
            31.327073,
            30.0644426
          ]
        ]
      }
    },
    {
      "type": "Feature",
      "properties": {
        "osm_way_id": "28616960",
        "name": "Wahran Street",
        "highway": "residential",
        "layer": "0",
        "bridge": "no",
        "tunnel": "no"
      },
      "geometry": {
        "type": "LineString",
        "coordinates": [
          [
            31.3283553,
            30.0615247
          ],
          [
            31.328267,
            30.0620997
          ],
          [
            31.3281707,
            30.0627448
          ]
        ]
      }
    },
    {
      "type": "Feature",
      "properties": {
        "osm_way_id": "28616962",
        "name": "Al Gehad Street",
        "highway": "residential",
        "layer": "0",
        "bridge": "no",
        "tunnel": "no"
      },
      "geometry": {
        "type": "LineString",
        "coordinates": [
          [
            31.3276612,
            30.0603427
          ],
          [
            31.3282828,
            30.0604093
          ],
          [
            31.3291732,
            30.0605047
          ]
        ]
      }
    },
    {
      "type": "Feature",
      "properties": {
        "osm_way_id": "28616965",
        "name": "Al Nedal Street",
        "highway": "residential",
        "layer": "0",
        "bridge": "no",
        "tunnel": "no"
      },
      "geometry": {
        "type": "LineString",
        "coordinates": [
          [
            31.3267564,
            30.0619454
          ],
          [
            31.328267,
            30.0620997
          ]
        ]
      }
    },
    {
      "type": "Feature",
      "properties": {
        "osm_way_id": "28616968",
        "name": "Seif Al Din Barkouk Street",
        "highway": "residential",
        "layer": "0",
        "bridge": "no",
        "tunnel": "no"
      },
      "geometry": {
        "type": "LineString",
        "coordinates": [
          [
            31.3324404,
            30.062395
          ],
          [
            31.3323302,
            30.0631014
          ],
          [
            31.3322524,
            30.0636284
          ],
          [
            31.332154,
            30.0642958
          ]
        ]
      }
    },
    {
      "type": "Feature",
      "properties": {
        "osm_way_id": "28616980",
        "name": "Mahmoud Khairy Street",
        "highway": "residential",
        "layer": "0",
        "bridge": "no",
        "tunnel": "no"
      },
      "geometry": {
        "type": "LineString",
        "coordinates": [
          [
            31.336163,
            30.0629899
          ],
          [
            31.3361601,
            30.0629492
          ],
          [
            31.3361492,
            30.0629092
          ],
          [
            31.3361281,
            30.062872
          ],
          [
            31.3360988,
            30.0628403
          ],
          [
            31.3360623,
            30.0628147
          ],
          [
            31.3360198,
            30.0627965
          ],
          [
            31.3359741,
            30.062782
          ],
          [
            31.3346451,
            30.062643
          ],
          [
            31.3324404,
            30.062395
          ],
          [
            31.3317485,
            30.0623111
          ],
          [
            31.330909,
            30.062217
          ]
        ]
      }
    },
    {
      "type": "Feature",
      "properties": {
        "osm_way_id": "28641433",
        "name": "Hassn Al Imam Street",
        "highway": "residential",
        "layer": "0",
        "bridge": "no",
        "tunnel": "no"
      },
      "geometry": {
        "type": "LineString",
        "coordinates": [
          [
            31.3343911,
            30.054241
          ],
          [
            31.3343744,
            30.054357
          ],
          [
            31.3343007,
            30.0548672
          ],
          [
            31.3342025,
            30.0555473
          ],
          [
            31.3341362,
            30.0560071
          ],
          [
            31.3340399,
            30.0566741
          ],
          [
            31.3340324,
            30.056726
          ],
          [
            31.3339276,
            30.0574517
          ],
          [
            31.3338586,
            30.0579298
          ]
        ]
      }
    },
    {
      "type": "Feature",
      "properties": {
        "osm_way_id": "28641437",
        "name": "Abou Ageila Street",
        "highway": "residential",
        "layer": "0",
        "bridge": "no",
        "tunnel": "no"
      },
      "geometry": {
        "type": "LineString",
        "coordinates": [
          [
            31.3299089,
            30.0556551
          ],
          [
            31.3302723,
            30.0556995
          ],
          [
            31.3308492,
            30.0557628
          ],
          [
            31.3321192,
            30.0558976
          ]
        ]
      }
    },
    {
      "type": "Feature",
      "properties": {
        "osm_way_id": "28641438",
        "name": "Omar Lotfi Street",
        "highway": "residential",
        "layer": "0",
        "bridge": "no",
        "tunnel": "no"
      },
      "geometry": {
        "type": "LineString",
        "coordinates": [
          [
            31.3313526,
            30.0564954
          ],
          [
            31.3312759,
            30.0571402
          ],
          [
            31.3311974,
            30.0576932
          ],
          [
            31.3310976,
            30.0583961
          ]
        ]
      }
    },
    {
      "type": "Feature",
      "properties": {
        "osm_way_id": "28641439",
        "name": "Al Taameer Street",
        "highway": "residential",
        "layer": "0",
        "bridge": "no",
        "tunnel": "no"
      },
      "geometry": {
        "type": "LineString",
        "coordinates": [
          [
            31.327397,
            30.057277
          ],
          [
            31.3283208,
            30.0573646
          ],
          [
            31.3283691,
            30.0573621
          ],
          [
            31.3284153,
            30.0573497
          ],
          [
            31.3284568,
            30.0573281
          ],
          [
            31.3284912,
            30.0572987
          ],
          [
            31.3285166,
            30.057263
          ],
          [
            31.3285315,
            30.0572231
          ],
          [
            31.328555,
            30.0570945
          ]
        ]
      }
    },
    {
      "type": "Feature",
      "properties": {
        "osm_way_id": "28641440",
        "name": "Beaar Sabaa Street",
        "highway": "residential",
        "layer": "0",
        "bridge": "no",
        "tunnel": "no"
      },
      "geometry": {
        "type": "LineString",
        "coordinates": [
          [
            31.3311974,
            30.0576932
          ],
          [
            31.3301936,
            30.0575856
          ],
          [
            31.3289536,
            30.0574633
          ]
        ]
      }
    },
    {
      "type": "Feature",
      "properties": {
        "osm_way_id": "28641545",
        "name": "Al Falouga Street",
        "highway": "residential",
        "layer": "0",
        "bridge": "no",
        "tunnel": "no"
      },
      "geometry": {
        "type": "LineString",
        "coordinates": [
          [
            31.336654,
            30.0594703
          ],
          [
            31.3360221,
            30.0594136
          ],
          [
            31.3356364,
            30.0593741
          ],
          [
            31.3351601,
            30.0593253
          ],
          [
            31.3344798,
            30.0592556
          ]
        ]
      }
    },
    {
      "type": "Feature",
      "properties": {
        "osm_way_id": "28641548",
        "name": "Ali Al Hariri Street",
        "highway": "residential",
        "layer": "0",
        "bridge": "no",
        "tunnel": "no"
      },
      "geometry": {
        "type": "LineString",
        "coordinates": [
          [
            31.3359467,
            30.0599324
          ],
          [
            31.3355657,
            30.0598893
          ],
          [
            31.3344148,
            30.0597635
          ]
        ]
      }
    },
    {
      "type": "Feature",
      "properties": {
        "osm_way_id": "28641563",
        "name": "Unnamed mapped way",
        "highway": "residential",
        "layer": "0",
        "bridge": "no",
        "tunnel": "no"
      },
      "geometry": {
        "type": "LineString",
        "coordinates": [
          [
            31.3374824,
            30.0599066
          ],
          [
            31.3366135,
            30.0598179
          ]
        ]
      }
    },
    {
      "type": "Feature",
      "properties": {
        "osm_way_id": "28641564",
        "name": "Unnamed mapped way",
        "highway": "residential",
        "layer": "0",
        "bridge": "no",
        "tunnel": "no"
      },
      "geometry": {
        "type": "LineString",
        "coordinates": [
          [
            31.3366346,
            30.0596625
          ],
          [
            31.3375019,
            30.059761
          ]
        ]
      }
    },
    {
      "type": "Feature",
      "properties": {
        "osm_way_id": "28641565",
        "name": "Al Sagha Street",
        "highway": "residential",
        "layer": "0",
        "bridge": "no",
        "tunnel": "no"
      },
      "geometry": {
        "type": "LineString",
        "coordinates": [
          [
            31.3364794,
            30.0608073
          ],
          [
            31.3373235,
            30.0608973
          ]
        ]
      }
    },
    {
      "type": "Feature",
      "properties": {
        "osm_way_id": "28641593",
        "name": "Al Doctor Ibrahim Al Shawarby Street",
        "highway": "residential",
        "layer": "0",
        "bridge": "no",
        "tunnel": "no"
      },
      "geometry": {
        "type": "LineString",
        "coordinates": [
          [
            31.3353351,
            30.0580861
          ],
          [
            31.3352509,
            30.0586798
          ],
          [
            31.3351601,
            30.0593253
          ]
        ]
      }
    },
    {
      "type": "Feature",
      "properties": {
        "osm_way_id": "28641594",
        "name": "Al Doctor Abd El Haleem El Naggar Street",
        "highway": "residential",
        "layer": "0",
        "bridge": "no",
        "tunnel": "no"
      },
      "geometry": {
        "type": "LineString",
        "coordinates": [
          [
            31.3367391,
            30.0588394
          ],
          [
            31.3352509,
            30.0586798
          ]
        ]
      }
    },
    {
      "type": "Feature",
      "properties": {
        "osm_way_id": "28664899",
        "name": "Abd Allah Al Arabi Street",
        "highway": "secondary",
        "layer": "0",
        "bridge": "no",
        "tunnel": "no"
      },
      "geometry": {
        "type": "LineString",
        "coordinates": [
          [
            31.3270871,
            30.0522447
          ],
          [
            31.3271251,
            30.0520565
          ],
          [
            31.3271797,
            30.0518222
          ],
          [
            31.3272286,
            30.0516123
          ],
          [
            31.3273855,
            30.0509657
          ],
          [
            31.3274377,
            30.0507355
          ],
          [
            31.3278391,
            30.0489668
          ],
          [
            31.3279937,
            30.048279
          ],
          [
            31.3280514,
            30.0480226
          ],
          [
            31.3283917,
            30.0466241
          ],
          [
            31.3289054,
            30.0443523
          ],
          [
            31.3289781,
            30.0440138
          ],
          [
            31.3290408,
            30.0437462
          ],
          [
            31.3291446,
            30.0432737
          ],
          [
            31.329347,
            30.0423601
          ],
          [
            31.3294917,
            30.0416881
          ],
          [
            31.3296364,
            30.041016
          ],
          [
            31.3297151,
            30.0405675
          ],
          [
            31.3297188,
            30.0404185
          ]
        ]
      }
    },
    {
      "type": "Feature",
      "properties": {
        "osm_way_id": "28825998",
        "name": "Al Maarefa Street",
        "highway": "residential",
        "layer": "0",
        "bridge": "no",
        "tunnel": "no"
      },
      "geometry": {
        "type": "LineString",
        "coordinates": [
          [
            31.3358593,
            30.0605333
          ],
          [
            31.3343435,
            30.0603635
          ]
        ]
      }
    },
    {
      "type": "Feature",
      "properties": {
        "osm_way_id": "28826000",
        "name": "Mohamed Sakr Khafaga Street",
        "highway": "residential",
        "layer": "0",
        "bridge": "no",
        "tunnel": "no"
      },
      "geometry": {
        "type": "LineString",
        "coordinates": [
          [
            31.3351342,
            30.0549637
          ],
          [
            31.3348545,
            30.0567604
          ],
          [
            31.3348517,
            30.0567797
          ],
          [
            31.3347668,
            30.0573663
          ],
          [
            31.3346536,
            30.0580139
          ],
          [
            31.3344798,
            30.0592556
          ],
          [
            31.3344517,
            30.0594531
          ],
          [
            31.3344148,
            30.0597635
          ],
          [
            31.3343435,
            30.0603635
          ],
          [
            31.3342716,
            30.0609309
          ],
          [
            31.3342539,
            30.0610536
          ],
          [
            31.3342012,
            30.0613964
          ],
          [
            31.3341612,
            30.0616603
          ]
        ]
      }
    },
    {
      "type": "Feature",
      "properties": {
        "osm_way_id": "29909162",
        "name": "Al Haqiqa Street",
        "highway": "residential",
        "layer": "0",
        "bridge": "no",
        "tunnel": "no"
      },
      "geometry": {
        "type": "LineString",
        "coordinates": [
          [
            31.3290865,
            30.0611489
          ],
          [
            31.3275726,
            30.0609931
          ]
        ]
      }
    },
    {
      "type": "Feature",
      "properties": {
        "osm_way_id": "29909510",
        "name": "Abd Al Aziz Al Shenawy Street",
        "highway": "tertiary",
        "layer": "0",
        "bridge": "no",
        "tunnel": "no"
      },
      "geometry": {
        "type": "LineString",
        "coordinates": [
          [
            31.3134547,
            30.0639406
          ],
          [
            31.3135046,
            30.0639227
          ],
          [
            31.3135524,
            30.0639008
          ],
          [
            31.3135976,
            30.0638751
          ],
          [
            31.3136397,
            30.0638458
          ],
          [
            31.3136785,
            30.0638132
          ],
          [
            31.3137146,
            30.0637765
          ],
          [
            31.3137463,
            30.063737
          ],
          [
            31.3140694,
            30.0632686
          ],
          [
            31.3144164,
            30.0627622
          ],
          [
            31.3147495,
            30.0622607
          ],
          [
            31.3148371,
            30.0621317
          ],
          [
            31.3149911,
            30.0619051
          ],
          [
            31.3151457,
            30.0616803
          ],
          [
            31.315636,
            30.0609671
          ],
          [
            31.3159584,
            30.0604983
          ],
          [
            31.3159769,
            30.0604713
          ],
          [
            31.3160446,
            30.0603739
          ],
          [
            31.3168357,
            30.0592364
          ],
          [
            31.3175308,
            30.058237
          ],
          [
            31.3178526,
            30.0577715
          ],
          [
            31.3179854,
            30.0575922
          ],
          [
            31.3180894,
            30.057472
          ],
          [
            31.3181785,
            30.057378
          ],
          [
            31.3182624,
            30.0572956
          ],
          [
            31.3184984,
            30.0570965
          ],
          [
            31.3187049,
            30.0569409
          ],
          [
            31.3189289,
            30.0568081
          ],
          [
            31.3190946,
            30.0567227
          ],
          [
            31.3191811,
            30.0566781
          ],
          [
            31.3192729,
            30.0566317
          ],
          [
            31.3194353,
            30.0565619
          ],
          [
            31.3194543,
            30.0565537
          ],
          [
            31.3195003,
            30.0565353
          ],
          [
            31.319753,
            30.0564447
          ],
          [
            31.319932,
            30.0563884
          ],
          [
            31.3201564,
            30.056327
          ],
          [
            31.3202438,
            30.0563072
          ],
          [
            31.320481,
            30.0562649
          ],
          [
            31.3207441,
            30.0562351
          ],
          [
            31.3209218,
            30.0562186
          ],
          [
            31.3209948,
            30.0562128
          ],
          [
            31.3211645,
            30.0562207
          ],
          [
            31.3221839,
            30.0563193
          ],
          [
            31.3224365,
            30.0563322
          ],
          [
            31.3228364,
            30.0563766
          ],
          [
            31.323069,
            30.0564024
          ],
          [
            31.3240963,
            30.0565151
          ],
          [
            31.324234,
            30.0565285
          ],
          [
            31.3244089,
            30.0565583
          ],
          [
            31.3246376,
            30.0565775
          ],
          [
            31.3249655,
            30.0566149
          ],
          [
            31.3261433,
            30.0567536
          ],
          [
            31.3263736,
            30.0567888
          ],
          [
            31.326425,
            30.0568024
          ],
          [
            31.3264709,
            30.0568215
          ],
          [
            31.3265352,
            30.056863
          ],
          [
            31.3265964,
            30.0569076
          ]
        ]
      }
    },
    {
      "type": "Feature",
      "properties": {
        "osm_way_id": "29982385",
        "name": "Al Ta'men Street",
        "highway": "residential",
        "layer": "0",
        "bridge": "no",
        "tunnel": "no"
      },
      "geometry": {
        "type": "LineString",
        "coordinates": [
          [
            31.3257579,
            30.0606361
          ],
          [
            31.3253996,
            30.0606043
          ],
          [
            31.3247543,
            30.0605316
          ],
          [
            31.3242928,
            30.0604785
          ],
          [
            31.3236899,
            30.0603855
          ]
        ]
      }
    },
    {
      "type": "Feature",
      "properties": {
        "osm_way_id": "29982808",
        "name": "Ali Amin Street",
        "highway": "primary",
        "layer": "0",
        "bridge": "no",
        "tunnel": "no"
      },
      "geometry": {
        "type": "LineString",
        "coordinates": [
          [
            31.3383273,
            30.0540137
          ],
          [
            31.3383144,
            30.0539834
          ],
          [
            31.3382966,
            30.0539551
          ],
          [
            31.3382743,
            30.0539293
          ],
          [
            31.3382442,
            30.0539037
          ],
          [
            31.3382097,
            30.0538827
          ],
          [
            31.3381718,
            30.0538668
          ],
          [
            31.3381313,
            30.0538564
          ],
          [
            31.337822,
            30.0538254
          ],
          [
            31.3374221,
            30.0537846
          ],
          [
            31.3360403,
            30.0536375
          ],
          [
            31.3356997,
            30.0536017
          ],
          [
            31.3341155,
            30.053401
          ],
          [
            31.3328544,
            30.0532396
          ],
          [
            31.3314317,
            30.0530698
          ],
          [
            31.3312542,
            30.0530498
          ],
          [
            31.3305832,
            30.0529744
          ],
          [
            31.3304028,
            30.0529541
          ],
          [
            31.3303166,
            30.0529444
          ]
        ]
      }
    },
    {
      "type": "Feature",
      "properties": {
        "osm_way_id": "32659807",
        "name": "Sakleya Street",
        "highway": "residential",
        "layer": "0",
        "bridge": "no",
        "tunnel": "no"
      },
      "geometry": {
        "type": "LineString",
        "coordinates": [
          [
            31.3446282,
            30.0580285
          ],
          [
            31.3441021,
            30.0579708
          ],
          [
            31.3423226,
            30.0577758
          ],
          [
            31.3419467,
            30.0577346
          ],
          [
            31.3417978,
            30.0577182
          ],
          [
            31.3416878,
            30.0577062
          ],
          [
            31.3412899,
            30.0576625
          ],
          [
            31.3395773,
            30.0574748
          ],
          [
            31.339066,
            30.0574188
          ],
          [
            31.3389578,
            30.0574069
          ]
        ]
      }
    },
    {
      "type": "Feature",
      "properties": {
        "osm_way_id": "32659824",
        "name": "Zaki Rostom Street",
        "highway": "residential",
        "layer": "0",
        "bridge": "no",
        "tunnel": "no"
      },
      "geometry": {
        "type": "LineString",
        "coordinates": [
          [
            31.3405945,
            30.0609037
          ],
          [
            31.3385651,
            30.0606827
          ],
          [
            31.3384639,
            30.0606757
          ]
        ]
      }
    },
    {
      "type": "Feature",
      "properties": {
        "osm_way_id": "32659858",
        "name": "Unnamed mapped way",
        "highway": "footway",
        "layer": "0",
        "bridge": "no",
        "tunnel": "no"
      },
      "geometry": {
        "type": "LineString",
        "coordinates": [
          [
            31.337316,
            30.0627057
          ],
          [
            31.3381702,
            30.0628316
          ]
        ]
      }
    },
    {
      "type": "Feature",
      "properties": {
        "osm_way_id": "32690553",
        "name": "Al Doctor Ezzat Salama Street",
        "highway": "residential",
        "layer": "0",
        "bridge": "no",
        "tunnel": "no"
      },
      "geometry": {
        "type": "LineString",
        "coordinates": [
          [
            31.3384648,
            30.0545921
          ],
          [
            31.3393438,
            30.0546887
          ],
          [
            31.3394581,
            30.0547012
          ],
          [
            31.3414555,
            30.0549207
          ],
          [
            31.3420664,
            30.0549878
          ],
          [
            31.3423637,
            30.0550205
          ],
          [
            31.3429826,
            30.0550885
          ],
          [
            31.3450192,
            30.0553123
          ],
          [
            31.3451284,
            30.0553243
          ]
        ]
      }
    },
    {
      "type": "Feature",
      "properties": {
        "osm_way_id": "32690567",
        "name": "Mohamed Hussein Heikal Street",
        "highway": "residential",
        "layer": "0",
        "bridge": "no",
        "tunnel": "no"
      },
      "geometry": {
        "type": "LineString",
        "coordinates": [
          [
            31.3376076,
            30.0674812
          ],
          [
            31.3375676,
            30.0674382
          ],
          [
            31.3375479,
            30.0673827
          ],
          [
            31.3376195,
            30.0669005
          ],
          [
            31.3376337,
            30.0667994
          ],
          [
            31.3377862,
            30.0655901
          ],
          [
            31.3379441,
            30.0644129
          ],
          [
            31.3379546,
            30.0643265
          ],
          [
            31.3381247,
            30.0631203
          ],
          [
            31.3381394,
            30.0630199
          ],
          [
            31.3381702,
            30.0628316
          ],
          [
            31.3382404,
            30.0623219
          ],
          [
            31.3382742,
            30.0621138
          ],
          [
            31.3383734,
            30.0613979
          ],
          [
            31.3383873,
            30.0613042
          ],
          [
            31.3384639,
            30.0606757
          ],
          [
            31.3385689,
            30.0599927
          ],
          [
            31.3387608,
            30.0587662
          ],
          [
            31.3387784,
            30.0586596
          ],
          [
            31.3389578,
            30.0574069
          ],
          [
            31.3390737,
            30.0565755
          ],
          [
            31.3391423,
            30.0560889
          ],
          [
            31.3392332,
            30.0554283
          ],
          [
            31.3393296,
            30.0547905
          ],
          [
            31.3393438,
            30.0546887
          ]
        ]
      }
    },
    {
      "type": "Feature",
      "properties": {
        "osm_way_id": "32690576",
        "name": "Mohamed Idris Street",
        "highway": "residential",
        "layer": "0",
        "bridge": "no",
        "tunnel": "no"
      },
      "geometry": {
        "type": "LineString",
        "coordinates": [
          [
            31.3412518,
            30.0563154
          ],
          [
            31.3413456,
            30.0556396
          ],
          [
            31.3414418,
            30.0550163
          ],
          [
            31.3414555,
            30.0549207
          ]
        ]
      }
    },
    {
      "type": "Feature",
      "properties": {
        "osm_way_id": "32690582",
        "name": "Unnamed mapped way",
        "highway": "residential",
        "layer": "0",
        "bridge": "no",
        "tunnel": "no"
      },
      "geometry": {
        "type": "LineString",
        "coordinates": [
          [
            31.3424692,
            30.0543379
          ],
          [
            31.3423637,
            30.0550205
          ],
          [
            31.3423494,
            30.0551134
          ]
        ]
      }
    },
    {
      "type": "Feature",
      "properties": {
        "osm_way_id": "32690591",
        "name": "Unnamed mapped way",
        "highway": "residential",
        "layer": "0",
        "bridge": "no",
        "tunnel": "no"
      },
      "geometry": {
        "type": "LineString",
        "coordinates": [
          [
            31.3420538,
            30.0550818
          ],
          [
            31.3420664,
            30.0549878
          ],
          [
            31.3421584,
            30.0543041
          ]
        ]
      }
    },
    {
      "type": "Feature",
      "properties": {
        "osm_way_id": "32690620",
        "name": "Kaboul Street",
        "highway": "residential",
        "layer": "0",
        "bridge": "no",
        "tunnel": "no"
      },
      "geometry": {
        "type": "LineString",
        "coordinates": [
          [
            31.3452274,
            30.0546407
          ],
          [
            31.3451284,
            30.0553243
          ],
          [
            31.3451161,
            30.0554092
          ],
          [
            31.3449278,
            30.05671
          ],
          [
            31.3447423,
            30.0579914
          ],
          [
            31.3447238,
            30.0581188
          ],
          [
            31.344548,
            30.059333
          ],
          [
            31.3443579,
            30.0606461
          ],
          [
            31.3441709,
            30.0619376
          ],
          [
            31.3441558,
            30.0620418
          ]
        ]
      }
    },
    {
      "type": "Feature",
      "properties": {
        "osm_way_id": "32690631",
        "name": "Kaboul Street",
        "highway": "residential",
        "layer": "0",
        "bridge": "no",
        "tunnel": "no"
      },
      "geometry": {
        "type": "LineString",
        "coordinates": [
          [
            31.3440522,
            30.0620302
          ],
          [
            31.3440672,
            30.0619262
          ],
          [
            31.3441599,
            30.0612821
          ],
          [
            31.3442531,
            30.0606343
          ],
          [
            31.3444421,
            30.0593214
          ],
          [
            31.344537,
            30.0586625
          ],
          [
            31.3446282,
            30.0580285
          ],
          [
            31.3448197,
            30.0566984
          ],
          [
            31.344913,
            30.0560504
          ],
          [
            31.345007,
            30.0553975
          ],
          [
            31.3450192,
            30.0553123
          ],
          [
            31.3451176,
            30.0546287
          ]
        ]
      }
    },
    {
      "type": "Feature",
      "properties": {
        "osm_way_id": "32690678",
        "name": "Tripoli Street",
        "highway": "residential",
        "layer": "0",
        "bridge": "no",
        "tunnel": "no"
      },
      "geometry": {
        "type": "LineString",
        "coordinates": [
          [
            31.3390806,
            30.0587338
          ],
          [
            31.3388684,
            30.0587686
          ],
          [
            31.3387608,
            30.0587662
          ],
          [
            31.3378774,
            30.058678
          ]
        ]
      }
    },
    {
      "type": "Feature",
      "properties": {
        "osm_way_id": "32691445",
        "name": "Abou Dawoud Al Zahery Street",
        "highway": "tertiary",
        "layer": "0",
        "bridge": "no",
        "tunnel": "no"
      },
      "geometry": {
        "type": "LineString",
        "coordinates": [
          [
            31.3455019,
            30.0601095
          ],
          [
            31.3455146,
            30.0601409
          ],
          [
            31.3455324,
            30.0601702
          ],
          [
            31.345555,
            30.060197
          ],
          [
            31.345582,
            30.0602206
          ],
          [
            31.3456162,
            30.0602425
          ],
          [
            31.3456541,
            30.0602592
          ],
          [
            31.3456947,
            30.0602703
          ],
          [
            31.3461039,
            30.0603338
          ],
          [
            31.3466961,
            30.0604003
          ],
          [
            31.3469111,
            30.0604245
          ],
          [
            31.3498601,
            30.0607557
          ],
          [
            31.3510834,
            30.0609143
          ],
          [
            31.3512747,
            30.0609362
          ],
          [
            31.3518364,
            30.0610017
          ],
          [
            31.3534286,
            30.0611748
          ],
          [
            31.3537073,
            30.0612051
          ],
          [
            31.3557892,
            30.0614316
          ],
          [
            31.3566523,
            30.0615236
          ],
          [
            31.3569963,
            30.0615449
          ],
          [
            31.3570951,
            30.0615458
          ],
          [
            31.3572131,
            30.0615408
          ],
          [
            31.3573305,
            30.0615292
          ],
          [
            31.3575709,
            30.0614954
          ],
          [
            31.3577006,
            30.061471
          ],
          [
            31.3577677,
            30.0614526
          ],
          [
            31.3578315,
            30.0614269
          ],
          [
            31.3578911,
            30.0613945
          ],
          [
            31.3579454,
            30.0613558
          ]
        ]
      }
    },
    {
      "type": "Feature",
      "properties": {
        "osm_way_id": "32691561",
        "name": "Moaz Al Dawla Street",
        "highway": "residential",
        "layer": "0",
        "bridge": "no",
        "tunnel": "no"
      },
      "geometry": {
        "type": "LineString",
        "coordinates": [
          [
            31.3570117,
            30.0607867
          ],
          [
            31.3569171,
            30.0607762
          ],
          [
            31.3564149,
            30.0607206
          ],
          [
            31.3556045,
            30.0606308
          ],
          [
            31.3538093,
            30.060432
          ],
          [
            31.3535485,
            30.0604031
          ],
          [
            31.3499632,
            30.060006
          ],
          [
            31.3470809,
            30.0596867
          ],
          [
            31.3465787,
            30.0596311
          ],
          [
            31.3455876,
            30.0595213
          ]
        ]
      }
    },
    {
      "type": "Feature",
      "properties": {
        "osm_way_id": "32692020",
        "name": "Tripoli Street",
        "highway": "residential",
        "layer": "0",
        "bridge": "no",
        "tunnel": "no"
      },
      "geometry": {
        "type": "LineString",
        "coordinates": [
          [
            31.344548,
            30.059333
          ],
          [
            31.3444421,
            30.0593214
          ],
          [
            31.3439329,
            30.0592656
          ],
          [
            31.342158,
            30.0590711
          ],
          [
            31.3417666,
            30.0590282
          ],
          [
            31.3416245,
            30.0590126
          ],
          [
            31.3415327,
            30.0590025
          ],
          [
            31.3411155,
            30.0589568
          ],
          [
            31.3393554,
            30.0587639
          ],
          [
            31.3390806,
            30.0587338
          ]
        ]
      }
    },
    {
      "type": "Feature",
      "properties": {
        "osm_way_id": "32692554",
        "name": "Unnamed mapped way",
        "highway": "residential",
        "layer": "0",
        "bridge": "no",
        "tunnel": "no"
      },
      "geometry": {
        "type": "LineString",
        "coordinates": [
          [
            31.336163,
            30.0629899
          ],
          [
            31.337003,
            30.0630957
          ]
        ]
      }
    },
    {
      "type": "Feature",
      "properties": {
        "osm_way_id": "32693292",
        "name": "Abd Al Rahman Sedki Street",
        "highway": "residential",
        "layer": "0",
        "bridge": "no",
        "tunnel": "no"
      },
      "geometry": {
        "type": "LineString",
        "coordinates": [
          [
            31.3396891,
            30.0566383
          ],
          [
            31.3391839,
            30.0565872
          ],
          [
            31.3390737,
            30.0565755
          ]
        ]
      }
    },
    {
      "type": "Feature",
      "properties": {
        "osm_way_id": "35560243",
        "name": "Unnamed mapped way",
        "highway": "footway",
        "layer": "0",
        "bridge": "no",
        "tunnel": "no"
      },
      "geometry": {
        "type": "LineString",
        "coordinates": [
          [
            31.3454337,
            30.0616672
          ],
          [
            31.345725,
            30.0616992
          ],
          [
            31.3467394,
            30.0617992
          ],
          [
            31.3468091,
            30.0618073
          ],
          [
            31.3468534,
            30.0618137
          ],
          [
            31.346907,
            30.0618227
          ]
        ]
      }
    },
    {
      "type": "Feature",
      "properties": {
        "osm_way_id": "35582965",
        "name": "Abd Al Hamid Abd Al Wahab Street",
        "highway": "residential",
        "layer": "0",
        "bridge": "no",
        "tunnel": "no"
      },
      "geometry": {
        "type": "LineString",
        "coordinates": [
          [
            31.3470844,
            30.0476265
          ],
          [
            31.344156,
            30.0473328
          ]
        ]
      }
    },
    {
      "type": "Feature",
      "properties": {
        "osm_way_id": "35583095",
        "name": "Hosny Al Hdidy Street",
        "highway": "residential",
        "layer": "0",
        "bridge": "no",
        "tunnel": "no"
      },
      "geometry": {
        "type": "LineString",
        "coordinates": [
          [
            31.3435485,
            30.0515821
          ],
          [
            31.3434546,
            30.0521961
          ],
          [
            31.3433609,
            30.0528109
          ]
        ]
      }
    },
    {
      "type": "Feature",
      "properties": {
        "osm_way_id": "35583110",
        "name": "Mohamed Abd Al Azim Salam Street",
        "highway": "residential",
        "layer": "0",
        "bridge": "no",
        "tunnel": "no"
      },
      "geometry": {
        "type": "LineString",
        "coordinates": [
          [
            31.3455141,
            30.0524203
          ],
          [
            31.3434546,
            30.0521961
          ]
        ]
      }
    },
    {
      "type": "Feature",
      "properties": {
        "osm_way_id": "36940670",
        "name": "Unnamed mapped way",
        "highway": "service",
        "layer": "0",
        "bridge": "no",
        "tunnel": "no"
      },
      "geometry": {
        "type": "LineString",
        "coordinates": [
          [
            31.3386904,
            30.0487249
          ],
          [
            31.3383647,
            30.048632
          ],
          [
            31.3382101,
            30.0485922
          ],
          [
            31.3381642,
            30.0485772
          ],
          [
            31.3381195,
            30.0485596
          ],
          [
            31.3380796,
            30.0485431
          ],
          [
            31.3380263,
            30.0485235
          ],
          [
            31.337913,
            30.0484946
          ],
          [
            31.3378456,
            30.0484805
          ],
          [
            31.337777,
            30.0484722
          ],
          [
            31.3377077,
            30.0484697
          ],
          [
            31.3370902,
            30.0484702
          ],
          [
            31.3369586,
            30.0484839
          ],
          [
            31.3369017,
            30.0484926
          ],
          [
            31.336793,
            30.0485195
          ],
          [
            31.3367125,
            30.0485419
          ],
          [
            31.3365292,
            30.0486089
          ],
          [
            31.336365,
            30.048669
          ],
          [
            31.3359925,
            30.0488052
          ]
        ]
      }
    },
    {
      "type": "Feature",
      "properties": {
        "osm_way_id": "36940671",
        "name": "Unnamed mapped way",
        "highway": "service",
        "layer": "0",
        "bridge": "no",
        "tunnel": "no"
      },
      "geometry": {
        "type": "LineString",
        "coordinates": [
          [
            31.334536,
            30.0483752
          ],
          [
            31.3348808,
            30.0483807
          ],
          [
            31.3349655,
            30.0483859
          ],
          [
            31.3350664,
            30.0483968
          ],
          [
            31.3351578,
            30.0484134
          ],
          [
            31.3353109,
            30.0484541
          ],
          [
            31.3354394,
            30.0484949
          ],
          [
            31.3355298,
            30.048526
          ],
          [
            31.335591,
            30.0485471
          ],
          [
            31.3356355,
            30.0485673
          ],
          [
            31.3356747,
            30.0485852
          ],
          [
            31.3357358,
            30.048618
          ],
          [
            31.335755,
            30.0486284
          ],
          [
            31.3358437,
            30.0486816
          ],
          [
            31.3359925,
            30.0488052
          ],
          [
            31.3362345,
            30.0490399
          ],
          [
            31.3363198,
            30.0491339
          ],
          [
            31.3364049,
            30.0492337
          ],
          [
            31.3364946,
            30.0493545
          ],
          [
            31.3366168,
            30.0495321
          ],
          [
            31.3367492,
            30.0497945
          ],
          [
            31.3368496,
            30.0500095
          ],
          [
            31.3369698,
            30.0502202
          ],
          [
            31.3370102,
            30.0503058
          ],
          [
            31.33704,
            30.0503863
          ],
          [
            31.3370547,
            30.0504741
          ],
          [
            31.3370553,
            30.0505628
          ],
          [
            31.3370338,
            30.0506669
          ],
          [
            31.3370064,
            30.050746
          ],
          [
            31.3369633,
            30.0508301
          ],
          [
            31.3369019,
            30.0508999
          ]
        ]
      }
    },
    {
      "type": "Feature",
      "properties": {
        "osm_way_id": "36940673",
        "name": "Unnamed mapped way",
        "highway": "service",
        "layer": "0",
        "bridge": "no",
        "tunnel": "no"
      },
      "geometry": {
        "type": "LineString",
        "coordinates": [
          [
            31.3349655,
            30.0483859
          ],
          [
            31.3349526,
            30.0480787
          ],
          [
            31.3349514,
            30.0479391
          ],
          [
            31.3349573,
            30.0477996
          ],
          [
            31.3349825,
            30.0475412
          ],
          [
            31.3350105,
            30.0473086
          ],
          [
            31.3350568,
            30.0470181
          ],
          [
            31.335068,
            30.0469688
          ],
          [
            31.3350856,
            30.046921
          ],
          [
            31.3351093,
            30.0468751
          ],
          [
            31.3351388,
            30.0468319
          ],
          [
            31.3351816,
            30.046784
          ],
          [
            31.3352316,
            30.0467416
          ],
          [
            31.3352877,
            30.0467054
          ],
          [
            31.3353485,
            30.046674
          ],
          [
            31.3354132,
            30.0466491
          ],
          [
            31.3354808,
            30.0466311
          ],
          [
            31.3355481,
            30.0466204
          ],
          [
            31.3356163,
            30.0466165
          ],
          [
            31.3356847,
            30.0466195
          ],
          [
            31.3357683,
            30.0466249
          ],
          [
            31.3358467,
            30.0466319
          ],
          [
            31.3358825,
            30.0466329
          ],
          [
            31.3359615,
            30.0466346
          ],
          [
            31.3360706,
            30.0466323
          ],
          [
            31.3361862,
            30.0466282
          ],
          [
            31.3362641,
            30.0466229
          ],
          [
            31.3363469,
            30.0466219
          ],
          [
            31.3364235,
            30.0466241
          ],
          [
            31.3365041,
            30.0466346
          ],
          [
            31.3365941,
            30.046653
          ],
          [
            31.336682,
            30.0466782
          ],
          [
            31.3367669,
            30.04671
          ],
          [
            31.3368491,
            30.0467507
          ],
          [
            31.3368869,
            30.0467766
          ],
          [
            31.3369188,
            30.0468079
          ],
          [
            31.336944,
            30.0468435
          ],
          [
            31.3369604,
            30.0468795
          ],
          [
            31.3369699,
            30.0469174
          ],
          [
            31.3369721,
            30.0469561
          ],
          [
            31.3369713,
            30.0469934
          ],
          [
            31.3369699,
            30.0474287
          ],
          [
            31.3369466,
            30.0477885
          ],
          [
            31.3369152,
            30.04826
          ],
          [
            31.3369017,
            30.0484926
          ]
        ]
      }
    },
    {
      "type": "Feature",
      "properties": {
        "osm_way_id": "36940674",
        "name": "Unnamed mapped way",
        "highway": "service",
        "layer": "0",
        "bridge": "no",
        "tunnel": "no"
      },
      "geometry": {
        "type": "LineString",
        "coordinates": [
          [
            31.3358557,
            30.0473572
          ],
          [
            31.3357892,
            30.0473695
          ],
          [
            31.3357495,
            30.0473741
          ],
          [
            31.3357059,
            30.0473745
          ],
          [
            31.3356593,
            30.0473715
          ],
          [
            31.3354674,
            30.0473543
          ],
          [
            31.3354313,
            30.0473501
          ],
          [
            31.3350105,
            30.0473086
          ]
        ]
      }
    },
    {
      "type": "Feature",
      "properties": {
        "osm_way_id": "36940675",
        "name": "Unnamed mapped way",
        "highway": "footway",
        "layer": "0",
        "bridge": "no",
        "tunnel": "no"
      },
      "geometry": {
        "type": "LineString",
        "coordinates": [
          [
            31.3372819,
            30.0475412
          ],
          [
            31.337353,
            30.0474553
          ],
          [
            31.3373584,
            30.0474497
          ],
          [
            31.3373657,
            30.047446
          ],
          [
            31.3373741,
            30.0474447
          ],
          [
            31.3373825,
            30.047446
          ],
          [
            31.3376308,
            30.0474789
          ],
          [
            31.337643,
            30.04748
          ],
          [
            31.3376544,
            30.0474759
          ],
          [
            31.3376622,
            30.0474677
          ],
          [
            31.3376647,
            30.0474573
          ],
          [
            31.3377261,
            30.0470187
          ],
          [
            31.3377316,
            30.0469794
          ],
          [
            31.3377328,
            30.0469684
          ],
          [
            31.3377275,
            30.0469583
          ],
          [
            31.3377171,
            30.046952
          ],
          [
            31.3377044,
            30.046951
          ],
          [
            31.3374227,
            30.046959
          ]
        ]
      }
    },
    {
      "type": "Feature",
      "properties": {
        "osm_way_id": "36940676",
        "name": "Unnamed mapped way",
        "highway": "service",
        "layer": "0",
        "bridge": "no",
        "tunnel": "no"
      },
      "geometry": {
        "type": "LineString",
        "coordinates": [
          [
            31.3369633,
            30.0508301
          ],
          [
            31.3369748,
            30.0509959
          ],
          [
            31.3369801,
            30.0510403
          ],
          [
            31.3369943,
            30.0510833
          ],
          [
            31.3370169,
            30.0511234
          ],
          [
            31.3370472,
            30.0511596
          ],
          [
            31.3370795,
            30.0511871
          ],
          [
            31.3371162,
            30.0512101
          ],
          [
            31.3371566,
            30.0512279
          ],
          [
            31.3371997,
            30.0512402
          ],
          [
            31.3372457,
            30.0512466
          ],
          [
            31.3373314,
            30.0512577
          ],
          [
            31.3374192,
            30.0512624
          ],
          [
            31.3375072,
            30.0512606
          ],
          [
            31.3376131,
            30.0512497
          ],
          [
            31.3377172,
            30.0512296
          ],
          [
            31.3378184,
            30.0512002
          ],
          [
            31.3378806,
            30.0511774
          ],
          [
            31.3379401,
            30.0511496
          ],
          [
            31.3379964,
            30.0511173
          ],
          [
            31.338049,
            30.0510806
          ],
          [
            31.3381041,
            30.0510338
          ],
          [
            31.3381533,
            30.0509822
          ],
          [
            31.3381958,
            30.0509264
          ],
          [
            31.3382314,
            30.0508671
          ],
          [
            31.3382508,
            30.0508083
          ],
          [
            31.3382609,
            30.0507486
          ],
          [
            31.3382631,
            30.0507027
          ],
          [
            31.338265,
            30.05065
          ],
          [
            31.33825,
            30.0505525
          ],
          [
            31.3382287,
            30.0504666
          ],
          [
            31.3381834,
            30.0503654
          ],
          [
            31.3381429,
            30.0502878
          ],
          [
            31.3380329,
            30.0500939
          ],
          [
            31.3380144,
            30.0500555
          ],
          [
            31.3379973,
            30.0500144
          ],
          [
            31.3379873,
            30.0499716
          ],
          [
            31.3379846,
            30.0499279
          ],
          [
            31.3379852,
            30.0498996
          ],
          [
            31.3379852,
            30.0498989
          ],
          [
            31.3379914,
            30.0498658
          ],
          [
            31.3380033,
            30.0498374
          ],
          [
            31.3380245,
            30.0497951
          ],
          [
            31.338053,
            30.0497561
          ],
          [
            31.3381347,
            30.049675
          ],
          [
            31.3384259,
            30.049481
          ],
          [
            31.3384736,
            30.0494444
          ],
          [
            31.3385156,
            30.0494028
          ],
          [
            31.3385513,
            30.0493571
          ],
          [
            31.3385801,
            30.0493078
          ],
          [
            31.3386016,
            30.0492558
          ],
          [
            31.3386161,
            30.0491974
          ],
          [
            31.3386213,
            30.0491379
          ],
          [
            31.3386172,
            30.0490783
          ],
          [
            31.3386039,
            30.0490197
          ],
          [
            31.3385814,
            30.0489633
          ],
          [
            31.3385439,
            30.0488925
          ],
          [
            31.3384718,
            30.0487958
          ],
          [
            31.3383647,
            30.048632
          ]
        ]
      }
    },
    {
      "type": "Feature",
      "properties": {
        "osm_way_id": "36940677",
        "name": "Unnamed mapped way",
        "highway": "service",
        "layer": "0",
        "bridge": "no",
        "tunnel": "no"
      },
      "geometry": {
        "type": "LineString",
        "coordinates": [
          [
            31.3378126,
            30.0494102
          ],
          [
            31.3379059,
            30.0491981
          ],
          [
            31.337935,
            30.0491458
          ],
          [
            31.337968,
            30.049096
          ],
          [
            31.3380155,
            30.0490341
          ],
          [
            31.3380723,
            30.0489724
          ],
          [
            31.338135,
            30.0489152
          ],
          [
            31.3382032,
            30.0488628
          ],
          [
            31.3382626,
            30.0488361
          ],
          [
            31.3383253,
            30.0488158
          ],
          [
            31.3383978,
            30.0488014
          ],
          [
            31.3384718,
            30.0487958
          ]
        ]
      }
    },
    {
      "type": "Feature",
      "properties": {
        "osm_way_id": "36940678",
        "name": "Unnamed mapped way",
        "highway": "service",
        "layer": "0",
        "bridge": "no",
        "tunnel": "no"
      },
      "geometry": {
        "type": "LineString",
        "coordinates": [
          [
            31.3381347,
            30.049675
          ],
          [
            31.337866,
            30.049445
          ],
          [
            31.3378411,
            30.0494256
          ],
          [
            31.3378126,
            30.0494102
          ],
          [
            31.3377737,
            30.0493975
          ],
          [
            31.3377325,
            30.0493924
          ],
          [
            31.3376909,
            30.0493951
          ],
          [
            31.3376322,
            30.0494032
          ],
          [
            31.3375751,
            30.0494174
          ],
          [
            31.337518,
            30.049439
          ],
          [
            31.3374637,
            30.0494656
          ],
          [
            31.337412,
            30.0495002
          ],
          [
            31.3373584,
            30.0495361
          ],
          [
            31.3373446,
            30.0495422
          ],
          [
            31.3373281,
            30.0495471
          ],
          [
            31.3373087,
            30.0495483
          ],
          [
            31.3372876,
            30.0495445
          ],
          [
            31.3372686,
            30.0495358
          ],
          [
            31.3372531,
            30.0495228
          ],
          [
            31.3371855,
            30.0494588
          ],
          [
            31.3371257,
            30.0493893
          ],
          [
            31.3371018,
            30.0493486
          ],
          [
            31.3370891,
            30.0493169
          ],
          [
            31.3370821,
            30.0492593
          ],
          [
            31.3370856,
            30.0492206
          ],
          [
            31.3370961,
            30.0491829
          ],
          [
            31.3371134,
            30.0491471
          ],
          [
            31.3371371,
            30.0491142
          ],
          [
            31.337182,
            30.0490707
          ],
          [
            31.3372698,
            30.0490062
          ],
          [
            31.337319,
            30.0489734
          ],
          [
            31.3373932,
            30.0489354
          ],
          [
            31.337553,
            30.0488625
          ],
          [
            31.3375994,
            30.0488471
          ],
          [
            31.3376373,
            30.0488344
          ],
          [
            31.3376852,
            30.0488219
          ],
          [
            31.3377151,
            30.0488141
          ],
          [
            31.3377944,
            30.0487986
          ],
          [
            31.3378747,
            30.048788
          ],
          [
            31.3379308,
            30.0487837
          ],
          [
            31.3379876,
            30.0487837
          ],
          [
            31.3380437,
            30.0487915
          ],
          [
            31.3381015,
            30.0488083
          ],
          [
            31.3381552,
            30.0488335
          ],
          [
            31.3382032,
            30.0488628
          ]
        ]
      }
    },
    {
      "type": "Feature",
      "properties": {
        "osm_way_id": "36940679",
        "name": "Unnamed mapped way",
        "highway": "service",
        "layer": "0",
        "bridge": "no",
        "tunnel": "no"
      },
      "geometry": {
        "type": "LineString",
        "coordinates": [
          [
            31.3381429,
            30.0502878
          ],
          [
            31.3380503,
            30.0503286
          ],
          [
            31.3379793,
            30.0503505
          ],
          [
            31.3379102,
            30.0503625
          ],
          [
            31.3378244,
            30.0503674
          ],
          [
            31.3377599,
            30.0503657
          ],
          [
            31.3376963,
            30.0503598
          ],
          [
            31.3376483,
            30.0503494
          ],
          [
            31.337602,
            30.0503343
          ],
          [
            31.3375582,
            30.0503145
          ],
          [
            31.3374945,
            30.0502756
          ],
          [
            31.337437,
            30.05023
          ],
          [
            31.3373865,
            30.0501787
          ],
          [
            31.3373456,
            30.050125
          ],
          [
            31.3373124,
            30.0500674
          ],
          [
            31.3372873,
            30.0500069
          ],
          [
            31.3372798,
            30.0499396
          ],
          [
            31.3372825,
            30.0498832
          ],
          [
            31.3373216,
            30.0495945
          ],
          [
            31.3373281,
            30.0495471
          ]
        ]
      }
    },
    {
      "type": "Feature",
      "properties": {
        "osm_way_id": "37099139",
        "name": "Moaz Al Dawla Street",
        "highway": "residential",
        "layer": "0",
        "bridge": "no",
        "tunnel": "no"
      },
      "geometry": {
        "type": "LineString",
        "coordinates": [
          [
            31.345603,
            30.0594145
          ],
          [
            31.3464776,
            30.0595125
          ],
          [
            31.3465956,
            30.0595257
          ],
          [
            31.3468218,
            30.0595511
          ],
          [
            31.3470952,
            30.0595817
          ],
          [
            31.3496586,
            30.0598689
          ],
          [
            31.3499771,
            30.0599046
          ],
          [
            31.3523645,
            30.060172
          ],
          [
            31.353564,
            30.0603064
          ],
          [
            31.3538215,
            30.0603353
          ],
          [
            31.3556167,
            30.0605364
          ],
          [
            31.3563935,
            30.0606234
          ],
          [
            31.3569034,
            30.0606805
          ],
          [
            31.3570013,
            30.0606915
          ]
        ]
      }
    },
    {
      "type": "Feature",
      "properties": {
        "osm_way_id": "37711819",
        "name": "Unnamed mapped way",
        "highway": "footway",
        "layer": "0",
        "bridge": "no",
        "tunnel": "no"
      },
      "geometry": {
        "type": "LineString",
        "coordinates": [
          [
            31.345805,
            30.0626268
          ],
          [
            31.3458278,
            30.062649
          ],
          [
            31.345842,
            30.0626593
          ],
          [
            31.345863,
            30.0626708
          ],
          [
            31.3458938,
            30.0626796
          ],
          [
            31.3459216,
            30.062686
          ],
          [
            31.3459539,
            30.0626895
          ],
          [
            31.3463214,
            30.0627196
          ],
          [
            31.3471734,
            30.0627983
          ],
          [
            31.347371,
            30.0628206
          ],
          [
            31.3474703,
            30.0628334
          ],
          [
            31.3475771,
            30.0628474
          ],
          [
            31.3482589,
            30.0629309
          ],
          [
            31.34865,
            30.0629693
          ]
        ]
      }
    },
    {
      "type": "Feature",
      "properties": {
        "osm_way_id": "37711821",
        "name": "Unnamed mapped way",
        "highway": "footway",
        "layer": "0",
        "bridge": "no",
        "tunnel": "no"
      },
      "geometry": {
        "type": "LineString",
        "coordinates": [
          [
            31.3467761,
            30.0608849
          ],
          [
            31.346293,
            30.0608238
          ],
          [
            31.3462492,
            30.0608207
          ],
          [
            31.3462177,
            30.0608207
          ],
          [
            31.3461687,
            30.0608283
          ],
          [
            31.3461286,
            30.0608405
          ],
          [
            31.346066,
            30.0608686
          ],
          [
            31.345767,
            30.0610239
          ],
          [
            31.3457322,
            30.0610442
          ],
          [
            31.3457047,
            30.0610674
          ],
          [
            31.3456833,
            30.061097
          ],
          [
            31.3456699,
            30.0611287
          ],
          [
            31.345637,
            30.0612432
          ],
          [
            31.3456285,
            30.0613007
          ],
          [
            31.3456276,
            30.0613436
          ],
          [
            31.3456353,
            30.0613862
          ],
          [
            31.34565,
            30.0614249
          ],
          [
            31.3456933,
            30.0614983
          ],
          [
            31.3457148,
            30.0615346
          ],
          [
            31.3457305,
            30.0615708
          ],
          [
            31.3457342,
            30.0616315
          ],
          [
            31.3457289,
            30.0616715
          ],
          [
            31.345725,
            30.0616992
          ],
          [
            31.3457175,
            30.0617429
          ],
          [
            31.3456994,
            30.0617821
          ],
          [
            31.3456772,
            30.0618185
          ],
          [
            31.3456144,
            30.0618807
          ],
          [
            31.3455786,
            30.0619226
          ],
          [
            31.3455478,
            30.0619629
          ],
          [
            31.3455257,
            30.0620081
          ],
          [
            31.3455127,
            30.0620533
          ],
          [
            31.3454869,
            30.0621892
          ],
          [
            31.3454806,
            30.0622307
          ],
          [
            31.3454855,
            30.0622724
          ],
          [
            31.3455013,
            30.0623119
          ],
          [
            31.3455272,
            30.0623473
          ],
          [
            31.3457682,
            30.0625902
          ],
          [
            31.345805,
            30.0626268
          ]
        ]
      }
    },
    {
      "type": "Feature",
      "properties": {
        "osm_way_id": "37718130",
        "name": "Al Sheikh Ahmed Al Sawi Street",
        "highway": "residential",
        "layer": "0",
        "bridge": "no",
        "tunnel": "no"
      },
      "geometry": {
        "type": "LineString",
        "coordinates": [
          [
            31.3471317,
            30.0569697
          ],
          [
            31.3469417,
            30.0570186
          ],
          [
            31.3468274,
            30.0570048
          ],
          [
            31.3459704,
            30.0569023
          ]
        ]
      }
    },
    {
      "type": "Feature",
      "properties": {
        "osm_way_id": "37718131",
        "name": "Al Sheikh Ahmed Al Sawi Street",
        "highway": "residential",
        "layer": "0",
        "bridge": "no",
        "tunnel": "no"
      },
      "geometry": {
        "type": "LineString",
        "coordinates": [
          [
            31.3459906,
            30.0567605
          ],
          [
            31.3468485,
            30.0568653
          ],
          [
            31.3469639,
            30.0568795
          ],
          [
            31.3471317,
            30.0569697
          ]
        ]
      }
    },
    {
      "type": "Feature",
      "properties": {
        "osm_way_id": "37718147",
        "name": "Sakleya Street",
        "highway": "residential",
        "layer": "0",
        "bridge": "no",
        "tunnel": "no"
      },
      "geometry": {
        "type": "LineString",
        "coordinates": [
          [
            31.3455821,
            30.0582114
          ],
          [
            31.3447238,
            30.0581188
          ],
          [
            31.3447006,
            30.0581079
          ],
          [
            31.3446794,
            30.0580941
          ],
          [
            31.3446581,
            30.0580749
          ],
          [
            31.3446409,
            30.0580529
          ],
          [
            31.3446282,
            30.0580285
          ]
        ]
      }
    },
    {
      "type": "Feature",
      "properties": {
        "osm_way_id": "37789102",
        "name": "Al Tayaran Street",
        "highway": "secondary",
        "layer": "0",
        "bridge": "no",
        "tunnel": "no"
      },
      "geometry": {
        "type": "LineString",
        "coordinates": [
          [
            31.3252168,
            30.0651745
          ],
          [
            31.3252221,
            30.0651328
          ],
          [
            31.3252503,
            30.0649127
          ],
          [
            31.3253187,
            30.0644511
          ],
          [
            31.3253338,
            30.0643493
          ],
          [
            31.3254035,
            30.0638789
          ],
          [
            31.3254191,
            30.0637741
          ],
          [
            31.325469,
            30.0634371
          ],
          [
            31.3254803,
            30.0633607
          ],
          [
            31.3255241,
            30.0630654
          ],
          [
            31.3255371,
            30.0629774
          ],
          [
            31.3256222,
            30.0623903
          ],
          [
            31.3256925,
            30.0619061
          ],
          [
            31.3257072,
            30.061795
          ],
          [
            31.3257165,
            30.0617217
          ]
        ]
      }
    },
    {
      "type": "Feature",
      "properties": {
        "osm_way_id": "38329665",
        "name": "Mohamed Moustafa Hamam Street",
        "highway": "residential",
        "layer": "0",
        "bridge": "no",
        "tunnel": "no"
      },
      "geometry": {
        "type": "LineString",
        "coordinates": [
          [
            31.336163,
            30.0629899
          ],
          [
            31.3361321,
            30.0632019
          ],
          [
            31.3360858,
            30.0635204
          ],
          [
            31.3360086,
            30.0640506
          ],
          [
            31.3359869,
            30.0641991
          ],
          [
            31.3359644,
            30.0643539
          ],
          [
            31.3359117,
            30.0647159
          ],
          [
            31.3358147,
            30.0653818
          ],
          [
            31.3357933,
            30.0655297
          ],
          [
            31.3357738,
            30.065665
          ],
          [
            31.3356271,
            30.0665455
          ]
        ]
      }
    },
    {
      "type": "Feature",
      "properties": {
        "osm_way_id": "39530065",
        "name": "Ezz Al Din Taha Street",
        "highway": "residential",
        "layer": "0",
        "bridge": "no",
        "tunnel": "no"
      },
      "geometry": {
        "type": "LineString",
        "coordinates": [
          [
            31.3272913,
            30.0581464
          ],
          [
            31.3273103,
            30.0581569
          ],
          [
            31.3273295,
            30.0581625
          ],
          [
            31.3273495,
            30.0581664
          ],
          [
            31.3281893,
            30.0582374
          ],
          [
            31.3282316,
            30.0582352
          ],
          [
            31.328272,
            30.058224
          ],
          [
            31.328308,
            30.0582046
          ],
          [
            31.3283374,
            30.0581782
          ],
          [
            31.3283584,
            30.0581463
          ],
          [
            31.3283689,
            30.0581032
          ]
        ]
      }
    },
    {
      "type": "Feature",
      "properties": {
        "osm_way_id": "40963222",
        "name": "Unnamed mapped way",
        "highway": "footway",
        "layer": "0",
        "bridge": "no",
        "tunnel": "no"
      },
      "geometry": {
        "type": "LineString",
        "coordinates": [
          [
            31.3327406,
            30.0540575
          ],
          [
            31.3328544,
            30.0532396
          ]
        ]
      }
    },
    {
      "type": "Feature",
      "properties": {
        "osm_way_id": "41036024",
        "name": "Unnamed mapped way",
        "highway": "residential",
        "layer": "0",
        "bridge": "no",
        "tunnel": "no"
      },
      "geometry": {
        "type": "LineString",
        "coordinates": [
          [
            31.3304034,
            30.0600897
          ],
          [
            31.331258,
            30.0601967
          ],
          [
            31.3312843,
            30.0602008
          ],
          [
            31.3313076,
            30.0602146
          ],
          [
            31.3313209,
            30.0602362
          ],
          [
            31.3313212,
            30.0602606
          ],
          [
            31.3312936,
            30.0604868
          ],
          [
            31.3312573,
            30.0607844
          ],
          [
            31.3311769,
            30.0613842
          ]
        ]
      }
    },
    {
      "type": "Feature",
      "properties": {
        "osm_way_id": "41036025",
        "name": "Unnamed mapped way",
        "highway": "residential",
        "layer": "0",
        "bridge": "no",
        "tunnel": "no"
      },
      "geometry": {
        "type": "LineString",
        "coordinates": [
          [
            31.3312936,
            30.0604868
          ],
          [
            31.3317079,
            30.0605333
          ],
          [
            31.3319263,
            30.0605565
          ],
          [
            31.3330786,
            30.0606791
          ]
        ]
      }
    },
    {
      "type": "Feature",
      "properties": {
        "osm_way_id": "41242876",
        "name": "Unnamed mapped way",
        "highway": "service",
        "layer": "0",
        "bridge": "no",
        "tunnel": "no"
      },
      "geometry": {
        "type": "LineString",
        "coordinates": [
          [
            31.3349573,
            30.0477996
          ],
          [
            31.3350073,
            30.0478074
          ],
          [
            31.3350785,
            30.0478227
          ],
          [
            31.3351386,
            30.0478401
          ],
          [
            31.3351972,
            30.047861
          ],
          [
            31.3352512,
            30.0478816
          ],
          [
            31.3353074,
            30.0478973
          ],
          [
            31.3353651,
            30.0479078
          ],
          [
            31.3354238,
            30.0479132
          ],
          [
            31.3354994,
            30.0479125
          ],
          [
            31.3355743,
            30.0479032
          ],
          [
            31.3356471,
            30.0478854
          ],
          [
            31.3356925,
            30.0478729
          ],
          [
            31.3357357,
            30.0478553
          ],
          [
            31.3357759,
            30.0478332
          ],
          [
            31.3358026,
            30.0478162
          ],
          [
            31.3358295,
            30.0477915
          ],
          [
            31.3358619,
            30.0477536
          ],
          [
            31.3358865,
            30.0477206
          ],
          [
            31.3359005,
            30.0477006
          ],
          [
            31.3359084,
            30.0476893
          ],
          [
            31.3359255,
            30.0476558
          ],
          [
            31.3359375,
            30.0476207
          ],
          [
            31.3359448,
            30.0475757
          ],
          [
            31.335944,
            30.0475496
          ],
          [
            31.335943,
            30.0475307
          ],
          [
            31.3359417,
            30.0475163
          ],
          [
            31.3359341,
            30.0474855
          ],
          [
            31.3359217,
            30.0474559
          ],
          [
            31.3359048,
            30.0474281
          ],
          [
            31.3358838,
            30.0474025
          ],
          [
            31.3358665,
            30.0473755
          ],
          [
            31.3358557,
            30.0473572
          ],
          [
            31.335844,
            30.0473224
          ],
          [
            31.3358391,
            30.0472844
          ],
          [
            31.3358382,
            30.0472533
          ],
          [
            31.3358382,
            30.0470827
          ],
          [
            31.3358447,
            30.0469713
          ],
          [
            31.3358563,
            30.0468604
          ],
          [
            31.3358825,
            30.0466329
          ]
        ]
      }
    },
    {
      "type": "Feature",
      "properties": {
        "osm_way_id": "41335239",
        "name": "Mohy Al Din Abd Al Hamid Street",
        "highway": "residential",
        "layer": "0",
        "bridge": "no",
        "tunnel": "no"
      },
      "geometry": {
        "type": "LineString",
        "coordinates": [
          [
            31.3501541,
            30.0485927
          ],
          [
            31.3485377,
            30.0484233
          ],
          [
            31.3469933,
            30.0482517
          ],
          [
            31.3465824,
            30.0482149
          ],
          [
            31.3461467,
            30.0481673
          ],
          [
            31.34563,
            30.0481043
          ],
          [
            31.3440753,
            30.0479442
          ],
          [
            31.3432553,
            30.0478547
          ],
          [
            31.3426701,
            30.0477892
          ],
          [
            31.3424595,
            30.0477655
          ],
          [
            31.3423425,
            30.0477516
          ],
          [
            31.3416029,
            30.0476689
          ],
          [
            31.3408785,
            30.0475828
          ],
          [
            31.3403705,
            30.0475302
          ],
          [
            31.3394535,
            30.0474338
          ]
        ]
      }
    },
    {
      "type": "Feature",
      "properties": {
        "osm_way_id": "48455748",
        "name": "Gamal Al Din Dwidar Street",
        "highway": "residential",
        "layer": "0",
        "bridge": "no",
        "tunnel": "no"
      },
      "geometry": {
        "type": "LineString",
        "coordinates": [
          [
            31.3512729,
            30.0468249
          ],
          [
            31.3508787,
            30.0467866
          ],
          [
            31.3504176,
            30.0467364
          ],
          [
            31.3502258,
            30.0467155
          ],
          [
            31.3495445,
            30.0466436
          ],
          [
            31.3488075,
            30.0465668
          ],
          [
            31.3459242,
            30.046256
          ],
          [
            31.3435256,
            30.0460015
          ],
          [
            31.3406387,
            30.0456989
          ]
        ]
      }
    },
    {
      "type": "Feature",
      "properties": {
        "osm_way_id": "51799432",
        "name": "Al Ryadah Street",
        "highway": "tertiary",
        "layer": "0",
        "bridge": "no",
        "tunnel": "no"
      },
      "geometry": {
        "type": "LineString",
        "coordinates": [
          [
            31.3306973,
            30.0592583
          ],
          [
            31.3306222,
            30.0593283
          ],
          [
            31.3305938,
            30.0593605
          ],
          [
            31.3305702,
            30.0593945
          ],
          [
            31.3305396,
            30.0594462
          ],
          [
            31.3305105,
            30.0595186
          ],
          [
            31.3304034,
            30.0600897
          ],
          [
            31.3302817,
            30.0610395
          ],
          [
            31.330276,
            30.0610888
          ],
          [
            31.330273,
            30.0611604
          ],
          [
            31.3302791,
            30.0612261
          ]
        ]
      }
    },
    {
      "type": "Feature",
      "properties": {
        "osm_way_id": "52217985",
        "name": "Unnamed mapped way",
        "highway": "residential",
        "layer": "0",
        "bridge": "no",
        "tunnel": "no"
      },
      "geometry": {
        "type": "LineString",
        "coordinates": [
          [
            31.3367817,
            30.0585613
          ],
          [
            31.3376708,
            30.0586559
          ]
        ]
      }
    },
    {
      "type": "Feature",
      "properties": {
        "osm_way_id": "52218015",
        "name": "Unnamed mapped way",
        "highway": "residential",
        "layer": "0",
        "bridge": "no",
        "tunnel": "no"
      },
      "geometry": {
        "type": "LineString",
        "coordinates": [
          [
            31.336943,
            30.0574102
          ],
          [
            31.3378317,
            30.0574886
          ]
        ]
      }
    },
    {
      "type": "Feature",
      "properties": {
        "osm_way_id": "52218016",
        "name": "Unnamed mapped way",
        "highway": "residential",
        "layer": "0",
        "bridge": "no",
        "tunnel": "no"
      },
      "geometry": {
        "type": "LineString",
        "coordinates": [
          [
            31.337638,
            30.0588371
          ],
          [
            31.3375546,
            30.058832
          ],
          [
            31.3374786,
            30.0588235
          ],
          [
            31.3374034,
            30.0588109
          ],
          [
            31.3373286,
            30.0587939
          ],
          [
            31.3372833,
            30.0587823
          ],
          [
            31.3372367,
            30.0587729
          ],
          [
            31.3371893,
            30.0587656
          ],
          [
            31.3367569,
            30.0587229
          ]
        ]
      }
    },
    {
      "type": "Feature",
      "properties": {
        "osm_way_id": "52218043",
        "name": "Unnamed mapped way",
        "highway": "footway",
        "layer": "0",
        "bridge": "no",
        "tunnel": "no"
      },
      "geometry": {
        "type": "LineString",
        "coordinates": [
          [
            31.3342012,
            30.0613964
          ],
          [
            31.3331625,
            30.0612723
          ]
        ]
      }
    },
    {
      "type": "Feature",
      "properties": {
        "osm_way_id": "151419658",
        "name": "Unnamed mapped way",
        "highway": "service",
        "layer": "0",
        "bridge": "no",
        "tunnel": "no"
      },
      "geometry": {
        "type": "LineString",
        "coordinates": [
          [
            31.3265372,
            30.0548176
          ],
          [
            31.3264201,
            30.0548069
          ],
          [
            31.3262428,
            30.0547906
          ],
          [
            31.3260704,
            30.0547689
          ],
          [
            31.3259143,
            30.0547493
          ],
          [
            31.325886,
            30.0547457
          ],
          [
            31.3254612,
            30.0546922
          ],
          [
            31.325385,
            30.0546826
          ],
          [
            31.325313,
            30.0546766
          ],
          [
            31.3250982,
            30.0546587
          ],
          [
            31.3249497,
            30.0546456
          ]
        ]
      }
    },
    {
      "type": "Feature",
      "properties": {
        "osm_way_id": "178336809",
        "name": "Ismail Al Qabbany Street",
        "highway": "tertiary",
        "layer": "0",
        "bridge": "no",
        "tunnel": "no"
      },
      "geometry": {
        "type": "LineString",
        "coordinates": [
          [
            31.3241469,
            30.0583565
          ],
          [
            31.3242657,
            30.0584182
          ],
          [
            31.3243215,
            30.0584377
          ],
          [
            31.3243728,
            30.0584506
          ],
          [
            31.3244266,
            30.05846
          ],
          [
            31.3248513,
            30.0584974
          ],
          [
            31.3249414,
            30.0585067
          ],
          [
            31.3250643,
            30.0585195
          ],
          [
            31.3252619,
            30.05854
          ],
          [
            31.3253267,
            30.0585467
          ],
          [
            31.325413,
            30.0585546
          ],
          [
            31.3255179,
            30.0585641
          ],
          [
            31.3256778,
            30.0585778
          ],
          [
            31.3267302,
            30.0587118
          ],
          [
            31.3287199,
            30.0589276
          ],
          [
            31.3314798,
            30.0592297
          ],
          [
            31.3318914,
            30.0592748
          ],
          [
            31.3324815,
            30.0593403
          ],
          [
            31.3329309,
            30.0593919
          ],
          [
            31.3330006,
            30.0594043
          ],
          [
            31.3330741,
            30.0594239
          ]
        ]
      }
    },
    {
      "type": "Feature",
      "properties": {
        "osm_way_id": "178543139",
        "name": "Al Hassn Ibn Ali Street",
        "highway": "residential",
        "layer": "0",
        "bridge": "no",
        "tunnel": "no"
      },
      "geometry": {
        "type": "LineString",
        "coordinates": [
          [
            31.3303617,
            30.0528337
          ],
          [
            31.33048,
            30.0518198
          ],
          [
            31.3304912,
            30.0517467
          ],
          [
            31.3306762,
            30.0505248
          ],
          [
            31.3307635,
            30.0499505
          ],
          [
            31.3308558,
            30.049344
          ],
          [
            31.3309417,
            30.0487639
          ],
          [
            31.3310357,
            30.048161
          ],
          [
            31.3311158,
            30.0475693
          ],
          [
            31.3311942,
            30.0469898
          ],
          [
            31.3312768,
            30.0463848
          ]
        ]
      }
    },
    {
      "type": "Feature",
      "properties": {
        "osm_way_id": "178543141",
        "name": "Al Suways Street",
        "highway": "residential",
        "layer": "0",
        "bridge": "no",
        "tunnel": "no"
      },
      "geometry": {
        "type": "LineString",
        "coordinates": [
          [
            31.3341325,
            30.0484818
          ],
          [
            31.3335205,
            30.0484184
          ],
          [
            31.3322755,
            30.0482894
          ],
          [
            31.3310357,
            30.048161
          ],
          [
            31.3297849,
            30.048034
          ],
          [
            31.3293572,
            30.0479871
          ],
          [
            31.3290486,
            30.0479554
          ]
        ]
      }
    },
    {
      "type": "Feature",
      "properties": {
        "osm_way_id": "178543143",
        "name": "Al Doctor Mahmoud Ibrahim Street",
        "highway": "residential",
        "layer": "0",
        "bridge": "no",
        "tunnel": "no"
      },
      "geometry": {
        "type": "LineString",
        "coordinates": [
          [
            31.3386053,
            30.0520959
          ],
          [
            31.338567,
            30.0520543
          ],
          [
            31.338523,
            30.0520172
          ],
          [
            31.3384742,
            30.0519849
          ],
          [
            31.3384176,
            30.0519566
          ],
          [
            31.3383479,
            30.0519362
          ],
          [
            31.3381977,
            30.0519111
          ],
          [
            31.3379517,
            30.0518913
          ],
          [
            31.3376198,
            30.0518589
          ],
          [
            31.3367523,
            30.0517447
          ],
          [
            31.3363418,
            30.0517032
          ],
          [
            31.3359455,
            30.0516631
          ],
          [
            31.3355324,
            30.051617
          ],
          [
            31.3339888,
            30.0514418
          ],
          [
            31.3339523,
            30.0514428
          ],
          [
            31.3338999,
            30.0514515
          ],
          [
            31.3338501,
            30.051468
          ],
          [
            31.3337628,
            30.0515104
          ]
        ]
      }
    },
    {
      "type": "Feature",
      "properties": {
        "osm_way_id": "178543145",
        "name": "Al Doctor Mahmoud Ibrahim Street",
        "highway": "residential",
        "layer": "0",
        "bridge": "no",
        "tunnel": "no"
      },
      "geometry": {
        "type": "LineString",
        "coordinates": [
          [
            31.3338173,
            30.051147
          ],
          [
            31.3338355,
            30.0511833
          ],
          [
            31.33386,
            30.0512168
          ],
          [
            31.3338902,
            30.0512466
          ],
          [
            31.3339252,
            30.0512721
          ],
          [
            31.3339644,
            30.0512926
          ],
          [
            31.3340067,
            30.0513077
          ],
          [
            31.3345585,
            30.0513627
          ],
          [
            31.3365723,
            30.051559
          ],
          [
            31.33679,
            30.0515862
          ],
          [
            31.3382231,
            30.051746
          ],
          [
            31.338387,
            30.051754
          ],
          [
            31.3384328,
            30.0517548
          ],
          [
            31.3384784,
            30.0517505
          ],
          [
            31.3385229,
            30.0517413
          ],
          [
            31.3385725,
            30.0517245
          ],
          [
            31.3386187,
            30.0517015
          ],
          [
            31.3386605,
            30.0516729
          ]
        ]
      }
    },
    {
      "type": "Feature",
      "properties": {
        "osm_way_id": "178543146",
        "name": "Al Gahez Street",
        "highway": "residential",
        "layer": "0",
        "bridge": "no",
        "tunnel": "no"
      },
      "geometry": {
        "type": "LineString",
        "coordinates": [
          [
            31.3279805,
            30.0489964
          ],
          [
            31.3287869,
            30.0491101
          ],
          [
            31.3296416,
            30.0492097
          ],
          [
            31.3308558,
            30.049344
          ],
          [
            31.3333105,
            30.049627
          ],
          [
            31.3339602,
            30.0496867
          ]
        ]
      }
    },
    {
      "type": "Feature",
      "properties": {
        "osm_way_id": "178543148",
        "name": "Al Baramka Street",
        "highway": "residential",
        "layer": "0",
        "bridge": "no",
        "tunnel": "no"
      },
      "geometry": {
        "type": "LineString",
        "coordinates": [
          [
            31.3285123,
            30.0466615
          ],
          [
            31.3293063,
            30.0467868
          ],
          [
            31.3299521,
            30.046871
          ],
          [
            31.3311942,
            30.0469898
          ],
          [
            31.3324151,
            30.0471177
          ],
          [
            31.3336699,
            30.0472357
          ],
          [
            31.3343002,
            30.0473088
          ],
          [
            31.3343989,
            30.0473193
          ]
        ]
      }
    },
    {
      "type": "Feature",
      "properties": {
        "osm_way_id": "178543149",
        "name": "Ibn Saeid Al Ghernaty Street",
        "highway": "residential",
        "layer": "0",
        "bridge": "no",
        "tunnel": "no"
      },
      "geometry": {
        "type": "LineString",
        "coordinates": [
          [
            31.3388763,
            30.0447608
          ],
          [
            31.3388328,
            30.0450674
          ],
          [
            31.3388064,
            30.0452535
          ],
          [
            31.338785,
            30.0454045
          ],
          [
            31.3387559,
            30.0456102
          ],
          [
            31.33873,
            30.045793
          ],
          [
            31.3387022,
            30.0459891
          ],
          [
            31.3386766,
            30.0461695
          ],
          [
            31.3386497,
            30.0463591
          ],
          [
            31.3386193,
            30.0465735
          ]
        ]
      }
    },
    {
      "type": "Feature",
      "properties": {
        "osm_way_id": "178543150",
        "name": "Hanein Ibn Ishaq Street",
        "highway": "residential",
        "layer": "0",
        "bridge": "no",
        "tunnel": "no"
      },
      "geometry": {
        "type": "LineString",
        "coordinates": [
          [
            31.3337381,
            30.0520938
          ],
          [
            31.3337809,
            30.0521021
          ],
          [
            31.3338239,
            30.0521093
          ],
          [
            31.3338671,
            30.0521154
          ],
          [
            31.3339105,
            30.0521203
          ],
          [
            31.334097,
            30.0521385
          ],
          [
            31.3342763,
            30.0521583
          ],
          [
            31.3379228,
            30.0525482
          ],
          [
            31.3383181,
            30.0526007
          ],
          [
            31.3383739,
            30.0526042
          ],
          [
            31.3384297,
            30.0526002
          ],
          [
            31.338484,
            30.0525888
          ],
          [
            31.3385357,
            30.0525703
          ]
        ]
      }
    },
    {
      "type": "Feature",
      "properties": {
        "osm_way_id": "178543151",
        "name": "Mousa Al Kazem Street",
        "highway": "residential",
        "layer": "0",
        "bridge": "no",
        "tunnel": "no"
      },
      "geometry": {
        "type": "LineString",
        "coordinates": [
          [
            31.3294504,
            30.0461825
          ],
          [
            31.3312768,
            30.0463848
          ],
          [
            31.3323056,
            30.0464909
          ],
          [
            31.332521,
            30.0465156
          ],
          [
            31.3343842,
            30.0467211
          ]
        ]
      }
    },
    {
      "type": "Feature",
      "properties": {
        "osm_way_id": "178543152",
        "name": "Mohamed Abd Allah Al Zayat Street",
        "highway": "residential",
        "layer": "0",
        "bridge": "no",
        "tunnel": "no"
      },
      "geometry": {
        "type": "LineString",
        "coordinates": [
          [
            31.3381663,
            30.0453388
          ],
          [
            31.3380806,
            30.0459137
          ],
          [
            31.3379923,
            30.0465065
          ]
        ]
      }
    },
    {
      "type": "Feature",
      "properties": {
        "osm_way_id": "178543153",
        "name": "Mohamed Fath Allah Al Saleity Street",
        "highway": "residential",
        "layer": "0",
        "bridge": "no",
        "tunnel": "no"
      },
      "geometry": {
        "type": "LineString",
        "coordinates": [
          [
            31.3336951,
            30.0522076
          ],
          [
            31.3336893,
            30.0522512
          ],
          [
            31.3336869,
            30.0522954
          ],
          [
            31.3336876,
            30.0523395
          ],
          [
            31.3336915,
            30.0523836
          ],
          [
            31.3337025,
            30.0524701
          ],
          [
            31.3337174,
            30.0525527
          ],
          [
            31.3337454,
            30.0526547
          ],
          [
            31.3338769,
            30.0529896
          ],
          [
            31.3338983,
            30.053039
          ],
          [
            31.3339184,
            30.0530855
          ],
          [
            31.3339412,
            30.0531167
          ],
          [
            31.3339746,
            30.053155
          ],
          [
            31.3340205,
            30.0532104
          ]
        ]
      }
    },
    {
      "type": "Feature",
      "properties": {
        "osm_way_id": "178543433",
        "name": "Unnamed mapped way",
        "highway": "residential",
        "layer": "0",
        "bridge": "no",
        "tunnel": "no"
      },
      "geometry": {
        "type": "LineString",
        "coordinates": [
          [
            31.3382231,
            30.051746
          ],
          [
            31.3382442,
            30.0517605
          ],
          [
            31.3382602,
            30.0517793
          ],
          [
            31.3382703,
            30.0518009
          ],
          [
            31.3382736,
            30.0518241
          ],
          [
            31.33827,
            30.0518472
          ],
          [
            31.3382598,
            30.0518688
          ],
          [
            31.3382436,
            30.0518874
          ],
          [
            31.3382224,
            30.0519018
          ],
          [
            31.3381977,
            30.0519111
          ]
        ]
      }
    },
    {
      "type": "Feature",
      "properties": {
        "osm_way_id": "182371950",
        "name": "Al Kefah Street",
        "highway": "residential",
        "layer": "0",
        "bridge": "no",
        "tunnel": "no"
      },
      "geometry": {
        "type": "LineString",
        "coordinates": [
          [
            31.3277607,
            30.0597072
          ],
          [
            31.3276612,
            30.0603427
          ],
          [
            31.3275726,
            30.0609931
          ],
          [
            31.3275074,
            30.0614387
          ]
        ]
      }
    },
    {
      "type": "Feature",
      "properties": {
        "osm_way_id": "182371955",
        "name": "Moataz Street",
        "highway": "residential",
        "layer": "0",
        "bridge": "no",
        "tunnel": "no"
      },
      "geometry": {
        "type": "LineString",
        "coordinates": [
          [
            31.3290215,
            30.0615988
          ],
          [
            31.3283553,
            30.0615247
          ],
          [
            31.3275074,
            30.0614387
          ],
          [
            31.326847,
            30.061357
          ]
        ]
      }
    },
    {
      "type": "Feature",
      "properties": {
        "osm_way_id": "182371956",
        "name": "Tahseen Farghali Street",
        "highway": "residential",
        "layer": "0",
        "bridge": "no",
        "tunnel": "no"
      },
      "geometry": {
        "type": "LineString",
        "coordinates": [
          [
            31.3317485,
            30.0623111
          ],
          [
            31.3314527,
            30.0642174
          ],
          [
            31.331364,
            30.0648017
          ],
          [
            31.3313433,
            30.0649389
          ],
          [
            31.3312517,
            30.0654924
          ],
          [
            31.3311658,
            30.0661451
          ],
          [
            31.3310868,
            30.0666423
          ]
        ]
      }
    },
    {
      "type": "Feature",
      "properties": {
        "osm_way_id": "182371959",
        "name": "Al Rabae Street",
        "highway": "residential",
        "layer": "0",
        "bridge": "no",
        "tunnel": "no"
      },
      "geometry": {
        "type": "LineString",
        "coordinates": [
          [
            31.3292547,
            30.0598653
          ],
          [
            31.3290169,
            30.0598425
          ],
          [
            31.328855,
            30.0598251
          ],
          [
            31.3277607,
            30.0597072
          ],
          [
            31.3270672,
            30.0596309
          ]
        ]
      }
    },
    {
      "type": "Feature",
      "properties": {
        "osm_way_id": "182371964",
        "name": "Zaki Hassn Street",
        "highway": "residential",
        "layer": "0",
        "bridge": "no",
        "tunnel": "no"
      },
      "geometry": {
        "type": "LineString",
        "coordinates": [
          [
            31.3291367,
            30.0664019
          ],
          [
            31.3292338,
            30.0659262
          ],
          [
            31.3293354,
            30.0652653
          ],
          [
            31.3294611,
            30.0644678
          ],
          [
            31.3295028,
            30.0641338
          ],
          [
            31.3295533,
            30.0637381
          ],
          [
            31.3296753,
            30.0629021
          ]
        ]
      }
    },
    {
      "type": "Feature",
      "properties": {
        "osm_way_id": "182371965",
        "name": "Mohamed Mandour Street",
        "highway": "residential",
        "layer": "0",
        "bridge": "no",
        "tunnel": "no"
      },
      "geometry": {
        "type": "LineString",
        "coordinates": [
          [
            31.3270807,
            30.0594848
          ],
          [
            31.3270672,
            30.0596309
          ],
          [
            31.3269557,
            30.0605045
          ],
          [
            31.326847,
            30.061357
          ],
          [
            31.3267564,
            30.0619454
          ],
          [
            31.3266451,
            30.0625879
          ],
          [
            31.3263857,
            30.0643637
          ],
          [
            31.3263079,
            30.064898
          ],
          [
            31.3262086,
            30.0655792
          ]
        ]
      }
    },
    {
      "type": "Feature",
      "properties": {
        "osm_way_id": "182371966",
        "name": "Ibn Hany Al Andalosi Street",
        "highway": "residential",
        "layer": "0",
        "bridge": "no",
        "tunnel": "no"
      },
      "geometry": {
        "type": "LineString",
        "coordinates": [
          [
            31.325728,
            30.062489
          ],
          [
            31.3266451,
            30.0625879
          ],
          [
            31.3273454,
            30.0626585
          ],
          [
            31.3281707,
            30.0627448
          ],
          [
            31.3288457,
            30.0628153
          ],
          [
            31.3296753,
            30.0629021
          ],
          [
            31.3300131,
            30.0629374
          ],
          [
            31.3307862,
            30.0630182
          ]
        ]
      }
    },
    {
      "type": "Feature",
      "properties": {
        "osm_way_id": "182371968",
        "name": "Ahmed Hosny Street",
        "highway": "residential",
        "layer": "0",
        "bridge": "no",
        "tunnel": "no"
      },
      "geometry": {
        "type": "LineString",
        "coordinates": [
          [
            31.3293449,
            30.0591023
          ],
          [
            31.3292547,
            30.0598653
          ],
          [
            31.3291732,
            30.0605047
          ],
          [
            31.3290865,
            30.0611489
          ],
          [
            31.3290565,
            30.0613726
          ],
          [
            31.3290215,
            30.0615988
          ],
          [
            31.3288457,
            30.0628153
          ],
          [
            31.3287479,
            30.0634919
          ],
          [
            31.3286685,
            30.0640411
          ],
          [
            31.3284073,
            30.0658493
          ]
        ]
      }
    },
    {
      "type": "Feature",
      "properties": {
        "osm_way_id": "205200022",
        "name": "Tahama Street",
        "highway": "residential",
        "layer": "0",
        "bridge": "no",
        "tunnel": "no"
      },
      "geometry": {
        "type": "LineString",
        "coordinates": [
          [
            31.3278664,
            30.0453173
          ],
          [
            31.3269784,
            30.0451684
          ],
          [
            31.3263468,
            30.0450672
          ],
          [
            31.326288,
            30.0450502
          ],
          [
            31.3262449,
            30.0450316
          ],
          [
            31.3262175,
            30.045018
          ],
          [
            31.3261788,
            30.0449954
          ],
          [
            31.3256398,
            30.0445937
          ]
        ]
      }
    },
    {
      "type": "Feature",
      "properties": {
        "osm_way_id": "215628926",
        "name": "Al Mostashar Abd Al Magid Hassan Street",
        "highway": "residential",
        "layer": "0",
        "bridge": "no",
        "tunnel": "no"
      },
      "geometry": {
        "type": "LineString",
        "coordinates": [
          [
            31.3417683,
            30.0526227
          ],
          [
            31.3418447,
            30.0520172
          ],
          [
            31.3419238,
            30.0514062
          ]
        ]
      }
    },
    {
      "type": "Feature",
      "properties": {
        "osm_way_id": "215628937",
        "name": "Ahmed Abou Al Ala Street",
        "highway": "residential",
        "layer": "0",
        "bridge": "no",
        "tunnel": "no"
      },
      "geometry": {
        "type": "LineString",
        "coordinates": [
          [
            31.3398514,
            30.0511787
          ],
          [
            31.3403501,
            30.0512285
          ],
          [
            31.3419238,
            30.0514062
          ],
          [
            31.3427464,
            30.0514975
          ],
          [
            31.3435485,
            30.0515821
          ],
          [
            31.3451189,
            30.0517522
          ],
          [
            31.345607,
            30.0518069
          ]
        ]
      }
    },
    {
      "type": "Feature",
      "properties": {
        "osm_way_id": "215628940",
        "name": "Mohamed Kamel Mourad Street",
        "highway": "residential",
        "layer": "0",
        "bridge": "no",
        "tunnel": "no"
      },
      "geometry": {
        "type": "LineString",
        "coordinates": [
          [
            31.3408785,
            30.0475828
          ],
          [
            31.340849,
            30.0477956
          ],
          [
            31.3407958,
            30.0481795
          ],
          [
            31.3407084,
            30.0488095
          ]
        ]
      }
    },
    {
      "type": "Feature",
      "properties": {
        "osm_way_id": "215628945",
        "name": "Omar Hefny Street",
        "highway": "residential",
        "layer": "0",
        "bridge": "no",
        "tunnel": "no"
      },
      "geometry": {
        "type": "LineString",
        "coordinates": [
          [
            31.3435866,
            30.0497445
          ],
          [
            31.3458754,
            30.0499996
          ]
        ]
      }
    },
    {
      "type": "Feature",
      "properties": {
        "osm_way_id": "215628958",
        "name": "Ahmed Mohamed Ibrahim Street",
        "highway": "residential",
        "layer": "0",
        "bridge": "no",
        "tunnel": "no"
      },
      "geometry": {
        "type": "LineString",
        "coordinates": [
          [
            31.3457811,
            30.0506121
          ],
          [
            31.3452805,
            30.0505564
          ],
          [
            31.3434953,
            30.0503581
          ],
          [
            31.3429005,
            30.0503061
          ],
          [
            31.3423115,
            30.0502322
          ],
          [
            31.3405348,
            30.0500294
          ],
          [
            31.3400198,
            30.0499737
          ],
          [
            31.3391221,
            30.0498699
          ]
        ]
      }
    },
    {
      "type": "Feature",
      "properties": {
        "osm_way_id": "215628965",
        "name": "Ahmed Mokhtar Street",
        "highway": "residential",
        "layer": "0",
        "bridge": "no",
        "tunnel": "no"
      },
      "geometry": {
        "type": "LineString",
        "coordinates": [
          [
            31.3451189,
            30.0517522
          ],
          [
            31.3451928,
            30.0511623
          ],
          [
            31.3452805,
            30.0505564
          ]
        ]
      }
    },
    {
      "type": "Feature",
      "properties": {
        "osm_way_id": "215628976",
        "name": "Ahmed Al Khashab Street",
        "highway": "residential",
        "layer": "0",
        "bridge": "no",
        "tunnel": "no"
      },
      "geometry": {
        "type": "LineString",
        "coordinates": [
          [
            31.3451928,
            30.0511623
          ],
          [
            31.3428144,
            30.0509031
          ],
          [
            31.3404331,
            30.050632
          ]
        ]
      }
    },
    {
      "type": "Feature",
      "properties": {
        "osm_way_id": "215628983",
        "name": "Ahmed Kamal Street",
        "highway": "residential",
        "layer": "0",
        "bridge": "no",
        "tunnel": "no"
      },
      "geometry": {
        "type": "LineString",
        "coordinates": [
          [
            31.3424805,
            30.0489996
          ],
          [
            31.3424566,
            30.0491746
          ],
          [
            31.3423963,
            30.0495997
          ],
          [
            31.3423115,
            30.0502322
          ]
        ]
      }
    },
    {
      "type": "Feature",
      "properties": {
        "osm_way_id": "215628986",
        "name": "Fath Allah Alam Street",
        "highway": "residential",
        "layer": "0",
        "bridge": "no",
        "tunnel": "no"
      },
      "geometry": {
        "type": "LineString",
        "coordinates": [
          [
            31.3442304,
            30.0467195
          ],
          [
            31.344156,
            30.0473328
          ],
          [
            31.3440753,
            30.0479442
          ]
        ]
      }
    },
    {
      "type": "Feature",
      "properties": {
        "osm_way_id": "215628990",
        "name": "Abd Al Hakim Al-Rifai Street",
        "highway": "residential",
        "layer": "0",
        "bridge": "no",
        "tunnel": "no"
      },
      "geometry": {
        "type": "LineString",
        "coordinates": [
          [
            31.3386533,
            30.0529401
          ],
          [
            31.3395848,
            30.0530412
          ],
          [
            31.3424567,
            30.0533473
          ],
          [
            31.3453304,
            30.0536624
          ],
          [
            31.3462419,
            30.0537556
          ]
        ]
      }
    },
    {
      "type": "Feature",
      "properties": {
        "osm_way_id": "215628996",
        "name": "Mohamed Al Mahay Street",
        "highway": "residential",
        "layer": "0",
        "bridge": "no",
        "tunnel": "no"
      },
      "geometry": {
        "type": "LineString",
        "coordinates": [
          [
            31.3429005,
            30.0503061
          ],
          [
            31.3428144,
            30.0509031
          ],
          [
            31.3427464,
            30.0514975
          ]
        ]
      }
    },
    {
      "type": "Feature",
      "properties": {
        "osm_way_id": "215628998",
        "name": "Nour Al Din Bahgat Street",
        "highway": "residential",
        "layer": "0",
        "bridge": "no",
        "tunnel": "no"
      },
      "geometry": {
        "type": "LineString",
        "coordinates": [
          [
            31.3461467,
            30.0481673
          ],
          [
            31.3460605,
            30.0487717
          ],
          [
            31.345976,
            30.0493375
          ],
          [
            31.3459693,
            30.0493739
          ],
          [
            31.3458913,
            30.0499038
          ],
          [
            31.3458754,
            30.0499996
          ],
          [
            31.3458055,
            30.0504781
          ],
          [
            31.3457811,
            30.0506121
          ],
          [
            31.3456967,
            30.0512129
          ],
          [
            31.345607,
            30.0518069
          ],
          [
            31.3455141,
            30.0524203
          ],
          [
            31.3454234,
            30.0530399
          ],
          [
            31.3453304,
            30.0536624
          ]
        ]
      }
    },
    {
      "type": "Feature",
      "properties": {
        "osm_way_id": "215629005",
        "name": "Omar Hefny Street",
        "highway": "residential",
        "layer": "0",
        "bridge": "no",
        "tunnel": "no"
      },
      "geometry": {
        "type": "LineString",
        "coordinates": [
          [
            31.3436723,
            30.0491275
          ],
          [
            31.3435866,
            30.0497445
          ],
          [
            31.3434953,
            30.0503581
          ]
        ]
      }
    },
    {
      "type": "Feature",
      "properties": {
        "osm_way_id": "215629007",
        "name": "Hamouda Mahmoud Street",
        "highway": "residential",
        "layer": "0",
        "bridge": "no",
        "tunnel": "no"
      },
      "geometry": {
        "type": "LineString",
        "coordinates": [
          [
            31.3405428,
            30.0463316
          ],
          [
            31.3426413,
            30.0465535
          ],
          [
            31.3434345,
            30.0466354
          ],
          [
            31.3442304,
            30.0467195
          ],
          [
            31.3458492,
            30.0468833
          ],
          [
            31.3471861,
            30.0470398
          ],
          [
            31.3487152,
            30.0472018
          ],
          [
            31.3503243,
            30.0473707
          ]
        ]
      }
    },
    {
      "type": "Feature",
      "properties": {
        "osm_way_id": "215629009",
        "name": "Abd Al Hai Hegazi Street",
        "highway": "residential",
        "layer": "0",
        "bridge": "no",
        "tunnel": "no"
      },
      "geometry": {
        "type": "LineString",
        "coordinates": [
          [
            31.3454234,
            30.0530399
          ],
          [
            31.3433609,
            30.0528109
          ],
          [
            31.342547,
            30.0527141
          ],
          [
            31.3417683,
            30.0526227
          ],
          [
            31.3396732,
            30.0524181
          ]
        ]
      }
    },
    {
      "type": "Feature",
      "properties": {
        "osm_way_id": "215629011",
        "name": "Mahmoud Hob Allah Street",
        "highway": "residential",
        "layer": "0",
        "bridge": "no",
        "tunnel": "no"
      },
      "geometry": {
        "type": "LineString",
        "coordinates": [
          [
            31.3407958,
            30.0481795
          ],
          [
            31.3411351,
            30.0482146
          ],
          [
            31.3416219,
            30.0482752
          ],
          [
            31.3417672,
            30.048291
          ],
          [
            31.3420973,
            30.048325
          ],
          [
            31.3424911,
            30.048369
          ],
          [
            31.3431833,
            30.0484465
          ],
          [
            31.345542,
            30.0487102
          ]
        ]
      }
    },
    {
      "type": "Feature",
      "properties": {
        "osm_way_id": "215629014",
        "name": "Moustafa Abd Al Samei Street",
        "highway": "residential",
        "layer": "0",
        "bridge": "no",
        "tunnel": "no"
      },
      "geometry": {
        "type": "LineString",
        "coordinates": [
          [
            31.3430994,
            30.049066
          ],
          [
            31.3431833,
            30.0484465
          ],
          [
            31.343205,
            30.0482509
          ],
          [
            31.3432553,
            30.0478547
          ]
        ]
      }
    },
    {
      "type": "Feature",
      "properties": {
        "osm_way_id": "215629042",
        "name": "Naguib Maahfouz Street",
        "highway": "residential",
        "layer": "0",
        "bridge": "no",
        "tunnel": "no"
      },
      "geometry": {
        "type": "LineString",
        "coordinates": [
          [
            31.3401978,
            30.0487547
          ],
          [
            31.3407084,
            30.0488095
          ],
          [
            31.3424805,
            30.0489996
          ],
          [
            31.3430994,
            30.049066
          ],
          [
            31.3436723,
            30.0491275
          ],
          [
            31.3454598,
            30.0493201
          ],
          [
            31.3459693,
            30.0493739
          ]
        ]
      }
    },
    {
      "type": "Feature",
      "properties": {
        "osm_way_id": "215629047",
        "name": "Al Doctor Abd Al Latif Bakry Street",
        "highway": "residential",
        "layer": "0",
        "bridge": "no",
        "tunnel": "no"
      },
      "geometry": {
        "type": "LineString",
        "coordinates": [
          [
            31.3436195,
            30.0452816
          ],
          [
            31.3435256,
            30.0460015
          ],
          [
            31.3434345,
            30.0466354
          ]
        ]
      }
    },
    {
      "type": "Feature",
      "properties": {
        "osm_way_id": "215629049",
        "name": "Suliman Khamis Street",
        "highway": "residential",
        "layer": "0",
        "bridge": "no",
        "tunnel": "no"
      },
      "geometry": {
        "type": "LineString",
        "coordinates": [
          [
            31.3424595,
            30.0477655
          ],
          [
            31.3425472,
            30.047157
          ],
          [
            31.3426413,
            30.0465535
          ]
        ]
      }
    },
    {
      "type": "Feature",
      "properties": {
        "osm_way_id": "217280770",
        "name": "Mohamed Youssef Moussa Street",
        "highway": "residential",
        "layer": "0",
        "bridge": "no",
        "tunnel": "no"
      },
      "geometry": {
        "type": "LineString",
        "coordinates": [
          [
            31.3279114,
            30.0537681
          ],
          [
            31.3279193,
            30.0536919
          ],
          [
            31.3279299,
            30.0536472
          ],
          [
            31.3279562,
            30.0536077
          ],
          [
            31.3279955,
            30.0535773
          ],
          [
            31.3280437,
            30.053559
          ],
          [
            31.3281029,
            30.0535565
          ],
          [
            31.3281519,
            30.0535587
          ],
          [
            31.3294047,
            30.0536892
          ],
          [
            31.3311306,
            30.0538747
          ],
          [
            31.3313023,
            30.0538932
          ],
          [
            31.3327406,
            30.0540575
          ],
          [
            31.3343911,
            30.054241
          ],
          [
            31.3356031,
            30.0543766
          ],
          [
            31.3359345,
            30.0544106
          ],
          [
            31.3373281,
            30.0545626
          ]
        ]
      }
    },
    {
      "type": "Feature",
      "properties": {
        "osm_way_id": "217280771",
        "name": "Sanaa Street",
        "highway": "residential",
        "layer": "0",
        "bridge": "no",
        "tunnel": "no"
      },
      "geometry": {
        "type": "LineString",
        "coordinates": [
          [
            31.3361274,
            30.0581699
          ],
          [
            31.3362285,
            30.0575244
          ],
          [
            31.3363221,
            30.0569321
          ],
          [
            31.3364042,
            30.0563799
          ]
        ]
      }
    },
    {
      "type": "Feature",
      "properties": {
        "osm_way_id": "217280772",
        "name": "Metwali Nour Street",
        "highway": "residential",
        "layer": "0",
        "bridge": "no",
        "tunnel": "no"
      },
      "geometry": {
        "type": "LineString",
        "coordinates": [
          [
            31.3299936,
            30.0550848
          ],
          [
            31.3303653,
            30.0551305
          ],
          [
            31.3309349,
            30.0551948
          ],
          [
            31.3321963,
            30.0553392
          ],
          [
            31.3330602,
            30.0554228
          ],
          [
            31.3331228,
            30.0554297
          ],
          [
            31.3334087,
            30.055461
          ],
          [
            31.3335954,
            30.055481
          ],
          [
            31.3342025,
            30.0555473
          ]
        ]
      }
    },
    {
      "type": "Feature",
      "properties": {
        "osm_way_id": "217280773",
        "name": "Mohamed Fahmy Al Mahdar Street",
        "highway": "residential",
        "layer": "0",
        "bridge": "no",
        "tunnel": "no"
      },
      "geometry": {
        "type": "LineString",
        "coordinates": [
          [
            31.3267394,
            30.0559831
          ],
          [
            31.3275819,
            30.0560841
          ],
          [
            31.3291259,
            30.0562666
          ],
          [
            31.3298025,
            30.0563378
          ],
          [
            31.3313526,
            30.0564954
          ],
          [
            31.3320323,
            30.056567
          ],
          [
            31.3328739,
            30.0566569
          ]
        ]
      }
    },
    {
      "type": "Feature",
      "properties": {
        "osm_way_id": "217280777",
        "name": "Al Yarmouk Street",
        "highway": "residential",
        "layer": "0",
        "bridge": "no",
        "tunnel": "no"
      },
      "geometry": {
        "type": "LineString",
        "coordinates": [
          [
            31.3360221,
            30.0594136
          ],
          [
            31.3359467,
            30.0599324
          ],
          [
            31.3358593,
            30.0605333
          ],
          [
            31.3357651,
            30.0611075
          ]
        ]
      }
    },
    {
      "type": "Feature",
      "properties": {
        "osm_way_id": "217280778",
        "name": "Ibn Al Haytham Street",
        "highway": "residential",
        "layer": "0",
        "bridge": "no",
        "tunnel": "no"
      },
      "geometry": {
        "type": "LineString",
        "coordinates": [
          [
            31.3343007,
            30.0548672
          ],
          [
            31.3351342,
            30.0549637
          ],
          [
            31.3357695,
            30.0550373
          ],
          [
            31.3372409,
            30.0552078
          ]
        ]
      }
    },
    {
      "type": "Feature",
      "properties": {
        "osm_way_id": "217280779",
        "name": "Rafah Street",
        "highway": "residential",
        "layer": "0",
        "bridge": "no",
        "tunnel": "no"
      },
      "geometry": {
        "type": "LineString",
        "coordinates": [
          [
            31.3356786,
            30.055735
          ],
          [
            31.3371526,
            30.0558606
          ]
        ]
      }
    },
    {
      "type": "Feature",
      "properties": {
        "osm_way_id": "217280780",
        "name": "Ali Tawfiq Shousha Street",
        "highway": "residential",
        "layer": "0",
        "bridge": "no",
        "tunnel": "no"
      },
      "geometry": {
        "type": "LineString",
        "coordinates": [
          [
            31.3317444,
            30.0584673
          ],
          [
            31.3320323,
            30.056567
          ],
          [
            31.3321192,
            30.0558976
          ],
          [
            31.3321963,
            30.0553392
          ],
          [
            31.3322865,
            30.0546837
          ],
          [
            31.3323584,
            30.0541306
          ]
        ]
      }
    },
    {
      "type": "Feature",
      "properties": {
        "osm_way_id": "217280781",
        "name": "Abd Al Moneim Sanad Street",
        "highway": "residential",
        "layer": "0",
        "bridge": "no",
        "tunnel": "no"
      },
      "geometry": {
        "type": "LineString",
        "coordinates": [
          [
            31.3330602,
            30.0554228
          ],
          [
            31.3329338,
            30.0562512
          ],
          [
            31.3328739,
            30.0566569
          ],
          [
            31.3328255,
            30.0570018
          ],
          [
            31.3327124,
            30.0578132
          ],
          [
            31.3325951,
            30.0585569
          ],
          [
            31.3324815,
            30.0593403
          ]
        ]
      }
    },
    {
      "type": "Feature",
      "properties": {
        "osm_way_id": "217280783",
        "name": "Al Nashat Street",
        "highway": "residential",
        "layer": "0",
        "bridge": "no",
        "tunnel": "no"
      },
      "geometry": {
        "type": "LineString",
        "coordinates": [
          [
            31.337072,
            30.0564562
          ],
          [
            31.3364042,
            30.0563799
          ],
          [
            31.3355973,
            30.0562976
          ]
        ]
      }
    },
    {
      "type": "Feature",
      "properties": {
        "osm_way_id": "217280784",
        "name": "Omar Zaafan Street",
        "highway": "residential",
        "layer": "0",
        "bridge": "no",
        "tunnel": "no"
      },
      "geometry": {
        "type": "LineString",
        "coordinates": [
          [
            31.3322865,
            30.0546837
          ],
          [
            31.3300792,
            30.054423
          ],
          [
            31.3293936,
            30.0543473
          ],
          [
            31.3278491,
            30.054187
          ]
        ]
      }
    },
    {
      "type": "Feature",
      "properties": {
        "osm_way_id": "217280785",
        "name": "Tamim Ibn Al Moez Street",
        "highway": "residential",
        "layer": "0",
        "bridge": "no",
        "tunnel": "no"
      },
      "geometry": {
        "type": "LineString",
        "coordinates": [
          [
            31.3357695,
            30.0550373
          ],
          [
            31.3356786,
            30.055735
          ],
          [
            31.3355973,
            30.0562976
          ],
          [
            31.3355185,
            30.0568433
          ]
        ]
      }
    },
    {
      "type": "Feature",
      "properties": {
        "osm_way_id": "217280786",
        "name": "Al Sadaqa Street",
        "highway": "residential",
        "layer": "0",
        "bridge": "no",
        "tunnel": "no"
      },
      "geometry": {
        "type": "LineString",
        "coordinates": [
          [
            31.3340399,
            30.0566741
          ],
          [
            31.3348545,
            30.0567604
          ],
          [
            31.3355185,
            30.0568433
          ],
          [
            31.3363221,
            30.0569321
          ],
          [
            31.3366133,
            30.0569657
          ]
        ]
      }
    },
    {
      "type": "Feature",
      "properties": {
        "osm_way_id": "217281227",
        "name": "Omar Zaafan Street",
        "highway": "residential",
        "layer": "0",
        "bridge": "no",
        "tunnel": "no"
      },
      "geometry": {
        "type": "LineString",
        "coordinates": [
          [
            31.3278491,
            30.054187
          ],
          [
            31.3278027,
            30.0542024
          ],
          [
            31.327754,
            30.0542111
          ],
          [
            31.3277043,
            30.0542128
          ],
          [
            31.3269286,
            30.0541398
          ]
        ]
      }
    },
    {
      "type": "Feature",
      "properties": {
        "osm_way_id": "217281228",
        "name": "Omar Zaafan Street",
        "highway": "residential",
        "layer": "0",
        "bridge": "no",
        "tunnel": "no"
      },
      "geometry": {
        "type": "LineString",
        "coordinates": [
          [
            31.3269433,
            30.0540437
          ],
          [
            31.3276638,
            30.0541087
          ],
          [
            31.3277152,
            30.0541158
          ],
          [
            31.3277641,
            30.0541313
          ],
          [
            31.3277953,
            30.0541465
          ],
          [
            31.3278238,
            30.0541653
          ],
          [
            31.3278491,
            30.054187
          ]
        ]
      }
    },
    {
      "type": "Feature",
      "properties": {
        "osm_way_id": "217281231",
        "name": "Unnamed mapped way",
        "highway": "residential",
        "layer": "0",
        "bridge": "no",
        "tunnel": "no"
      },
      "geometry": {
        "type": "LineString",
        "coordinates": [
          [
            31.3302723,
            30.0556995
          ],
          [
            31.3303653,
            30.0551305
          ]
        ]
      }
    },
    {
      "type": "Feature",
      "properties": {
        "osm_way_id": "228636695",
        "name": "Al Khalifa Al Moteaa Street",
        "highway": "residential",
        "layer": "0",
        "bridge": "no",
        "tunnel": "no"
      },
      "geometry": {
        "type": "LineString",
        "coordinates": [
          [
            31.3291863,
            30.047348
          ],
          [
            31.329872,
            30.0474282
          ],
          [
            31.3311158,
            30.0475693
          ]
        ]
      }
    },
    {
      "type": "Feature",
      "properties": {
        "osm_way_id": "228636696",
        "name": "Unnamed mapped way",
        "highway": "service",
        "layer": "0",
        "bridge": "no",
        "tunnel": "no"
      },
      "geometry": {
        "type": "LineString",
        "coordinates": [
          [
            31.3339209,
            30.0454673
          ],
          [
            31.3339989,
            30.0454765
          ],
          [
            31.3342332,
            30.0455006
          ],
          [
            31.3344747,
            30.0455255
          ],
          [
            31.3345711,
            30.0455354
          ]
        ]
      }
    },
    {
      "type": "Feature",
      "properties": {
        "osm_way_id": "228636697",
        "name": "Ahmed Zaki Street",
        "highway": "residential",
        "layer": "0",
        "bridge": "no",
        "tunnel": "no"
      },
      "geometry": {
        "type": "LineString",
        "coordinates": [
          [
            31.3297849,
            30.048034
          ],
          [
            31.3298668,
            30.0474645
          ],
          [
            31.329872,
            30.0474282
          ],
          [
            31.3299521,
            30.046871
          ]
        ]
      }
    },
    {
      "type": "Feature",
      "properties": {
        "osm_way_id": "228636700",
        "name": "Qatiba Street",
        "highway": "residential",
        "layer": "0",
        "bridge": "no",
        "tunnel": "no"
      },
      "geometry": {
        "type": "LineString",
        "coordinates": [
          [
            31.3338157,
            30.0460611
          ],
          [
            31.3339209,
            30.0454673
          ],
          [
            31.3340059,
            30.0448887
          ]
        ]
      }
    },
    {
      "type": "Feature",
      "properties": {
        "osm_way_id": "253052071",
        "name": "Al Insha' Street",
        "highway": "residential",
        "layer": "0",
        "bridge": "no",
        "tunnel": "no"
      },
      "geometry": {
        "type": "LineString",
        "coordinates": [
          [
            31.3298025,
            30.0563378
          ],
          [
            31.3299089,
            30.0556551
          ],
          [
            31.3299936,
            30.0550848
          ],
          [
            31.3300792,
            30.054423
          ],
          [
            31.3301478,
            30.0538804
          ]
        ]
      }
    },
    {
      "type": "Feature",
      "properties": {
        "osm_way_id": "307880071",
        "name": "Al Sheikh Kamel Khedr Street",
        "highway": "secondary",
        "layer": "0",
        "bridge": "no",
        "tunnel": "no"
      },
      "geometry": {
        "type": "LineString",
        "coordinates": [
          [
            31.3464577,
            30.0385504
          ],
          [
            31.3464323,
            30.0386955
          ],
          [
            31.3463054,
            30.039698
          ],
          [
            31.3462074,
            30.0404076
          ],
          [
            31.34592,
            30.0424617
          ],
          [
            31.3455775,
            30.0447822
          ],
          [
            31.3455431,
            30.0449977
          ],
          [
            31.3455372,
            30.0450497
          ],
          [
            31.3455351,
            30.045101
          ],
          [
            31.345657,
            30.0453182
          ]
        ]
      }
    },
    {
      "type": "Feature",
      "properties": {
        "osm_way_id": "320375616",
        "name": "Mohamed Saad Abd Allah Street",
        "highway": "residential",
        "layer": "0",
        "bridge": "no",
        "tunnel": "no"
      },
      "geometry": {
        "type": "LineString",
        "coordinates": [
          [
            31.3413577,
            30.0616264
          ],
          [
            31.3413439,
            30.0617268
          ],
          [
            31.3412469,
            30.0624991
          ]
        ]
      }
    },
    {
      "type": "Feature",
      "properties": {
        "osm_way_id": "320375634",
        "name": "Mohamed Saad Abd Allah Street",
        "highway": "residential",
        "layer": "0",
        "bridge": "no",
        "tunnel": "no"
      },
      "geometry": {
        "type": "LineString",
        "coordinates": [
          [
            31.3408711,
            30.0634375
          ],
          [
            31.3408836,
            30.0633315
          ],
          [
            31.3409727,
            30.0625746
          ]
        ]
      }
    },
    {
      "type": "Feature",
      "properties": {
        "osm_way_id": "362237951",
        "name": "Unnamed mapped way",
        "highway": "residential",
        "layer": "0",
        "bridge": "no",
        "tunnel": "no"
      },
      "geometry": {
        "type": "LineString",
        "coordinates": [
          [
            31.3378103,
            30.0576322
          ],
          [
            31.3369241,
            30.0575501
          ]
        ]
      }
    },
    {
      "type": "Feature",
      "properties": {
        "osm_way_id": "362239122",
        "name": "Unnamed mapped way",
        "highway": "residential",
        "layer": "0",
        "bridge": "no",
        "tunnel": "no"
      },
      "geometry": {
        "type": "LineString",
        "coordinates": [
          [
            31.3370999,
            30.0562503
          ],
          [
            31.3380035,
            30.0563349
          ]
        ]
      }
    },
    {
      "type": "Feature",
      "properties": {
        "osm_way_id": "362239132",
        "name": "Unnamed mapped way",
        "highway": "residential",
        "layer": "0",
        "bridge": "no",
        "tunnel": "no"
      },
      "geometry": {
        "type": "LineString",
        "coordinates": [
          [
            31.3379851,
            30.0564585
          ],
          [
            31.3370854,
            30.0563572
          ]
        ]
      }
    },
    {
      "type": "Feature",
      "properties": {
        "osm_way_id": "362240145",
        "name": "Tripoli Street",
        "highway": "residential",
        "layer": "0",
        "bridge": "no",
        "tunnel": "no"
      },
      "geometry": {
        "type": "LineString",
        "coordinates": [
          [
            31.3378941,
            30.0585544
          ],
          [
            31.3387784,
            30.0586596
          ],
          [
            31.3388827,
            30.0586764
          ],
          [
            31.3390806,
            30.0587338
          ]
        ]
      }
    },
    {
      "type": "Feature",
      "properties": {
        "osm_way_id": "363334226",
        "name": "Unnamed mapped way",
        "highway": "primary_link",
        "layer": "0",
        "bridge": "no",
        "tunnel": "no"
      },
      "geometry": {
        "type": "LineString",
        "coordinates": [
          [
            31.3429757,
            30.0452084
          ],
          [
            31.3430044,
            30.0450113
          ]
        ]
      }
    },
    {
      "type": "Feature",
      "properties": {
        "osm_way_id": "363368747",
        "name": "Hassan Madkour Street",
        "highway": "residential",
        "layer": "0",
        "bridge": "no",
        "tunnel": "no"
      },
      "geometry": {
        "type": "LineString",
        "coordinates": [
          [
            31.3460069,
            30.0455651
          ],
          [
            31.345999,
            30.0456311
          ],
          [
            31.3459242,
            30.046256
          ],
          [
            31.3458492,
            30.0468833
          ]
        ]
      }
    },
    {
      "type": "Feature",
      "properties": {
        "osm_way_id": "369243433",
        "name": "Talaat Abd Al Qader Street",
        "highway": "residential",
        "layer": "0",
        "bridge": "no",
        "tunnel": "no"
      },
      "geometry": {
        "type": "LineString",
        "coordinates": [
          [
            31.3397521,
            30.0561544
          ],
          [
            31.3396891,
            30.0566383
          ],
          [
            31.3396618,
            30.0568194
          ],
          [
            31.3395773,
            30.0574748
          ]
        ]
      }
    },
    {
      "type": "Feature",
      "properties": {
        "osm_way_id": "390585053",
        "name": "Ibn Qatiba Street",
        "highway": "residential",
        "layer": "0",
        "bridge": "no",
        "tunnel": "no"
      },
      "geometry": {
        "type": "LineString",
        "coordinates": [
          [
            31.3327815,
            30.0447438
          ],
          [
            31.3340059,
            30.0448887
          ],
          [
            31.3346449,
            30.0449567
          ],
          [
            31.3363899,
            30.0451606
          ],
          [
            31.3381663,
            30.0453388
          ],
          [
            31.338785,
            30.0454045
          ]
        ]
      }
    },
    {
      "type": "Feature",
      "properties": {
        "osm_way_id": "390794540",
        "name": "Ibn Al Romi Street",
        "highway": "residential",
        "layer": "0",
        "bridge": "no",
        "tunnel": "no"
      },
      "geometry": {
        "type": "LineString",
        "coordinates": [
          [
            31.3339209,
            30.0454673
          ],
          [
            31.3326956,
            30.0453428
          ],
          [
            31.3297161,
            30.0450104
          ]
        ]
      }
    },
    {
      "type": "Feature",
      "properties": {
        "osm_way_id": "465858183",
        "name": "Unnamed mapped way",
        "highway": "footway",
        "layer": "0",
        "bridge": "no",
        "tunnel": "no"
      },
      "geometry": {
        "type": "LineString",
        "coordinates": [
          [
            31.3254822,
            30.0479367
          ],
          [
            31.3255064,
            30.0478414
          ],
          [
            31.3256213,
            30.0473663
          ]
        ]
      }
    },
    {
      "type": "Feature",
      "properties": {
        "osm_way_id": "465858188",
        "name": "Unnamed mapped way",
        "highway": "footway",
        "layer": "0",
        "bridge": "no",
        "tunnel": "no"
      },
      "geometry": {
        "type": "LineString",
        "coordinates": [
          [
            31.3254004,
            30.0479807
          ],
          [
            31.325417,
            30.0479538
          ],
          [
            31.3254469,
            30.0479377
          ],
          [
            31.3254822,
            30.0479367
          ],
          [
            31.325512,
            30.0479503
          ],
          [
            31.3255307,
            30.0479747
          ],
          [
            31.3255334,
            30.0480038
          ],
          [
            31.3255236,
            30.0480256
          ],
          [
            31.3255048,
            30.0480424
          ],
          [
            31.3254799,
            30.0480515
          ],
          [
            31.3254529,
            30.0480514
          ],
          [
            31.3254211,
            30.0480375
          ],
          [
            31.3254018,
            30.0480115
          ],
          [
            31.3254004,
            30.0479807
          ]
        ]
      }
    },
    {
      "type": "Feature",
      "properties": {
        "osm_way_id": "465858189",
        "name": "Unnamed mapped way",
        "highway": "footway",
        "layer": "0",
        "bridge": "no",
        "tunnel": "no"
      },
      "geometry": {
        "type": "LineString",
        "coordinates": [
          [
            31.3253529,
            30.048531
          ],
          [
            31.3254321,
            30.0481512
          ],
          [
            31.3254529,
            30.0480514
          ]
        ]
      }
    },
    {
      "type": "Feature",
      "properties": {
        "osm_way_id": "465859604",
        "name": "Unnamed mapped way",
        "highway": "footway",
        "layer": "0",
        "bridge": "no",
        "tunnel": "no"
      },
      "geometry": {
        "type": "LineString",
        "coordinates": [
          [
            31.3290861,
            30.0499649
          ],
          [
            31.3290551,
            30.0499634
          ],
          [
            31.3290289,
            30.049949
          ],
          [
            31.329014,
            30.0499239
          ],
          [
            31.329016,
            30.0498958
          ],
          [
            31.3290345,
            30.0498725
          ],
          [
            31.3290644,
            30.0498608
          ],
          [
            31.3290969,
            30.0498641
          ],
          [
            31.3291229,
            30.0498815
          ],
          [
            31.3291343,
            30.0499056
          ],
          [
            31.3291311,
            30.0499315
          ],
          [
            31.3291082,
            30.0499559
          ],
          [
            31.3290861,
            30.0499649
          ]
        ]
      }
    },
    {
      "type": "Feature",
      "properties": {
        "osm_way_id": "465859606",
        "name": "Unnamed mapped way",
        "highway": "footway",
        "layer": "0",
        "bridge": "no",
        "tunnel": "no"
      },
      "geometry": {
        "type": "LineString",
        "coordinates": [
          [
            31.3255022,
            30.0515175
          ],
          [
            31.3254557,
            30.0514719
          ],
          [
            31.3254173,
            30.0514208
          ],
          [
            31.3253895,
            30.0513671
          ],
          [
            31.3253727,
            30.0513127
          ],
          [
            31.3253578,
            30.0512523
          ],
          [
            31.3253526,
            30.0512239
          ],
          [
            31.3253481,
            30.0511723
          ],
          [
            31.3253527,
            30.0511104
          ],
          [
            31.3253635,
            30.0510657
          ],
          [
            31.3253884,
            30.0510148
          ],
          [
            31.3254136,
            30.0509727
          ],
          [
            31.3254561,
            30.050917
          ],
          [
            31.3255044,
            30.0508648
          ],
          [
            31.3255364,
            30.050838
          ],
          [
            31.3255659,
            30.0508134
          ],
          [
            31.3256237,
            30.0507798
          ],
          [
            31.3256862,
            30.0507516
          ],
          [
            31.3257421,
            30.0507335
          ],
          [
            31.3258162,
            30.0507177
          ],
          [
            31.325891,
            30.0507113
          ],
          [
            31.3259613,
            30.0507133
          ],
          [
            31.3260021,
            30.0507192
          ],
          [
            31.3260305,
            30.0507242
          ],
          [
            31.326099,
            30.0507399
          ],
          [
            31.3261642,
            30.0507637
          ],
          [
            31.326225,
            30.0507951
          ],
          [
            31.32628,
            30.0508337
          ],
          [
            31.3263282,
            30.0508786
          ],
          [
            31.3263686,
            30.0509289
          ],
          [
            31.3264005,
            30.0509836
          ],
          [
            31.3264232,
            30.0510416
          ],
          [
            31.3264328,
            30.0510983
          ],
          [
            31.3264359,
            30.051159
          ],
          [
            31.3264363,
            30.0512231
          ],
          [
            31.3264273,
            30.0512836
          ],
          [
            31.3264094,
            30.0513425
          ],
          [
            31.3263964,
            30.0513702
          ],
          [
            31.3263829,
            30.051399
          ],
          [
            31.3263577,
            30.0514486
          ],
          [
            31.3263263,
            30.051495
          ],
          [
            31.3262773,
            30.0515388
          ],
          [
            31.3262396,
            30.0515648
          ],
          [
            31.3262223,
            30.0515768
          ],
          [
            31.3261848,
            30.0515964
          ],
          [
            31.326162,
            30.0516083
          ],
          [
            31.3260976,
            30.0516329
          ],
          [
            31.3260639,
            30.0516415
          ],
          [
            31.32601,
            30.0516502
          ],
          [
            31.3259606,
            30.0516525
          ],
          [
            31.3259176,
            30.0516445
          ],
          [
            31.3258832,
            30.0516332
          ],
          [
            31.3258101,
            30.0515955
          ],
          [
            31.3257705,
            30.0515792
          ],
          [
            31.3257336,
            30.0515678
          ],
          [
            31.325685,
            30.0515583
          ],
          [
            31.3256484,
            30.0515572
          ],
          [
            31.325595,
            30.0515529
          ],
          [
            31.3255449,
            30.0515403
          ],
          [
            31.3255022,
            30.0515175
          ]
        ]
      }
    },
    {
      "type": "Feature",
      "properties": {
        "osm_way_id": "465859607",
        "name": "Unnamed mapped way",
        "highway": "footway",
        "layer": "0",
        "bridge": "no",
        "tunnel": "no"
      },
      "geometry": {
        "type": "LineString",
        "coordinates": [
          [
            31.3263964,
            30.0513702
          ],
          [
            31.3263199,
            30.0514044
          ],
          [
            31.3262843,
            30.0514188
          ],
          [
            31.3262465,
            30.0514281
          ],
          [
            31.3262074,
            30.0514317
          ],
          [
            31.3261681,
            30.0514298
          ],
          [
            31.3261298,
            30.0514223
          ],
          [
            31.3260933,
            30.0514095
          ],
          [
            31.3260599,
            30.0513916
          ],
          [
            31.3260302,
            30.0513693
          ],
          [
            31.3260053,
            30.051343
          ],
          [
            31.3259856,
            30.0513135
          ],
          [
            31.3259719,
            30.0512816
          ],
          [
            31.3259643,
            30.0512482
          ],
          [
            31.3259633,
            30.0512142
          ],
          [
            31.32597,
            30.0511757
          ],
          [
            31.3259849,
            30.051139
          ],
          [
            31.3260076,
            30.0511054
          ],
          [
            31.3260371,
            30.0510761
          ],
          [
            31.3260725,
            30.0510521
          ],
          [
            31.3261124,
            30.0510343
          ],
          [
            31.3261555,
            30.0510233
          ],
          [
            31.3262002,
            30.0510194
          ],
          [
            31.3262449,
            30.051023
          ],
          [
            31.3262881,
            30.0510337
          ],
          [
            31.3263282,
            30.0510512
          ],
          [
            31.3263719,
            30.0510843
          ],
          [
            31.3264359,
            30.051159
          ]
        ]
      }
    },
    {
      "type": "Feature",
      "properties": {
        "osm_way_id": "465859608",
        "name": "Unnamed mapped way",
        "highway": "footway",
        "layer": "0",
        "bridge": "no",
        "tunnel": "no"
      },
      "geometry": {
        "type": "LineString",
        "coordinates": [
          [
            31.3254136,
            30.0509727
          ],
          [
            31.3255249,
            30.0509502
          ],
          [
            31.3255679,
            30.0509452
          ],
          [
            31.3256112,
            30.0509469
          ],
          [
            31.3256535,
            30.0509551
          ],
          [
            31.3256935,
            30.0509697
          ],
          [
            31.3257298,
            30.0509902
          ],
          [
            31.3257614,
            30.051016
          ],
          [
            31.3257872,
            30.0510461
          ],
          [
            31.3258065,
            30.0510798
          ],
          [
            31.3258185,
            30.0511159
          ],
          [
            31.325823,
            30.0511532
          ],
          [
            31.3258171,
            30.051193
          ],
          [
            31.3258044,
            30.0512339
          ],
          [
            31.3257824,
            30.0512719
          ],
          [
            31.3257548,
            30.051303
          ],
          [
            31.3257207,
            30.0513252
          ],
          [
            31.3256777,
            30.0513457
          ],
          [
            31.3256309,
            30.0513583
          ],
          [
            31.3255821,
            30.0513625
          ],
          [
            31.3255333,
            30.0513582
          ],
          [
            31.3254938,
            30.0513461
          ],
          [
            31.3254522,
            30.0513245
          ],
          [
            31.3254048,
            30.0512929
          ],
          [
            31.3253578,
            30.0512523
          ]
        ]
      }
    },
    {
      "type": "Feature",
      "properties": {
        "osm_way_id": "465859611",
        "name": "Unnamed mapped way",
        "highway": "footway",
        "layer": "0",
        "bridge": "no",
        "tunnel": "no"
      },
      "geometry": {
        "type": "LineString",
        "coordinates": [
          [
            31.3264766,
            30.0520046
          ],
          [
            31.326012,
            30.051936
          ],
          [
            31.3249618,
            30.0517911
          ],
          [
            31.3252603,
            30.0505954
          ],
          [
            31.32531,
            30.0506058
          ],
          [
            31.3254426,
            30.0506291
          ],
          [
            31.3254182,
            30.0507013
          ],
          [
            31.3254664,
            30.0507457
          ],
          [
            31.325454,
            30.0507591
          ],
          [
            31.3255364,
            30.050838
          ]
        ]
      }
    },
    {
      "type": "Feature",
      "properties": {
        "osm_way_id": "465862951",
        "name": "Unnamed mapped way",
        "highway": "footway",
        "layer": "0",
        "bridge": "no",
        "tunnel": "no"
      },
      "geometry": {
        "type": "LineString",
        "coordinates": [
          [
            31.3292504,
            30.0477875
          ],
          [
            31.3293708,
            30.0478301
          ],
          [
            31.3294321,
            30.0478397
          ],
          [
            31.3295051,
            30.0478417
          ],
          [
            31.3295551,
            30.0478234
          ],
          [
            31.3295953,
            30.0477918
          ],
          [
            31.3296211,
            30.0477505
          ],
          [
            31.3296347,
            30.0477166
          ],
          [
            31.3296412,
            30.0476812
          ],
          [
            31.3296406,
            30.0476453
          ],
          [
            31.3296183,
            30.0476184
          ],
          [
            31.3295867,
            30.0475995
          ],
          [
            31.3295497,
            30.0475909
          ],
          [
            31.3294541,
            30.0475733
          ],
          [
            31.3293566,
            30.0475801
          ]
        ]
      }
    },
    {
      "type": "Feature",
      "properties": {
        "osm_way_id": "465864141",
        "name": "Unnamed mapped way",
        "highway": "footway",
        "layer": "0",
        "bridge": "no",
        "tunnel": "no"
      },
      "geometry": {
        "type": "LineString",
        "coordinates": [
          [
            31.3270737,
            30.0451249
          ],
          [
            31.3270958,
            30.0451341
          ],
          [
            31.327754,
            30.0452404
          ],
          [
            31.3277875,
            30.0452352
          ],
          [
            31.3278102,
            30.0452121
          ],
          [
            31.3278471,
            30.0450585
          ],
          [
            31.3278898,
            30.0448809
          ],
          [
            31.3278923,
            30.044854
          ],
          [
            31.3278715,
            30.0448301
          ],
          [
            31.3271977,
            30.0447147
          ],
          [
            31.3271641,
            30.0447302
          ],
          [
            31.3271455,
            30.0447599
          ],
          [
            31.3270671,
            30.0450945
          ],
          [
            31.3270737,
            30.0451249
          ]
        ]
      }
    },
    {
      "type": "Feature",
      "properties": {
        "osm_way_id": "465865295",
        "name": "Al Souq Street",
        "highway": "residential",
        "layer": "0",
        "bridge": "no",
        "tunnel": "no"
      },
      "geometry": {
        "type": "LineString",
        "coordinates": [
          [
            31.3269552,
            30.0491884
          ],
          [
            31.3262725,
            30.0490755
          ]
        ]
      }
    },
    {
      "type": "Feature",
      "properties": {
        "osm_way_id": "468741742",
        "name": "Unnamed mapped way",
        "highway": "footway",
        "layer": "0",
        "bridge": "no",
        "tunnel": "no"
      },
      "geometry": {
        "type": "LineString",
        "coordinates": [
          [
            31.3330636,
            30.0578456
          ],
          [
            31.3331345,
            30.0573561
          ],
          [
            31.3331811,
            30.0570337
          ],
          [
            31.3332332,
            30.0566701
          ],
          [
            31.3332902,
            30.0562798
          ],
          [
            31.3333419,
            30.055923
          ],
          [
            31.3334087,
            30.055461
          ]
        ]
      }
    },
    {
      "type": "Feature",
      "properties": {
        "osm_way_id": "468741743",
        "name": "Unnamed mapped way",
        "highway": "footway",
        "layer": "0",
        "bridge": "no",
        "tunnel": "no"
      },
      "geometry": {
        "type": "LineString",
        "coordinates": [
          [
            31.3335263,
            30.0574034
          ],
          [
            31.3335747,
            30.0570689
          ],
          [
            31.3336273,
            30.0566977
          ],
          [
            31.3336842,
            30.0563115
          ],
          [
            31.3337344,
            30.0559646
          ]
        ]
      }
    },
    {
      "type": "Feature",
      "properties": {
        "osm_way_id": "477543480",
        "name": "Ahmed Mohamed Kamal Street",
        "highway": "residential",
        "layer": "0",
        "bridge": "no",
        "tunnel": "no"
      },
      "geometry": {
        "type": "LineString",
        "coordinates": [
          [
            31.3423963,
            30.0495997
          ],
          [
            31.3401107,
            30.0493714
          ]
        ]
      }
    },
    {
      "type": "Feature",
      "properties": {
        "osm_way_id": "540229982",
        "name": "Unnamed mapped way",
        "highway": "secondary_link",
        "layer": "0",
        "bridge": "no",
        "tunnel": "no"
      },
      "geometry": {
        "type": "LineString",
        "coordinates": [
          [
            31.3247208,
            30.052832
          ],
          [
            31.3247191,
            30.0528001
          ],
          [
            31.3247261,
            30.0527688
          ],
          [
            31.3247414,
            30.0527398
          ],
          [
            31.3247642,
            30.0527148
          ],
          [
            31.3247932,
            30.0526951
          ],
          [
            31.3248267,
            30.0526819
          ],
          [
            31.3248629,
            30.052676
          ],
          [
            31.3248997,
            30.0526776
          ],
          [
            31.324935,
            30.0526866
          ],
          [
            31.3249639,
            30.0527008
          ],
          [
            31.3249886,
            30.0527199
          ],
          [
            31.3250081,
            30.0527431
          ],
          [
            31.3250214,
            30.0527694
          ],
          [
            31.3250279,
            30.0527975
          ],
          [
            31.3250014,
            30.0529658
          ],
          [
            31.3249947,
            30.0530041
          ],
          [
            31.3249961,
            30.0530479
          ],
          [
            31.3250068,
            30.0530907
          ]
        ]
      }
    },
    {
      "type": "Feature",
      "properties": {
        "osm_way_id": "546671038",
        "name": "Yousry Gohar Street",
        "highway": "residential",
        "layer": "0",
        "bridge": "no",
        "tunnel": "no"
      },
      "geometry": {
        "type": "LineString",
        "coordinates": [
          [
            31.3312759,
            30.0571402
          ],
          [
            31.3290372,
            30.0568949
          ]
        ]
      }
    },
    {
      "type": "Feature",
      "properties": {
        "osm_way_id": "564555056",
        "name": "Ali Amin Street",
        "highway": "primary",
        "layer": "0",
        "bridge": "no",
        "tunnel": "no"
      },
      "geometry": {
        "type": "LineString",
        "coordinates": [
          [
            31.3303617,
            30.0528337
          ],
          [
            31.3311726,
            30.0529171
          ],
          [
            31.3315687,
            30.0529578
          ],
          [
            31.3318122,
            30.0529829
          ],
          [
            31.3322214,
            30.0530249
          ],
          [
            31.3324273,
            30.0530461
          ],
          [
            31.3327291,
            30.0530772
          ],
          [
            31.3331477,
            30.0531202
          ],
          [
            31.3332812,
            30.0531339
          ],
          [
            31.3336209,
            30.0531692
          ],
          [
            31.3340205,
            30.0532104
          ],
          [
            31.3341244,
            30.053221
          ],
          [
            31.3342759,
            30.0532332
          ],
          [
            31.3344239,
            30.0532472
          ]
        ]
      }
    },
    {
      "type": "Feature",
      "properties": {
        "osm_way_id": "564555058",
        "name": "Unnamed mapped way",
        "highway": "primary",
        "layer": "1",
        "bridge": "yes",
        "tunnel": "no"
      },
      "geometry": {
        "type": "LineString",
        "coordinates": [
          [
            31.3368379,
            30.0535406
          ],
          [
            31.3375736,
            30.0536121
          ],
          [
            31.3383365,
            30.0536819
          ],
          [
            31.3388651,
            30.0537453
          ],
          [
            31.3398902,
            30.0538732
          ]
        ]
      }
    },
    {
      "type": "Feature",
      "properties": {
        "osm_way_id": "564642358",
        "name": "Ahmed Al Sifi Street",
        "highway": "residential",
        "layer": "0",
        "bridge": "no",
        "tunnel": "no"
      },
      "geometry": {
        "type": "LineString",
        "coordinates": [
          [
            31.3423416,
            30.0540586
          ],
          [
            31.3424567,
            30.0533473
          ],
          [
            31.342547,
            30.0527141
          ]
        ]
      }
    },
    {
      "type": "Feature",
      "properties": {
        "osm_way_id": "650705746",
        "name": "Al Batrawi Street",
        "highway": "residential",
        "layer": "0",
        "bridge": "no",
        "tunnel": "no"
      },
      "geometry": {
        "type": "LineString",
        "coordinates": [
          [
            31.3290565,
            30.0613726
          ],
          [
            31.3297562,
            30.0614372
          ],
          [
            31.3298341,
            30.0614423
          ],
          [
            31.3298999,
            30.0614321
          ],
          [
            31.330127,
            30.0613921
          ]
        ]
      }
    },
    {
      "type": "Feature",
      "properties": {
        "osm_way_id": "650714360",
        "name": "Street 40",
        "highway": "residential",
        "layer": "0",
        "bridge": "no",
        "tunnel": "no"
      },
      "geometry": {
        "type": "LineString",
        "coordinates": [
          [
            31.336493,
            30.0445166
          ],
          [
            31.3363899,
            30.0451606
          ]
        ]
      }
    },
    {
      "type": "Feature",
      "properties": {
        "osm_way_id": "650714381",
        "name": "Ismail Al Qabbany Street",
        "highway": "tertiary",
        "layer": "0",
        "bridge": "no",
        "tunnel": "no"
      },
      "geometry": {
        "type": "LineString",
        "coordinates": [
          [
            31.3329556,
            30.0595119
          ],
          [
            31.3320857,
            30.0594104
          ],
          [
            31.3318731,
            30.0593883
          ],
          [
            31.3306973,
            30.0592583
          ],
          [
            31.3302122,
            30.0592026
          ],
          [
            31.3293449,
            30.0591023
          ],
          [
            31.3268271,
            30.0588415
          ],
          [
            31.3255234,
            30.058706
          ],
          [
            31.3254553,
            30.0587035
          ],
          [
            31.3248217,
            30.0586606
          ],
          [
            31.3246527,
            30.0586548
          ],
          [
            31.3244425,
            30.0586483
          ],
          [
            31.3240961,
            30.0586534
          ]
        ]
      }
    },
    {
      "type": "Feature",
      "properties": {
        "osm_way_id": "652088553",
        "name": "Ahmed Qasem Gouda Street",
        "highway": "residential",
        "layer": "0",
        "bridge": "no",
        "tunnel": "no"
      },
      "geometry": {
        "type": "LineString",
        "coordinates": [
          [
            31.3361435,
            30.0611522
          ],
          [
            31.3361927,
            30.0611573
          ],
          [
            31.3362428,
            30.0611586
          ],
          [
            31.3362924,
            30.0611526
          ],
          [
            31.3363414,
            30.06113
          ],
          [
            31.3363785,
            30.0611013
          ],
          [
            31.3364055,
            30.0610646
          ],
          [
            31.3364256,
            30.0610294
          ],
          [
            31.3364416,
            30.0609874
          ],
          [
            31.3364561,
            30.0609328
          ],
          [
            31.3364794,
            30.0608073
          ],
          [
            31.3366135,
            30.0598179
          ],
          [
            31.3366346,
            30.0596625
          ],
          [
            31.336654,
            30.0594703
          ],
          [
            31.3367391,
            30.0588394
          ],
          [
            31.3367569,
            30.0587229
          ],
          [
            31.3367817,
            30.0585613
          ],
          [
            31.3368302,
            30.0582443
          ],
          [
            31.3369241,
            30.0575501
          ],
          [
            31.336943,
            30.0574102
          ],
          [
            31.337072,
            30.0564562
          ],
          [
            31.3370854,
            30.0563572
          ],
          [
            31.3370999,
            30.0562503
          ],
          [
            31.3371526,
            30.0558606
          ],
          [
            31.3372409,
            30.0552078
          ],
          [
            31.3373123,
            30.0546795
          ],
          [
            31.3373281,
            30.0545626
          ],
          [
            31.3374221,
            30.0537846
          ]
        ]
      }
    },
    {
      "type": "Feature",
      "properties": {
        "osm_way_id": "652096512",
        "name": "Unnamed mapped way",
        "highway": "residential",
        "layer": "0",
        "bridge": "no",
        "tunnel": "no"
      },
      "geometry": {
        "type": "LineString",
        "coordinates": [
          [
            31.3314317,
            30.0530698
          ],
          [
            31.3313023,
            30.0538932
          ],
          [
            31.3312835,
            30.0540064
          ]
        ]
      }
    },
    {
      "type": "Feature",
      "properties": {
        "osm_way_id": "652130052",
        "name": "Unnamed mapped way",
        "highway": "tertiary",
        "layer": "1",
        "bridge": "yes",
        "tunnel": "no"
      },
      "geometry": {
        "type": "LineString",
        "coordinates": [
          [
            31.3427948,
            30.06268
          ],
          [
            31.3429336,
            30.0626963
          ],
          [
            31.3444177,
            30.0628712
          ]
        ]
      }
    },
    {
      "type": "Feature",
      "properties": {
        "osm_way_id": "656515184",
        "name": "Unnamed mapped way",
        "highway": "footway",
        "layer": "0",
        "bridge": "no",
        "tunnel": "no"
      },
      "geometry": {
        "type": "LineString",
        "coordinates": [
          [
            31.3290345,
            30.0498725
          ],
          [
            31.3287002,
            30.0494923
          ]
        ]
      }
    },
    {
      "type": "Feature",
      "properties": {
        "osm_way_id": "669874944",
        "name": "Al Sagha Street",
        "highway": "residential",
        "layer": "0",
        "bridge": "no",
        "tunnel": "no"
      },
      "geometry": {
        "type": "LineString",
        "coordinates": [
          [
            31.3373036,
            30.0610366
          ],
          [
            31.3364561,
            30.0609328
          ]
        ]
      }
    },
    {
      "type": "Feature",
      "properties": {
        "osm_way_id": "669882749",
        "name": "Unnamed mapped way",
        "highway": "primary_link",
        "layer": "0",
        "bridge": "no",
        "tunnel": "no"
      },
      "geometry": {
        "type": "LineString",
        "coordinates": [
          [
            31.3456435,
            30.0543964
          ],
          [
            31.3456763,
            30.0544456
          ],
          [
            31.3456992,
            30.0544805
          ],
          [
            31.3457106,
            30.0545194
          ],
          [
            31.3457096,
            30.0545595
          ],
          [
            31.3456963,
            30.0545979
          ],
          [
            31.3456716,
            30.0546319
          ],
          [
            31.3456375,
            30.054659
          ],
          [
            31.3455962,
            30.0546772
          ]
        ]
      }
    },
    {
      "type": "Feature",
      "properties": {
        "osm_way_id": "669890458",
        "name": "Makram Abaid Street",
        "highway": "tertiary",
        "layer": "0",
        "bridge": "no",
        "tunnel": "no"
      },
      "geometry": {
        "type": "LineString",
        "coordinates": [
          [
            31.3462442,
            30.0549081
          ],
          [
            31.3462193,
            30.0550596
          ],
          [
            31.3461791,
            30.0553585
          ],
          [
            31.3459906,
            30.0567605
          ],
          [
            31.3459704,
            30.0569023
          ],
          [
            31.3456096,
            30.0593731
          ],
          [
            31.345603,
            30.0594145
          ],
          [
            31.3455876,
            30.0595213
          ],
          [
            31.3455019,
            30.0601095
          ],
          [
            31.3454425,
            30.060524
          ],
          [
            31.3452739,
            30.061651
          ],
          [
            31.3451227,
            30.0627805
          ],
          [
            31.3450745,
            30.0631815
          ],
          [
            31.3450565,
            30.063311
          ],
          [
            31.3450519,
            30.0633439
          ],
          [
            31.3450001,
            30.0637501
          ],
          [
            31.3448471,
            30.0646644
          ],
          [
            31.3448234,
            30.0648137
          ],
          [
            31.3447681,
            30.0651621
          ],
          [
            31.3447114,
            30.0655193
          ],
          [
            31.3446631,
            30.065823
          ],
          [
            31.3445715,
            30.0664135
          ],
          [
            31.344542,
            30.0666764
          ],
          [
            31.3445232,
            30.0668082
          ],
          [
            31.3444796,
            30.0671255
          ],
          [
            31.3444014,
            30.0677048
          ],
          [
            31.3443838,
            30.0678353
          ],
          [
            31.3442254,
            30.0690087
          ],
          [
            31.3442402,
            30.0691224
          ],
          [
            31.344263,
            30.0691712
          ],
          [
            31.3442952,
            30.0692234
          ],
          [
            31.344332,
            30.0692859
          ],
          [
            31.3443998,
            30.0694011
          ]
        ]
      }
    },
    {
      "type": "Feature",
      "properties": {
        "osm_way_id": "669890462",
        "name": "Makram Abaid Street",
        "highway": "tertiary",
        "layer": "0",
        "bridge": "no",
        "tunnel": "no"
      },
      "geometry": {
        "type": "LineString",
        "coordinates": [
          [
            31.3438271,
            30.0693348
          ],
          [
            31.3439005,
            30.0692158
          ],
          [
            31.3439424,
            30.0691491
          ],
          [
            31.3439738,
            30.0690782
          ],
          [
            31.3439944,
            30.0690043
          ],
          [
            31.3440131,
            30.0688996
          ],
          [
            31.3441245,
            30.0681523
          ],
          [
            31.3441454,
            30.0680134
          ],
          [
            31.3443887,
            30.0663922
          ],
          [
            31.3444059,
            30.0662719
          ],
          [
            31.3445682,
            30.0651348
          ],
          [
            31.3445886,
            30.0649905
          ],
          [
            31.3446386,
            30.0646451
          ],
          [
            31.3447545,
            30.0638455
          ],
          [
            31.344768,
            30.0637538
          ],
          [
            31.3448268,
            30.0633473
          ],
          [
            31.3448307,
            30.0633204
          ],
          [
            31.3448583,
            30.0631879
          ],
          [
            31.3449163,
            30.0627517
          ],
          [
            31.3450094,
            30.0621428
          ],
          [
            31.3450254,
            30.0620371
          ],
          [
            31.3454106,
            30.0593897
          ],
          [
            31.3455821,
            30.0582114
          ],
          [
            31.3456008,
            30.0580895
          ],
          [
            31.345975,
            30.0553416
          ],
          [
            31.3460136,
            30.0550577
          ],
          [
            31.3460336,
            30.0548976
          ],
          [
            31.3460893,
            30.0545663
          ],
          [
            31.346143,
            30.0543029
          ]
        ]
      }
    },
    {
      "type": "Feature",
      "properties": {
        "osm_way_id": "670273857",
        "name": "Abou Al Ataheya Street",
        "highway": "primary",
        "layer": "0",
        "bridge": "no",
        "tunnel": "no"
      },
      "geometry": {
        "type": "LineString",
        "coordinates": [
          [
            31.3384126,
            30.0534491
          ],
          [
            31.3385024,
            30.0528237
          ],
          [
            31.3385357,
            30.0525703
          ],
          [
            31.3386053,
            30.0520959
          ],
          [
            31.3386605,
            30.0516729
          ],
          [
            31.3390996,
            30.0488213
          ],
          [
            31.3391044,
            30.048792
          ],
          [
            31.3391157,
            30.0487227
          ],
          [
            31.3391219,
            30.0486809
          ],
          [
            31.3391257,
            30.0486574
          ],
          [
            31.3391658,
            30.0483718
          ],
          [
            31.339187,
            30.0482205
          ],
          [
            31.3391968,
            30.0481509
          ],
          [
            31.339237,
            30.0478646
          ],
          [
            31.3393864,
            30.0468428
          ],
          [
            31.3394301,
            30.0465899
          ],
          [
            31.3394781,
            30.046254
          ],
          [
            31.3395829,
            30.0454727
          ],
          [
            31.3396348,
            30.0451379
          ],
          [
            31.3396378,
            30.0451178
          ],
          [
            31.339636,
            30.0450562
          ],
          [
            31.3396223,
            30.0449958
          ],
          [
            31.3395973,
            30.0449381
          ],
          [
            31.3395615,
            30.0448848
          ],
          [
            31.3395161,
            30.0448374
          ]
        ]
      }
    },
    {
      "type": "Feature",
      "properties": {
        "osm_way_id": "670279140",
        "name": "Unnamed mapped way",
        "highway": "residential",
        "layer": "0",
        "bridge": "no",
        "tunnel": "no"
      },
      "geometry": {
        "type": "LineString",
        "coordinates": [
          [
            31.3311126,
            30.0539898
          ],
          [
            31.3311306,
            30.0538747
          ],
          [
            31.3312542,
            30.0530498
          ]
        ]
      }
    },
    {
      "type": "Feature",
      "properties": {
        "osm_way_id": "670456898",
        "name": "Unnamed mapped way",
        "highway": "tertiary_link",
        "layer": "0",
        "bridge": "no",
        "tunnel": "no"
      },
      "geometry": {
        "type": "LineString",
        "coordinates": [
          [
            31.3318731,
            30.0593883
          ],
          [
            31.3318914,
            30.0592748
          ]
        ]
      }
    },
    {
      "type": "Feature",
      "properties": {
        "osm_way_id": "670517412",
        "name": "Unnamed mapped way",
        "highway": "residential",
        "layer": "0",
        "bridge": "no",
        "tunnel": "no"
      },
      "geometry": {
        "type": "LineString",
        "coordinates": [
          [
            31.3308492,
            30.0557628
          ],
          [
            31.3309349,
            30.0551948
          ]
        ]
      }
    },
    {
      "type": "Feature",
      "properties": {
        "osm_way_id": "670520191",
        "name": "Unnamed mapped way",
        "highway": "primary_link",
        "layer": "0",
        "bridge": "no",
        "tunnel": "no"
      },
      "geometry": {
        "type": "LineString",
        "coordinates": [
          [
            31.3390399,
            30.0539593
          ],
          [
            31.3390086,
            30.0539368
          ],
          [
            31.338984,
            30.0539087
          ],
          [
            31.3389674,
            30.0538764
          ],
          [
            31.3389597,
            30.0538418
          ],
          [
            31.3389613,
            30.0538065
          ],
          [
            31.338972,
            30.0537725
          ],
          [
            31.3389915,
            30.0537415
          ],
          [
            31.3390185,
            30.0537151
          ],
          [
            31.3390518,
            30.0536947
          ]
        ]
      }
    },
    {
      "type": "Feature",
      "properties": {
        "osm_way_id": "670681654",
        "name": "Unnamed mapped way",
        "highway": "residential",
        "layer": "0",
        "bridge": "no",
        "tunnel": "no"
      },
      "geometry": {
        "type": "LineString",
        "coordinates": [
          [
            31.3319263,
            30.0605565
          ],
          [
            31.3319765,
            30.0601807
          ],
          [
            31.3320857,
            30.0594104
          ]
        ]
      }
    },
    {
      "type": "Feature",
      "properties": {
        "osm_way_id": "671744652",
        "name": "Abd Al Razak Al Sanhouri Street",
        "highway": "tertiary",
        "layer": "0",
        "bridge": "no",
        "tunnel": "no"
      },
      "geometry": {
        "type": "LineString",
        "coordinates": [
          [
            31.3404641,
            30.0625137
          ],
          [
            31.3403727,
            30.0625461
          ],
          [
            31.3402777,
            30.0625586
          ],
          [
            31.3401817,
            30.0625579
          ],
          [
            31.3383625,
            30.0623361
          ],
          [
            31.3382404,
            30.0623219
          ],
          [
            31.3381174,
            30.0623157
          ],
          [
            31.3379889,
            30.0623178
          ],
          [
            31.3378608,
            30.0623297
          ],
          [
            31.3377343,
            30.0623503
          ],
          [
            31.3376848,
            30.062362
          ],
          [
            31.3376102,
            30.0623797
          ],
          [
            31.3374893,
            30.0624178
          ],
          [
            31.3373724,
            30.0624643
          ]
        ]
      }
    },
    {
      "type": "Feature",
      "properties": {
        "osm_way_id": "675092244",
        "name": "Unnamed mapped way",
        "highway": "residential",
        "layer": "0",
        "bridge": "no",
        "tunnel": "no"
      },
      "geometry": {
        "type": "LineString",
        "coordinates": [
          [
            31.3248564,
            30.062602
          ],
          [
            31.3248279,
            30.0626088
          ],
          [
            31.3248057,
            30.0626258
          ],
          [
            31.3247946,
            30.0626495
          ],
          [
            31.3247967,
            30.062675
          ],
          [
            31.3248116,
            30.0626971
          ],
          [
            31.3248392,
            30.0627082
          ],
          [
            31.3250497,
            30.0627348
          ],
          [
            31.3250769,
            30.0627342
          ],
          [
            31.3251011,
            30.0627235
          ],
          [
            31.3251174,
            30.0627046
          ],
          [
            31.3251225,
            30.0626815
          ],
          [
            31.3251155,
            30.0626588
          ],
          [
            31.3250977,
            30.062641
          ],
          [
            31.3250727,
            30.0626317
          ],
          [
            31.3248564,
            30.062602
          ]
        ]
      }
    },
    {
      "type": "Feature",
      "properties": {
        "osm_way_id": "675093183",
        "name": "Ezz Al Din Taha Street",
        "highway": "residential",
        "layer": "0",
        "bridge": "no",
        "tunnel": "no"
      },
      "geometry": {
        "type": "LineString",
        "coordinates": [
          [
            31.3325951,
            30.0585569
          ],
          [
            31.3317444,
            30.0584673
          ],
          [
            31.3310976,
            30.0583961
          ],
          [
            31.3288451,
            30.0581639
          ],
          [
            31.3283689,
            30.0581032
          ],
          [
            31.3272859,
            30.0579985
          ]
        ]
      }
    },
    {
      "type": "Feature",
      "properties": {
        "osm_way_id": "675106503",
        "name": "Al Taawon Street",
        "highway": "residential",
        "layer": "0",
        "bridge": "no",
        "tunnel": "no"
      },
      "geometry": {
        "type": "LineString",
        "coordinates": [
          [
            31.3292193,
            30.0555821
          ],
          [
            31.3283194,
            30.0554873
          ],
          [
            31.3282796,
            30.0554831
          ],
          [
            31.3282413,
            30.0554737
          ],
          [
            31.3282081,
            30.0554548
          ],
          [
            31.328183,
            30.0554281
          ],
          [
            31.3281683,
            30.0553961
          ],
          [
            31.3281654,
            30.0553617
          ],
          [
            31.3281698,
            30.0553282
          ],
          [
            31.3282121,
            30.0550059
          ],
          [
            31.3282197,
            30.054974
          ],
          [
            31.3282412,
            30.0549469
          ],
          [
            31.3282709,
            30.0549265
          ],
          [
            31.3283062,
            30.0549143
          ],
          [
            31.328344,
            30.0549114
          ],
          [
            31.3283798,
            30.0549147
          ],
          [
            31.3293027,
            30.055019
          ]
        ]
      }
    },
    {
      "type": "Feature",
      "properties": {
        "osm_way_id": "687613186",
        "name": "Al Mosawah Street",
        "highway": "residential",
        "layer": "0",
        "bridge": "no",
        "tunnel": "no"
      },
      "geometry": {
        "type": "LineString",
        "coordinates": [
          [
            31.3362285,
            30.0575244
          ],
          [
            31.3347668,
            30.0573663
          ]
        ]
      }
    },
    {
      "type": "Feature",
      "properties": {
        "osm_way_id": "688162152",
        "name": "Unnamed mapped way",
        "highway": "residential",
        "layer": "0",
        "bridge": "no",
        "tunnel": "no"
      },
      "geometry": {
        "type": "LineString",
        "coordinates": [
          [
            31.3295102,
            30.0529461
          ],
          [
            31.3294047,
            30.0536892
          ]
        ]
      }
    },
    {
      "type": "Feature",
      "properties": {
        "osm_way_id": "688180352",
        "name": "Unnamed mapped way",
        "highway": "residential",
        "layer": "0",
        "bridge": "no",
        "tunnel": "no"
      },
      "geometry": {
        "type": "LineString",
        "coordinates": [
          [
            31.3287061,
            30.0494662
          ],
          [
            31.3295593,
            30.0495719
          ],
          [
            31.3295866,
            30.0495753
          ]
        ]
      }
    },
    {
      "type": "Feature",
      "properties": {
        "osm_way_id": "693475726",
        "name": "Unnamed mapped way",
        "highway": "primary_link",
        "layer": "0",
        "bridge": "no",
        "tunnel": "no"
      },
      "geometry": {
        "type": "LineString",
        "coordinates": [
          [
            31.3277027,
            30.0527354
          ],
          [
            31.3276927,
            30.0527082
          ],
          [
            31.3276786,
            30.052681
          ],
          [
            31.3276617,
            30.0526469
          ],
          [
            31.3276531,
            30.0526104
          ],
          [
            31.3276534,
            30.0525733
          ],
          [
            31.3276625,
            30.0525369
          ],
          [
            31.32768,
            30.052503
          ],
          [
            31.3277055,
            30.0524709
          ]
        ]
      }
    },
    {
      "type": "Feature",
      "properties": {
        "osm_way_id": "693475727",
        "name": "Unnamed mapped way",
        "highway": "primary_link",
        "layer": "0",
        "bridge": "no",
        "tunnel": "no"
      },
      "geometry": {
        "type": "LineString",
        "coordinates": [
          [
            31.3264598,
            30.0522871
          ],
          [
            31.3264983,
            30.0523225
          ],
          [
            31.3265277,
            30.0523595
          ],
          [
            31.3265475,
            30.052401
          ],
          [
            31.3265569,
            30.0524451
          ],
          [
            31.3265552,
            30.05249
          ],
          [
            31.3265428,
            30.0525336
          ],
          [
            31.32652,
            30.0525739
          ],
          [
            31.3264879,
            30.0526092
          ]
        ]
      }
    },
    {
      "type": "Feature",
      "properties": {
        "osm_way_id": "693475729",
        "name": "Unnamed mapped way",
        "highway": "primary",
        "layer": "0",
        "bridge": "no",
        "tunnel": "no"
      },
      "geometry": {
        "type": "LineString",
        "coordinates": [
          [
            31.3263715,
            30.0524805
          ],
          [
            31.3253126,
            30.0523796
          ],
          [
            31.3250609,
            30.0523483
          ],
          [
            31.3248029,
            30.0523099
          ],
          [
            31.3245773,
            30.0522659
          ],
          [
            31.324343,
            30.0522124
          ],
          [
            31.3241445,
            30.0521613
          ],
          [
            31.3239366,
            30.0521029
          ],
          [
            31.3237478,
            30.0520375
          ],
          [
            31.3234359,
            30.0519386
          ],
          [
            31.3233563,
            30.0519176
          ],
          [
            31.3232747,
            30.0519036
          ],
          [
            31.3232045,
            30.0518973
          ],
          [
            31.3231339,
            30.0518961
          ],
          [
            31.3230423,
            30.051908
          ]
        ]
      }
    },
    {
      "type": "Feature",
      "properties": {
        "osm_way_id": "693475730",
        "name": "Al Salam Street",
        "highway": "residential",
        "layer": "0",
        "bridge": "no",
        "tunnel": "no"
      },
      "geometry": {
        "type": "LineString",
        "coordinates": [
          [
            31.3288602,
            30.0519205
          ],
          [
            31.3289593,
            30.0512789
          ],
          [
            31.3290073,
            30.0509634
          ]
        ]
      }
    },
    {
      "type": "Feature",
      "properties": {
        "osm_way_id": "693660700",
        "name": "Ahmed Hamed Abou Al Hasaib Street",
        "highway": "residential",
        "layer": "0",
        "bridge": "no",
        "tunnel": "no"
      },
      "geometry": {
        "type": "LineString",
        "coordinates": [
          [
            31.3361435,
            30.0611522
          ],
          [
            31.3361338,
            30.0611869
          ],
          [
            31.3361147,
            30.0612126
          ],
          [
            31.3360878,
            30.0612325
          ],
          [
            31.3360555,
            30.0612449
          ],
          [
            31.3360203,
            30.0612486
          ],
          [
            31.3359855,
            30.0612457
          ],
          [
            31.3342539,
            30.0610536
          ]
        ]
      }
    },
    {
      "type": "Feature",
      "properties": {
        "osm_way_id": "694211551",
        "name": "Ibrahim Shawki Street",
        "highway": "tertiary",
        "layer": "0",
        "bridge": "no",
        "tunnel": "no"
      },
      "geometry": {
        "type": "LineString",
        "coordinates": [
          [
            31.3328604,
            30.0615726
          ],
          [
            31.3328958,
            30.0615067
          ],
          [
            31.3329287,
            30.0614475
          ],
          [
            31.3329548,
            30.061386
          ],
          [
            31.3329782,
            30.0613144
          ],
          [
            31.3330294,
            30.0609958
          ],
          [
            31.3330786,
            30.0606791
          ],
          [
            31.3331897,
            30.05973
          ],
          [
            31.3331833,
            30.0596635
          ],
          [
            31.3331521,
            30.0596025
          ],
          [
            31.3330997,
            30.0595537
          ],
          [
            31.3330317,
            30.0595223
          ],
          [
            31.3329556,
            30.0595119
          ]
        ]
      }
    },
    {
      "type": "Feature",
      "properties": {
        "osm_way_id": "699426079",
        "name": "Unnamed mapped way",
        "highway": "footway",
        "layer": "0",
        "bridge": "no",
        "tunnel": "no"
      },
      "geometry": {
        "type": "LineString",
        "coordinates": [
          [
            31.3250302,
            30.0479221
          ],
          [
            31.3254004,
            30.0479807
          ]
        ]
      }
    },
    {
      "type": "Feature",
      "properties": {
        "osm_way_id": "699453881",
        "name": "Unnamed mapped way",
        "highway": "footway",
        "layer": "0",
        "bridge": "no",
        "tunnel": "no"
      },
      "geometry": {
        "type": "LineString",
        "coordinates": [
          [
            31.329683,
            30.0653022
          ],
          [
            31.3296916,
            30.06524
          ],
          [
            31.3297419,
            30.0648798
          ],
          [
            31.3297927,
            30.0645101
          ],
          [
            31.3298441,
            30.0641448
          ],
          [
            31.3298958,
            30.0637763
          ],
          [
            31.3299467,
            30.0634119
          ],
          [
            31.3299984,
            30.0630428
          ],
          [
            31.3300131,
            30.0629374
          ]
        ]
      }
    },
    {
      "type": "Feature",
      "properties": {
        "osm_way_id": "699470447",
        "name": "Ibrahim Ibn Al Mahdy Street",
        "highway": "residential",
        "layer": "0",
        "bridge": "no",
        "tunnel": "no"
      },
      "geometry": {
        "type": "LineString",
        "coordinates": [
          [
            31.3345711,
            30.0455354
          ],
          [
            31.3380806,
            30.0459137
          ]
        ]
      }
    },
    {
      "type": "Feature",
      "properties": {
        "osm_way_id": "699625419",
        "name": "Unnamed mapped way",
        "highway": "footway",
        "layer": "0",
        "bridge": "no",
        "tunnel": "no"
      },
      "geometry": {
        "type": "LineString",
        "coordinates": [
          [
            31.3260692,
            30.0504976
          ],
          [
            31.3260403,
            30.0505928
          ],
          [
            31.3260021,
            30.0507192
          ]
        ]
      }
    },
    {
      "type": "Feature",
      "properties": {
        "osm_way_id": "699645910",
        "name": "Al Islah Street",
        "highway": "residential",
        "layer": "0",
        "bridge": "no",
        "tunnel": "no"
      },
      "geometry": {
        "type": "LineString",
        "coordinates": [
          [
            31.3274873,
            30.0567066
          ],
          [
            31.3283912,
            30.0568041
          ],
          [
            31.3284382,
            30.056812
          ],
          [
            31.3284815,
            30.0568248
          ],
          [
            31.3285192,
            30.0568473
          ],
          [
            31.3285485,
            30.0568777
          ],
          [
            31.3285671,
            30.0569139
          ],
          [
            31.3285738,
            30.056953
          ],
          [
            31.3285692,
            30.0569923
          ],
          [
            31.328555,
            30.0570945
          ]
        ]
      }
    },
    {
      "type": "Feature",
      "properties": {
        "osm_way_id": "699661040",
        "name": "Unnamed mapped way",
        "highway": "footway",
        "layer": "0",
        "bridge": "no",
        "tunnel": "no"
      },
      "geometry": {
        "type": "LineString",
        "coordinates": [
          [
            31.3259633,
            30.0512142
          ],
          [
            31.3258171,
            30.051193
          ]
        ]
      }
    },
    {
      "type": "Feature",
      "properties": {
        "osm_way_id": "699691694",
        "name": "Unnamed mapped way",
        "highway": "footway",
        "layer": "0",
        "bridge": "no",
        "tunnel": "no"
      },
      "geometry": {
        "type": "LineString",
        "coordinates": [
          [
            31.3335657,
            30.0557082
          ],
          [
            31.3335954,
            30.055481
          ]
        ]
      }
    },
    {
      "type": "Feature",
      "properties": {
        "osm_way_id": "699691695",
        "name": "Unnamed mapped way",
        "highway": "footway",
        "layer": "0",
        "bridge": "no",
        "tunnel": "no"
      },
      "geometry": {
        "type": "LineString",
        "coordinates": [
          [
            31.3335747,
            30.0570689
          ],
          [
            31.3331811,
            30.0570337
          ],
          [
            31.3328255,
            30.0570018
          ]
        ]
      }
    },
    {
      "type": "Feature",
      "properties": {
        "osm_way_id": "699691696",
        "name": "Unnamed mapped way",
        "highway": "footway",
        "layer": "0",
        "bridge": "no",
        "tunnel": "no"
      },
      "geometry": {
        "type": "LineString",
        "coordinates": [
          [
            31.3340324,
            30.056726
          ],
          [
            31.3336273,
            30.0566977
          ],
          [
            31.3332332,
            30.0566701
          ],
          [
            31.3328739,
            30.0566569
          ]
        ]
      }
    },
    {
      "type": "Feature",
      "properties": {
        "osm_way_id": "699691697",
        "name": "Unnamed mapped way",
        "highway": "footway",
        "layer": "0",
        "bridge": "no",
        "tunnel": "no"
      },
      "geometry": {
        "type": "LineString",
        "coordinates": [
          [
            31.3336842,
            30.0563115
          ],
          [
            31.3332902,
            30.0562798
          ],
          [
            31.3329338,
            30.0562512
          ]
        ]
      }
    },
    {
      "type": "Feature",
      "properties": {
        "osm_way_id": "699691698",
        "name": "Unnamed mapped way",
        "highway": "footway",
        "layer": "0",
        "bridge": "no",
        "tunnel": "no"
      },
      "geometry": {
        "type": "LineString",
        "coordinates": [
          [
            31.3331345,
            30.0573561
          ],
          [
            31.3335263,
            30.0574034
          ],
          [
            31.3339276,
            30.0574517
          ]
        ]
      }
    },
    {
      "type": "Feature",
      "properties": {
        "osm_way_id": "699691699",
        "name": "Unnamed mapped way",
        "highway": "footway",
        "layer": "0",
        "bridge": "no",
        "tunnel": "no"
      },
      "geometry": {
        "type": "LineString",
        "coordinates": [
          [
            31.3341362,
            30.0560071
          ],
          [
            31.3337344,
            30.0559646
          ],
          [
            31.3333419,
            30.055923
          ]
        ]
      }
    },
    {
      "type": "Feature",
      "properties": {
        "osm_way_id": "699691940",
        "name": "Abou Dawoud Al Zahery Street",
        "highway": "tertiary",
        "layer": "0",
        "bridge": "no",
        "tunnel": "no"
      },
      "geometry": {
        "type": "LineString",
        "coordinates": [
          [
            31.3579784,
            30.0617223
          ],
          [
            31.3579126,
            30.0616945
          ],
          [
            31.3578438,
            30.061673
          ],
          [
            31.3577727,
            30.0616581
          ],
          [
            31.3577001,
            30.06165
          ],
          [
            31.357627,
            30.0616487
          ],
          [
            31.3575729,
            30.0616492
          ],
          [
            31.3573369,
            30.0616741
          ],
          [
            31.3571205,
            30.0616887
          ],
          [
            31.3570239,
            30.0616887
          ],
          [
            31.356906,
            30.0616831
          ],
          [
            31.3567887,
            30.0616716
          ],
          [
            31.3557707,
            30.0615665
          ],
          [
            31.35369,
            30.0613374
          ],
          [
            31.3534064,
            30.0613062
          ],
          [
            31.3512465,
            30.0610642
          ],
          [
            31.3510656,
            30.0610431
          ],
          [
            31.3500722,
            30.0609422
          ],
          [
            31.349558,
            30.0608885
          ],
          [
            31.3478612,
            30.0607119
          ],
          [
            31.3460258,
            30.0605199
          ],
          [
            31.3457943,
            30.0604936
          ],
          [
            31.3457282,
            30.0604872
          ],
          [
            31.3456617,
            30.0604864
          ],
          [
            31.3455954,
            30.0604911
          ],
          [
            31.3455179,
            30.0605037
          ],
          [
            31.3454425,
            30.060524
          ]
        ]
      }
    },
    {
      "type": "Feature",
      "properties": {
        "osm_way_id": "699863660",
        "name": "Unnamed mapped way",
        "highway": "footway",
        "layer": "0",
        "bridge": "no",
        "tunnel": "no"
      },
      "geometry": {
        "type": "LineString",
        "coordinates": [
          [
            31.3388328,
            30.0450674
          ],
          [
            31.3396348,
            30.0451379
          ]
        ]
      }
    },
    {
      "type": "Feature",
      "properties": {
        "osm_way_id": "699863662",
        "name": "Ibn Al Mahdy Street",
        "highway": "residential",
        "layer": "0",
        "bridge": "no",
        "tunnel": "no"
      },
      "geometry": {
        "type": "LineString",
        "coordinates": [
          [
            31.3346449,
            30.0449567
          ],
          [
            31.3345711,
            30.0455354
          ],
          [
            31.3344754,
            30.0460827
          ],
          [
            31.3344771,
            30.0461038
          ],
          [
            31.3344806,
            30.0461235
          ],
          [
            31.3344838,
            30.0461488
          ]
        ]
      }
    },
    {
      "type": "Feature",
      "properties": {
        "osm_way_id": "699863664",
        "name": "Unnamed mapped way",
        "highway": "footway",
        "layer": "0",
        "bridge": "no",
        "tunnel": "no"
      },
      "geometry": {
        "type": "LineString",
        "coordinates": [
          [
            31.3298668,
            30.0474645
          ],
          [
            31.329651,
            30.0475981
          ]
        ]
      }
    },
    {
      "type": "Feature",
      "properties": {
        "osm_way_id": "699863665",
        "name": "Unnamed mapped way",
        "highway": "footway",
        "layer": "0",
        "bridge": "no",
        "tunnel": "no"
      },
      "geometry": {
        "type": "LineString",
        "coordinates": [
          [
            31.3295867,
            30.0475995
          ],
          [
            31.329651,
            30.0475981
          ],
          [
            31.3296406,
            30.0476453
          ]
        ]
      }
    },
    {
      "type": "Feature",
      "properties": {
        "osm_way_id": "699863668",
        "name": "Unnamed mapped way",
        "highway": "footway",
        "layer": "0",
        "bridge": "no",
        "tunnel": "no"
      },
      "geometry": {
        "type": "LineString",
        "coordinates": [
          [
            31.3293828,
            30.0479011
          ],
          [
            31.3293572,
            30.0479871
          ]
        ]
      }
    },
    {
      "type": "Feature",
      "properties": {
        "osm_way_id": "699863669",
        "name": "Unnamed mapped way",
        "highway": "footway",
        "layer": "0",
        "bridge": "no",
        "tunnel": "no"
      },
      "geometry": {
        "type": "LineString",
        "coordinates": [
          [
            31.3293708,
            30.0478301
          ],
          [
            31.3293828,
            30.0479011
          ],
          [
            31.3294321,
            30.0478397
          ]
        ]
      }
    },
    {
      "type": "Feature",
      "properties": {
        "osm_way_id": "699863672",
        "name": "Unnamed mapped way",
        "highway": "footway",
        "layer": "0",
        "bridge": "no",
        "tunnel": "no"
      },
      "geometry": {
        "type": "LineString",
        "coordinates": [
          [
            31.3295593,
            30.0495719
          ],
          [
            31.3291229,
            30.0498815
          ]
        ]
      }
    },
    {
      "type": "Feature",
      "properties": {
        "osm_way_id": "699863673",
        "name": "Unnamed mapped way",
        "highway": "residential",
        "layer": "0",
        "bridge": "no",
        "tunnel": "no"
      },
      "geometry": {
        "type": "LineString",
        "coordinates": [
          [
            31.3294245,
            30.0521849
          ],
          [
            31.3289817,
            30.0521408
          ]
        ]
      }
    },
    {
      "type": "Feature",
      "properties": {
        "osm_way_id": "699863674",
        "name": "Unnamed mapped way",
        "highway": "residential",
        "layer": "0",
        "bridge": "no",
        "tunnel": "no"
      },
      "geometry": {
        "type": "LineString",
        "coordinates": [
          [
            31.3297542,
            30.0520092
          ],
          [
            31.3294578,
            30.0519738
          ],
          [
            31.329305,
            30.0519536
          ]
        ]
      }
    },
    {
      "type": "Feature",
      "properties": {
        "osm_way_id": "699863675",
        "name": "Unnamed mapped way",
        "highway": "residential",
        "layer": "0",
        "bridge": "no",
        "tunnel": "no"
      },
      "geometry": {
        "type": "LineString",
        "coordinates": [
          [
            31.3296999,
            30.0523853
          ],
          [
            31.3293977,
            30.0523547
          ],
          [
            31.3293722,
            30.0523542
          ],
          [
            31.3293488,
            30.052363
          ],
          [
            31.3293319,
            30.0523795
          ],
          [
            31.3293245,
            30.0524007
          ],
          [
            31.3293233,
            30.0524256
          ],
          [
            31.3293186,
            30.0524422
          ],
          [
            31.329305,
            30.0524548
          ],
          [
            31.3292861,
            30.05246
          ],
          [
            31.3292656,
            30.0524582
          ],
          [
            31.3289428,
            30.0524233
          ]
        ]
      }
    },
    {
      "type": "Feature",
      "properties": {
        "osm_way_id": "699863676",
        "name": "Unnamed mapped way",
        "highway": "residential",
        "layer": "0",
        "bridge": "no",
        "tunnel": "no"
      },
      "geometry": {
        "type": "LineString",
        "coordinates": [
          [
            31.3297986,
            30.0517019
          ],
          [
            31.3294727,
            30.051658
          ],
          [
            31.3292228,
            30.0516321
          ],
          [
            31.3292007,
            30.0516271
          ],
          [
            31.329183,
            30.0516145
          ],
          [
            31.3291729,
            30.0515967
          ],
          [
            31.3291723,
            30.0515769
          ],
          [
            31.3292123,
            30.0513111
          ]
        ]
      }
    },
    {
      "type": "Feature",
      "properties": {
        "osm_way_id": "699863677",
        "name": "Unnamed mapped way",
        "highway": "residential",
        "layer": "0",
        "bridge": "no",
        "tunnel": "no"
      },
      "geometry": {
        "type": "LineString",
        "coordinates": [
          [
            31.3289593,
            30.0512789
          ],
          [
            31.3292123,
            30.0513111
          ],
          [
            31.3295223,
            30.0513477
          ]
        ]
      }
    },
    {
      "type": "Feature",
      "properties": {
        "osm_way_id": "699879062",
        "name": "Unnamed mapped way",
        "highway": "footway",
        "layer": "0",
        "bridge": "no",
        "tunnel": "no"
      },
      "geometry": {
        "type": "LineString",
        "coordinates": [
          [
            31.3342763,
            30.0521583
          ],
          [
            31.3343451,
            30.0516561
          ]
        ]
      }
    },
    {
      "type": "Feature",
      "properties": {
        "osm_way_id": "699879064",
        "name": "Unnamed mapped way",
        "highway": "footway",
        "layer": "0",
        "bridge": "no",
        "tunnel": "no"
      },
      "geometry": {
        "type": "LineString",
        "coordinates": [
          [
            31.3358738,
            30.0522194
          ],
          [
            31.3359455,
            30.0516631
          ]
        ]
      }
    },
    {
      "type": "Feature",
      "properties": {
        "osm_way_id": "699879065",
        "name": "Unnamed mapped way",
        "highway": "footway",
        "layer": "0",
        "bridge": "no",
        "tunnel": "no"
      },
      "geometry": {
        "type": "LineString",
        "coordinates": [
          [
            31.3362734,
            30.0522438
          ],
          [
            31.3363418,
            30.0517032
          ]
        ]
      }
    },
    {
      "type": "Feature",
      "properties": {
        "osm_way_id": "699879066",
        "name": "Unnamed mapped way",
        "highway": "footway",
        "layer": "0",
        "bridge": "no",
        "tunnel": "no"
      },
      "geometry": {
        "type": "LineString",
        "coordinates": [
          [
            31.3366838,
            30.0522809
          ],
          [
            31.3367523,
            30.0517447
          ]
        ]
      }
    },
    {
      "type": "Feature",
      "properties": {
        "osm_way_id": "699879067",
        "name": "Unnamed mapped way",
        "highway": "footway",
        "layer": "0",
        "bridge": "no",
        "tunnel": "no"
      },
      "geometry": {
        "type": "LineString",
        "coordinates": [
          [
            31.3378774,
            30.0523343
          ],
          [
            31.3379517,
            30.0518913
          ]
        ]
      }
    },
    {
      "type": "Feature",
      "properties": {
        "osm_way_id": "699879068",
        "name": "Unnamed mapped way",
        "highway": "footway",
        "layer": "0",
        "bridge": "no",
        "tunnel": "no"
      },
      "geometry": {
        "type": "LineString",
        "coordinates": [
          [
            31.3376198,
            30.0518589
          ],
          [
            31.3375561,
            30.0522819
          ]
        ]
      }
    },
    {
      "type": "Feature",
      "properties": {
        "osm_way_id": "699879069",
        "name": "Unnamed mapped way",
        "highway": "service",
        "layer": "0",
        "bridge": "no",
        "tunnel": "no"
      },
      "geometry": {
        "type": "LineString",
        "coordinates": [
          [
            31.3379228,
            30.0525482
          ],
          [
            31.337994,
            30.0520673
          ]
        ]
      }
    },
    {
      "type": "Feature",
      "properties": {
        "osm_way_id": "699879071",
        "name": "Unnamed mapped way",
        "highway": "service",
        "layer": "0",
        "bridge": "no",
        "tunnel": "no"
      },
      "geometry": {
        "type": "LineString",
        "coordinates": [
          [
            31.3369052,
            30.0533037
          ],
          [
            31.3368673,
            30.0531195
          ],
          [
            31.3368604,
            30.0530873
          ],
          [
            31.3368568,
            30.0530546
          ],
          [
            31.3368565,
            30.0530218
          ],
          [
            31.3368627,
            30.0529885
          ],
          [
            31.3368879,
            30.052831
          ],
          [
            31.3368961,
            30.0528098
          ],
          [
            31.3369091,
            30.0527905
          ],
          [
            31.3369309,
            30.0527705
          ],
          [
            31.3369579,
            30.0527559
          ],
          [
            31.3369882,
            30.0527476
          ],
          [
            31.3370754,
            30.0527511
          ]
        ]
      }
    },
    {
      "type": "Feature",
      "properties": {
        "osm_way_id": "699879072",
        "name": "Unnamed mapped way",
        "highway": "service",
        "layer": "0",
        "bridge": "no",
        "tunnel": "no"
      },
      "geometry": {
        "type": "LineString",
        "coordinates": [
          [
            31.3364854,
            30.0534259
          ],
          [
            31.3364923,
            30.0533475
          ],
          [
            31.3365011,
            30.0533182
          ],
          [
            31.3365234,
            30.053295
          ],
          [
            31.336555,
            30.0532821
          ],
          [
            31.3365899,
            30.053282
          ],
          [
            31.3369052,
            30.0533037
          ],
          [
            31.3370104,
            30.0533189
          ],
          [
            31.3370416,
            30.0533268
          ],
          [
            31.3370659,
            30.0533452
          ],
          [
            31.3370792,
            30.0533708
          ],
          [
            31.3370789,
            30.0533988
          ],
          [
            31.3370722,
            30.0534778
          ]
        ]
      }
    },
    {
      "type": "Feature",
      "properties": {
        "osm_way_id": "699879077",
        "name": "Unnamed mapped way",
        "highway": "footway",
        "layer": "0",
        "bridge": "no",
        "tunnel": "no"
      },
      "geometry": {
        "type": "LineString",
        "coordinates": [
          [
            31.3362446,
            30.0524542
          ],
          [
            31.3362157,
            30.0527684
          ],
          [
            31.3362158,
            30.0527925
          ],
          [
            31.3362272,
            30.0528145
          ],
          [
            31.3362479,
            30.0528306
          ],
          [
            31.3363646,
            30.0528973
          ],
          [
            31.3363776,
            30.0529029
          ],
          [
            31.3363919,
            30.0529047
          ],
          [
            31.3364062,
            30.0529026
          ],
          [
            31.3365389,
            30.0528631
          ],
          [
            31.3365657,
            30.0528549
          ],
          [
            31.3365861,
            30.0528378
          ],
          [
            31.3365966,
            30.0528149
          ],
          [
            31.3366448,
            30.0524991
          ]
        ]
      }
    },
    {
      "type": "Feature",
      "properties": {
        "osm_way_id": "699879078",
        "name": "Unnamed mapped way",
        "highway": "footway",
        "layer": "0",
        "bridge": "no",
        "tunnel": "no"
      },
      "geometry": {
        "type": "LineString",
        "coordinates": [
          [
            31.3356574,
            30.0523936
          ],
          [
            31.3355895,
            30.0527684
          ]
        ]
      }
    },
    {
      "type": "Feature",
      "properties": {
        "osm_way_id": "699879079",
        "name": "Unnamed mapped way",
        "highway": "footway",
        "layer": "0",
        "bridge": "no",
        "tunnel": "no"
      },
      "geometry": {
        "type": "LineString",
        "coordinates": [
          [
            31.3350932,
            30.0523321
          ],
          [
            31.3350436,
            30.0527046
          ]
        ]
      }
    },
    {
      "type": "Feature",
      "properties": {
        "osm_way_id": "699879080",
        "name": "Unnamed mapped way",
        "highway": "footway",
        "layer": "0",
        "bridge": "no",
        "tunnel": "no"
      },
      "geometry": {
        "type": "LineString",
        "coordinates": [
          [
            31.334408,
            30.0522462
          ],
          [
            31.3344025,
            30.0523703
          ],
          [
            31.334404,
            30.0523804
          ],
          [
            31.3344107,
            30.0523888
          ],
          [
            31.3344213,
            30.0523934
          ],
          [
            31.3345407,
            30.0524002
          ],
          [
            31.3345511,
            30.0523969
          ],
          [
            31.3345588,
            30.05239
          ],
          [
            31.3345622,
            30.0523808
          ],
          [
            31.3345699,
            30.0522643
          ]
        ]
      }
    },
    {
      "type": "Feature",
      "properties": {
        "osm_way_id": "699879081",
        "name": "Mohamed Fath Allah Al Saleity Street",
        "highway": "residential",
        "layer": "0",
        "bridge": "no",
        "tunnel": "no"
      },
      "geometry": {
        "type": "LineString",
        "coordinates": [
          [
            31.3336209,
            30.0531692
          ],
          [
            31.3336706,
            30.0531243
          ],
          [
            31.3336938,
            30.0530917
          ],
          [
            31.3337117,
            30.0530567
          ],
          [
            31.3337238,
            30.0530199
          ],
          [
            31.3337299,
            30.0529819
          ],
          [
            31.3337304,
            30.0529512
          ],
          [
            31.3337269,
            30.0529205
          ],
          [
            31.3336797,
            30.0527836
          ],
          [
            31.3336588,
            30.0527195
          ],
          [
            31.3336408,
            30.0526547
          ],
          [
            31.3336214,
            30.0525683
          ],
          [
            31.3336071,
            30.0524812
          ],
          [
            31.333594,
            30.0523739
          ],
          [
            31.333589,
            30.0523288
          ],
          [
            31.3335805,
            30.052284
          ],
          [
            31.3335686,
            30.0522399
          ],
          [
            31.3335537,
            30.0521962
          ]
        ]
      }
    },
    {
      "type": "Feature",
      "properties": {
        "osm_way_id": "699879083",
        "name": "Unnamed mapped way",
        "highway": "residential",
        "layer": "0",
        "bridge": "no",
        "tunnel": "no"
      },
      "geometry": {
        "type": "LineString",
        "coordinates": [
          [
            31.3338769,
            30.0529896
          ],
          [
            31.3338589,
            30.0530031
          ],
          [
            31.3338375,
            30.0530122
          ],
          [
            31.3338142,
            30.0530163
          ],
          [
            31.3337904,
            30.0530151
          ],
          [
            31.3337677,
            30.0530086
          ],
          [
            31.3337478,
            30.0529974
          ],
          [
            31.3337299,
            30.0529819
          ]
        ]
      }
    },
    {
      "type": "Feature",
      "properties": {
        "osm_way_id": "699879086",
        "name": "Unnamed mapped way",
        "highway": "service",
        "layer": "0",
        "bridge": "no",
        "tunnel": "no"
      },
      "geometry": {
        "type": "LineString",
        "coordinates": [
          [
            31.3319588,
            30.0523609
          ],
          [
            31.3320191,
            30.0524251
          ],
          [
            31.332037,
            30.052451
          ],
          [
            31.3320461,
            30.0524801
          ],
          [
            31.3320457,
            30.0525103
          ],
          [
            31.3320359,
            30.0525392
          ]
        ]
      }
    },
    {
      "type": "Feature",
      "properties": {
        "osm_way_id": "699879087",
        "name": "Unnamed mapped way",
        "highway": "service",
        "layer": "0",
        "bridge": "no",
        "tunnel": "no"
      },
      "geometry": {
        "type": "LineString",
        "coordinates": [
          [
            31.3318122,
            30.0529829
          ],
          [
            31.3318874,
            30.0526385
          ],
          [
            31.3318908,
            30.0526154
          ],
          [
            31.3319002,
            30.0525936
          ],
          [
            31.3319152,
            30.0525742
          ],
          [
            31.3319349,
            30.0525584
          ],
          [
            31.3319936,
            30.0525331
          ],
          [
            31.3320157,
            30.0525334
          ],
          [
            31.3320359,
            30.0525392
          ],
          [
            31.332055,
            30.0525516
          ],
          [
            31.332068,
            30.0525682
          ],
          [
            31.3320741,
            30.0525876
          ],
          [
            31.3322214,
            30.0530249
          ]
        ]
      }
    },
    {
      "type": "Feature",
      "properties": {
        "osm_way_id": "699879088",
        "name": "Unnamed mapped way",
        "highway": "footway",
        "layer": "0",
        "bridge": "no",
        "tunnel": "no"
      },
      "geometry": {
        "type": "LineString",
        "coordinates": [
          [
            31.3316446,
            30.051951
          ],
          [
            31.3315884,
            30.0522786
          ],
          [
            31.3315893,
            30.0522994
          ],
          [
            31.3315976,
            30.052319
          ],
          [
            31.3316126,
            30.0523354
          ],
          [
            31.331716,
            30.0524157
          ],
          [
            31.3317291,
            30.0524244
          ],
          [
            31.3317449,
            30.052428
          ],
          [
            31.3317612,
            30.052426
          ],
          [
            31.3319185,
            30.0523837
          ],
          [
            31.3319417,
            30.0523759
          ],
          [
            31.3319588,
            30.0523609
          ],
          [
            31.3319685,
            30.0523413
          ],
          [
            31.33204,
            30.0519953
          ]
        ]
      }
    },
    {
      "type": "Feature",
      "properties": {
        "osm_way_id": "699879089",
        "name": "Unnamed mapped way",
        "highway": "service",
        "layer": "0",
        "bridge": "no",
        "tunnel": "no"
      },
      "geometry": {
        "type": "LineString",
        "coordinates": [
          [
            31.3306388,
            30.0519658
          ],
          [
            31.3306,
            30.0522587
          ],
          [
            31.3306026,
            30.0522728
          ],
          [
            31.330611,
            30.0522851
          ],
          [
            31.3306241,
            30.0522939
          ],
          [
            31.3307422,
            30.0523055
          ],
          [
            31.3307571,
            30.0523037
          ],
          [
            31.3307704,
            30.0522978
          ],
          [
            31.3307806,
            30.0522884
          ],
          [
            31.3308066,
            30.052259
          ],
          [
            31.3308275,
            30.0522267
          ],
          [
            31.330843,
            30.0521923
          ],
          [
            31.3308528,
            30.0521562
          ],
          [
            31.3308566,
            30.0521194
          ],
          [
            31.3308544,
            30.0520824
          ],
          [
            31.3308462,
            30.0520461
          ],
          [
            31.3308322,
            30.0520112
          ],
          [
            31.3308201,
            30.0519898
          ],
          [
            31.3308112,
            30.0519674
          ],
          [
            31.3308054,
            30.0519442
          ],
          [
            31.3308053,
            30.0519182
          ],
          [
            31.3308172,
            30.0518576
          ]
        ]
      }
    },
    {
      "type": "Feature",
      "properties": {
        "osm_way_id": "699879090",
        "name": "Unnamed mapped way",
        "highway": "footway",
        "layer": "0",
        "bridge": "no",
        "tunnel": "no"
      },
      "geometry": {
        "type": "LineString",
        "coordinates": [
          [
            31.3386497,
            30.0463591
          ],
          [
            31.3390467,
            30.0463996
          ]
        ]
      }
    },
    {
      "type": "Feature",
      "properties": {
        "osm_way_id": "699879091",
        "name": "Unnamed mapped way",
        "highway": "footway",
        "layer": "0",
        "bridge": "no",
        "tunnel": "no"
      },
      "geometry": {
        "type": "LineString",
        "coordinates": [
          [
            31.3394781,
            30.046254
          ],
          [
            31.3386766,
            30.0461695
          ]
        ]
      }
    },
    {
      "type": "Feature",
      "properties": {
        "osm_way_id": "699879092",
        "name": "Unnamed mapped way",
        "highway": "footway",
        "layer": "0",
        "bridge": "no",
        "tunnel": "no"
      },
      "geometry": {
        "type": "LineString",
        "coordinates": [
          [
            31.3387022,
            30.0459891
          ],
          [
            31.3390984,
            30.0460295
          ]
        ]
      }
    },
    {
      "type": "Feature",
      "properties": {
        "osm_way_id": "699879093",
        "name": "Unnamed mapped way",
        "highway": "footway",
        "layer": "0",
        "bridge": "no",
        "tunnel": "no"
      },
      "geometry": {
        "type": "LineString",
        "coordinates": [
          [
            31.33873,
            30.045793
          ],
          [
            31.3391258,
            30.0458333
          ]
        ]
      }
    },
    {
      "type": "Feature",
      "properties": {
        "osm_way_id": "699879094",
        "name": "Unnamed mapped way",
        "highway": "footway",
        "layer": "0",
        "bridge": "no",
        "tunnel": "no"
      },
      "geometry": {
        "type": "LineString",
        "coordinates": [
          [
            31.3387559,
            30.0456102
          ],
          [
            31.3391513,
            30.0456505
          ]
        ]
      }
    },
    {
      "type": "Feature",
      "properties": {
        "osm_way_id": "699879095",
        "name": "Unnamed mapped way",
        "highway": "footway",
        "layer": "0",
        "bridge": "no",
        "tunnel": "no"
      },
      "geometry": {
        "type": "LineString",
        "coordinates": [
          [
            31.3395829,
            30.0454727
          ],
          [
            31.338785,
            30.0454045
          ]
        ]
      }
    },
    {
      "type": "Feature",
      "properties": {
        "osm_way_id": "699879096",
        "name": "Unnamed mapped way",
        "highway": "footway",
        "layer": "0",
        "bridge": "no",
        "tunnel": "no"
      },
      "geometry": {
        "type": "LineString",
        "coordinates": [
          [
            31.3388064,
            30.0452535
          ],
          [
            31.339201,
            30.0452937
          ]
        ]
      }
    },
    {
      "type": "Feature",
      "properties": {
        "osm_way_id": "699880884",
        "name": "Unnamed mapped way",
        "highway": "residential",
        "layer": "0",
        "bridge": "no",
        "tunnel": "no"
      },
      "geometry": {
        "type": "LineString",
        "coordinates": [
          [
            31.3293977,
            30.0523547
          ],
          [
            31.3294245,
            30.0521849
          ],
          [
            31.3294578,
            30.0519738
          ]
        ]
      }
    },
    {
      "type": "Feature",
      "properties": {
        "osm_way_id": "699880886",
        "name": "Unnamed mapped way",
        "highway": "residential",
        "layer": "0",
        "bridge": "no",
        "tunnel": "no"
      },
      "geometry": {
        "type": "LineString",
        "coordinates": [
          [
            31.3295674,
            30.0510419
          ],
          [
            31.3295223,
            30.0513477
          ],
          [
            31.3294727,
            30.051658
          ]
        ]
      }
    },
    {
      "type": "Feature",
      "properties": {
        "osm_way_id": "699880887",
        "name": "Unnamed mapped way",
        "highway": "service",
        "layer": "0",
        "bridge": "no",
        "tunnel": "no"
      },
      "geometry": {
        "type": "LineString",
        "coordinates": [
          [
            31.3288476,
            30.0524816
          ],
          [
            31.3288562,
            30.0524233
          ],
          [
            31.3289023,
            30.052112
          ],
          [
            31.3289067,
            30.0520727
          ],
          [
            31.3288897,
            30.0520361
          ],
          [
            31.3288551,
            30.0520105
          ],
          [
            31.3288107,
            30.0520016
          ],
          [
            31.3284276,
            30.0519591
          ],
          [
            31.3280391,
            30.051913
          ],
          [
            31.3279885,
            30.0519142
          ],
          [
            31.3279402,
            30.0519291
          ],
          [
            31.3279061,
            30.0519622
          ],
          [
            31.3278943,
            30.0520054
          ],
          [
            31.327845,
            30.052303
          ],
          [
            31.3278353,
            30.0523615
          ]
        ]
      }
    },
    {
      "type": "Feature",
      "properties": {
        "osm_way_id": "699891028",
        "name": "Unnamed mapped way",
        "highway": "secondary_link",
        "layer": "0",
        "bridge": "no",
        "tunnel": "no"
      },
      "geometry": {
        "type": "LineString",
        "coordinates": [
          [
            31.3264055,
            30.0582631
          ],
          [
            31.3263836,
            30.0582886
          ],
          [
            31.3263559,
            30.0583096
          ],
          [
            31.3263237,
            30.058325
          ],
          [
            31.3262884,
            30.0583342
          ],
          [
            31.3262517,
            30.0583367
          ],
          [
            31.3262153,
            30.0583324
          ],
          [
            31.3261807,
            30.0583215
          ],
          [
            31.3261495,
            30.0583046
          ],
          [
            31.3261233,
            30.0582823
          ],
          [
            31.326103,
            30.0582557
          ],
          [
            31.3260897,
            30.0582259
          ]
        ]
      }
    },
    {
      "type": "Feature",
      "properties": {
        "osm_way_id": "699898182",
        "name": "Unnamed mapped way",
        "highway": "service",
        "layer": "0",
        "bridge": "no",
        "tunnel": "no"
      },
      "geometry": {
        "type": "LineString",
        "coordinates": [
          [
            31.3373735,
            30.0535058
          ],
          [
            31.3373846,
            30.0533576
          ],
          [
            31.3373997,
            30.0532955
          ],
          [
            31.3374421,
            30.0532438
          ],
          [
            31.3375047,
            30.0532109
          ],
          [
            31.3375773,
            30.0532023
          ],
          [
            31.3376478,
            30.0532193
          ],
          [
            31.3377047,
            30.0532592
          ],
          [
            31.3377387,
            30.0533154
          ],
          [
            31.337744,
            30.0533786
          ],
          [
            31.3377279,
            30.0535397
          ]
        ]
      }
    },
    {
      "type": "Feature",
      "properties": {
        "osm_way_id": "699904331",
        "name": "Unnamed mapped way",
        "highway": "service",
        "layer": "0",
        "bridge": "no",
        "tunnel": "no"
      },
      "geometry": {
        "type": "LineString",
        "coordinates": [
          [
            31.3252449,
            30.0592715
          ],
          [
            31.3252287,
            30.0594698
          ],
          [
            31.3252262,
            30.0594926
          ],
          [
            31.3252107,
            30.0595112
          ],
          [
            31.3251864,
            30.0595205
          ],
          [
            31.32516,
            30.059518
          ],
          [
            31.3244158,
            30.0594314
          ],
          [
            31.3244408,
            30.0592073
          ],
          [
            31.3244472,
            30.0591801
          ],
          [
            31.3244676,
            30.0591586
          ],
          [
            31.3244972,
            30.0591477
          ],
          [
            31.3245292,
            30.05915
          ],
          [
            31.325198,
            30.0592225
          ],
          [
            31.325219,
            30.0592254
          ],
          [
            31.3252361,
            30.0592365
          ],
          [
            31.3252454,
            30.0592531
          ],
          [
            31.3252449,
            30.0592715
          ]
        ]
      }
    },
    {
      "type": "Feature",
      "properties": {
        "osm_way_id": "699904335",
        "name": "Unnamed mapped way",
        "highway": "service",
        "layer": "0",
        "bridge": "no",
        "tunnel": "no"
      },
      "geometry": {
        "type": "LineString",
        "coordinates": [
          [
            31.3250643,
            30.0585195
          ],
          [
            31.3250877,
            30.0583547
          ],
          [
            31.3250908,
            30.0583454
          ],
          [
            31.3250981,
            30.0583379
          ],
          [
            31.3251082,
            30.0583337
          ],
          [
            31.3251194,
            30.0583334
          ],
          [
            31.3252452,
            30.0583427
          ],
          [
            31.3252597,
            30.0583445
          ],
          [
            31.3252714,
            30.058352
          ],
          [
            31.3252777,
            30.0583635
          ],
          [
            31.3252769,
            30.0583762
          ],
          [
            31.3252619,
            30.05854
          ]
        ]
      }
    },
    {
      "type": "Feature",
      "properties": {
        "osm_way_id": "699904336",
        "name": "Unnamed mapped way",
        "highway": "service",
        "layer": "0",
        "bridge": "no",
        "tunnel": "no"
      },
      "geometry": {
        "type": "LineString",
        "coordinates": [
          [
            31.3250982,
            30.0546587
          ],
          [
            31.325048,
            30.0544819
          ],
          [
            31.3250276,
            30.0544172
          ],
          [
            31.3250152,
            30.0543511
          ],
          [
            31.3250109,
            30.0542842
          ],
          [
            31.3250149,
            30.0542172
          ],
          [
            31.3250269,
            30.054151
          ],
          [
            31.3251853,
            30.0532549
          ],
          [
            31.3251937,
            30.0532256
          ],
          [
            31.3252106,
            30.0531992
          ],
          [
            31.3252349,
            30.0531776
          ],
          [
            31.3252649,
            30.0531621
          ],
          [
            31.3252985,
            30.053154
          ],
          [
            31.3253334,
            30.0531537
          ],
          [
            31.3256054,
            30.0531817
          ]
        ]
      }
    },
    {
      "type": "Feature",
      "properties": {
        "osm_way_id": "699904338",
        "name": "Unnamed mapped way",
        "highway": "service",
        "layer": "0",
        "bridge": "no",
        "tunnel": "no"
      },
      "geometry": {
        "type": "LineString",
        "coordinates": [
          [
            31.3259143,
            30.0547493
          ],
          [
            31.3259106,
            30.0547734
          ],
          [
            31.3259113,
            30.0547977
          ],
          [
            31.3259163,
            30.0548216
          ],
          [
            31.3259254,
            30.0548446
          ],
          [
            31.3259342,
            30.0548678
          ],
          [
            31.3259386,
            30.0548919
          ],
          [
            31.3259383,
            30.0549163
          ],
          [
            31.3259344,
            30.0549405
          ],
          [
            31.3258282,
            30.0555957
          ],
          [
            31.3257853,
            30.0558864
          ],
          [
            31.3257818,
            30.0559009
          ],
          [
            31.3257718,
            30.0559175
          ],
          [
            31.3257557,
            30.0559302
          ],
          [
            31.3257357,
            30.0559373
          ],
          [
            31.325714,
            30.055938
          ],
          [
            31.3252022,
            30.0558878
          ],
          [
            31.3251756,
            30.055888
          ],
          [
            31.3251499,
            30.0558937
          ],
          [
            31.3251266,
            30.0559048
          ],
          [
            31.3251071,
            30.0559204
          ],
          [
            31.3250926,
            30.0559397
          ],
          [
            31.325084,
            30.0559615
          ],
          [
            31.3250765,
            30.055985
          ],
          [
            31.3250616,
            30.0560694
          ],
          [
            31.32505,
            30.0561351
          ],
          [
            31.3249891,
            30.0564826
          ]
        ]
      }
    },
    {
      "type": "Feature",
      "properties": {
        "osm_way_id": "699904340",
        "name": "Unnamed mapped way",
        "highway": "service",
        "layer": "0",
        "bridge": "no",
        "tunnel": "no"
      },
      "geometry": {
        "type": "LineString",
        "coordinates": [
          [
            31.3255993,
            30.0525867
          ],
          [
            31.3255978,
            30.0526366
          ],
          [
            31.3255996,
            30.0526623
          ],
          [
            31.3256042,
            30.0526858
          ],
          [
            31.3256169,
            30.0527181
          ],
          [
            31.3256315,
            30.0527504
          ],
          [
            31.3256404,
            30.052777
          ],
          [
            31.3256452,
            30.0528044
          ],
          [
            31.3256459,
            30.0528321
          ],
          [
            31.3256423,
            30.0528596
          ],
          [
            31.325636,
            30.0529233
          ],
          [
            31.3256054,
            30.0531817
          ],
          [
            31.3255517,
            30.0535787
          ],
          [
            31.3255515,
            30.0535968
          ],
          [
            31.3255546,
            30.053616
          ],
          [
            31.3255624,
            30.0536342
          ],
          [
            31.3255744,
            30.0536505
          ],
          [
            31.3255901,
            30.0536643
          ],
          [
            31.3256089,
            30.0536749
          ],
          [
            31.3256298,
            30.0536818
          ],
          [
            31.3256519,
            30.0536848
          ],
          [
            31.3258997,
            30.0537034
          ]
        ]
      }
    },
    {
      "type": "Feature",
      "properties": {
        "osm_way_id": "699904341",
        "name": "Unnamed mapped way",
        "highway": "service",
        "layer": "0",
        "bridge": "no",
        "tunnel": "no"
      },
      "geometry": {
        "type": "LineString",
        "coordinates": [
          [
            31.3265987,
            30.0533849
          ],
          [
            31.3264267,
            30.0545236
          ],
          [
            31.3264195,
            30.0545549
          ],
          [
            31.326408,
            30.0545852
          ],
          [
            31.3263924,
            30.054614
          ],
          [
            31.3263728,
            30.0546411
          ],
          [
            31.3263497,
            30.0546659
          ],
          [
            31.3263243,
            30.0546869
          ],
          [
            31.3262999,
            30.0547035
          ],
          [
            31.3262798,
            30.054722
          ],
          [
            31.3262633,
            30.0547431
          ],
          [
            31.3262508,
            30.0547661
          ],
          [
            31.3262428,
            30.0547906
          ]
        ]
      }
    },
    {
      "type": "Feature",
      "properties": {
        "osm_way_id": "699904382",
        "name": "Unnamed mapped way",
        "highway": "residential",
        "layer": "0",
        "bridge": "no",
        "tunnel": "no"
      },
      "geometry": {
        "type": "LineString",
        "coordinates": [
          [
            31.3253575,
            30.0611738
          ],
          [
            31.3253387,
            30.0611608
          ],
          [
            31.3253246,
            30.0611405
          ],
          [
            31.3253166,
            30.0611167
          ],
          [
            31.3253261,
            30.0610316
          ],
          [
            31.3253459,
            30.0609065
          ],
          [
            31.3253996,
            30.0606043
          ]
        ]
      }
    },
    {
      "type": "Feature",
      "properties": {
        "osm_way_id": "699904383",
        "name": "Unnamed mapped way",
        "highway": "residential",
        "layer": "0",
        "bridge": "no",
        "tunnel": "no"
      },
      "geometry": {
        "type": "LineString",
        "coordinates": [
          [
            31.324851,
            30.0613132
          ],
          [
            31.3248901,
            30.0612815
          ],
          [
            31.3249277,
            30.0612409
          ],
          [
            31.3249585,
            30.0612084
          ],
          [
            31.3249826,
            30.0611643
          ],
          [
            31.3250199,
            30.061058
          ],
          [
            31.3250286,
            30.0610335
          ],
          [
            31.325049,
            30.061012
          ],
          [
            31.3250899,
            30.0609977
          ],
          [
            31.3253261,
            30.0610316
          ]
        ]
      }
    },
    {
      "type": "Feature",
      "properties": {
        "osm_way_id": "699904384",
        "name": "Unnamed mapped way",
        "highway": "service",
        "layer": "0",
        "bridge": "no",
        "tunnel": "no"
      },
      "geometry": {
        "type": "LineString",
        "coordinates": [
          [
            31.3250899,
            30.0609977
          ],
          [
            31.3251074,
            30.0609043
          ],
          [
            31.3251208,
            30.060888
          ],
          [
            31.3251476,
            30.0608822
          ],
          [
            31.3253459,
            30.0609065
          ]
        ]
      }
    },
    {
      "type": "Feature",
      "properties": {
        "osm_way_id": "699904385",
        "name": "Unnamed mapped way",
        "highway": "residential",
        "layer": "0",
        "bridge": "no",
        "tunnel": "no"
      },
      "geometry": {
        "type": "LineString",
        "coordinates": [
          [
            31.3256681,
            30.0613381
          ],
          [
            31.3253477,
            30.0613117
          ],
          [
            31.3253108,
            30.061299
          ],
          [
            31.3252856,
            30.0612725
          ],
          [
            31.3252782,
            30.0612388
          ],
          [
            31.3252904,
            30.0612061
          ],
          [
            31.3253192,
            30.0611825
          ],
          [
            31.3253575,
            30.0611738
          ],
          [
            31.3256835,
            30.0612083
          ]
        ]
      }
    },
    {
      "type": "Feature",
      "properties": {
        "osm_way_id": "699904386",
        "name": "Unnamed mapped way",
        "highway": "residential",
        "layer": "0",
        "bridge": "no",
        "tunnel": "no"
      },
      "geometry": {
        "type": "LineString",
        "coordinates": [
          [
            31.3256925,
            30.0619061
          ],
          [
            31.3253433,
            30.0618634
          ],
          [
            31.3253124,
            30.0618527
          ],
          [
            31.3252912,
            30.0618305
          ],
          [
            31.325285,
            30.0618022
          ],
          [
            31.3252952,
            30.0617748
          ],
          [
            31.3253194,
            30.0617551
          ],
          [
            31.3253515,
            30.0617477
          ],
          [
            31.3257072,
            30.061795
          ]
        ]
      }
    },
    {
      "type": "Feature",
      "properties": {
        "osm_way_id": "699904387",
        "name": "Unnamed mapped way",
        "highway": "residential",
        "layer": "0",
        "bridge": "no",
        "tunnel": "no"
      },
      "geometry": {
        "type": "LineString",
        "coordinates": [
          [
            31.3248776,
            30.0614625
          ],
          [
            31.3250022,
            30.0614808
          ]
        ]
      }
    },
    {
      "type": "Feature",
      "properties": {
        "osm_way_id": "699904388",
        "name": "Unnamed mapped way",
        "highway": "residential",
        "layer": "0",
        "bridge": "no",
        "tunnel": "no"
      },
      "geometry": {
        "type": "LineString",
        "coordinates": [
          [
            31.3250526,
            30.061442
          ],
          [
            31.3250293,
            30.0614476
          ],
          [
            31.3250113,
            30.0614615
          ],
          [
            31.3250022,
            30.0614808
          ],
          [
            31.3250039,
            30.0615017
          ],
          [
            31.3250161,
            30.0615197
          ],
          [
            31.3250386,
            30.0615287
          ],
          [
            31.3252104,
            30.0615505
          ],
          [
            31.3252326,
            30.06155
          ],
          [
            31.3252524,
            30.0615412
          ],
          [
            31.3252657,
            30.0615258
          ],
          [
            31.3252699,
            30.061507
          ],
          [
            31.3252641,
            30.0614884
          ],
          [
            31.3252496,
            30.0614739
          ],
          [
            31.3252292,
            30.0614663
          ],
          [
            31.3250526,
            30.061442
          ]
        ]
      }
    },
    {
      "type": "Feature",
      "properties": {
        "osm_way_id": "699904389",
        "name": "Unnamed mapped way",
        "highway": "residential",
        "layer": "0",
        "bridge": "no",
        "tunnel": "no"
      },
      "geometry": {
        "type": "LineString",
        "coordinates": [
          [
            31.3249589,
            30.0620295
          ],
          [
            31.3249357,
            30.062035
          ],
          [
            31.3249176,
            30.0620489
          ],
          [
            31.3249085,
            30.0620683
          ],
          [
            31.3249102,
            30.0620891
          ],
          [
            31.3249224,
            30.0621072
          ],
          [
            31.3249449,
            30.0621162
          ],
          [
            31.3251167,
            30.0621379
          ],
          [
            31.3251389,
            30.0621375
          ],
          [
            31.3251587,
            30.0621287
          ],
          [
            31.325172,
            30.0621133
          ],
          [
            31.3251762,
            30.0620944
          ],
          [
            31.3251705,
            30.0620759
          ],
          [
            31.3251559,
            30.0620613
          ],
          [
            31.3251355,
            30.0620538
          ],
          [
            31.3249589,
            30.0620295
          ]
        ]
      }
    },
    {
      "type": "Feature",
      "properties": {
        "osm_way_id": "699904391",
        "name": "Unnamed mapped way",
        "highway": "residential",
        "layer": "0",
        "bridge": "no",
        "tunnel": "no"
      },
      "geometry": {
        "type": "LineString",
        "coordinates": [
          [
            31.3255241,
            30.0630654
          ],
          [
            31.3252026,
            30.0630278
          ],
          [
            31.3251761,
            30.0630146
          ],
          [
            31.3251621,
            30.0629912
          ],
          [
            31.3251649,
            30.0629649
          ],
          [
            31.3251838,
            30.0629441
          ],
          [
            31.3252126,
            30.0629355
          ],
          [
            31.3255371,
            30.0629774
          ]
        ]
      }
    },
    {
      "type": "Feature",
      "properties": {
        "osm_way_id": "699904392",
        "name": "Unnamed mapped way",
        "highway": "residential",
        "layer": "0",
        "bridge": "no",
        "tunnel": "no"
      },
      "geometry": {
        "type": "LineString",
        "coordinates": [
          [
            31.3256222,
            30.0623903
          ],
          [
            31.3251629,
            30.0623401
          ]
        ]
      }
    },
    {
      "type": "Feature",
      "properties": {
        "osm_way_id": "699913210",
        "name": "Al Rabae Street",
        "highway": "residential",
        "layer": "0",
        "bridge": "no",
        "tunnel": "no"
      },
      "geometry": {
        "type": "LineString",
        "coordinates": [
          [
            31.3262693,
            30.059331
          ],
          [
            31.3269709,
            30.0594216
          ],
          [
            31.3270114,
            30.0594341
          ],
          [
            31.32705,
            30.0594543
          ],
          [
            31.3270807,
            30.0594848
          ]
        ]
      }
    },
    {
      "type": "Feature",
      "properties": {
        "osm_way_id": "699913212",
        "name": "Mohamed Youssef Moussa Street",
        "highway": "residential",
        "layer": "0",
        "bridge": "no",
        "tunnel": "no"
      },
      "geometry": {
        "type": "LineString",
        "coordinates": [
          [
            31.3373123,
            30.0546795
          ],
          [
            31.3343744,
            30.054357
          ],
          [
            31.3338482,
            30.0542976
          ],
          [
            31.3332676,
            30.054232
          ],
          [
            31.3323584,
            30.0541306
          ],
          [
            31.3312835,
            30.0540064
          ],
          [
            31.3311126,
            30.0539898
          ],
          [
            31.3301478,
            30.0538804
          ],
          [
            31.3281405,
            30.0536685
          ],
          [
            31.3280918,
            30.0536672
          ],
          [
            31.328048,
            30.0536745
          ],
          [
            31.3280067,
            30.0536889
          ],
          [
            31.3279692,
            30.0537098
          ],
          [
            31.3279371,
            30.0537365
          ],
          [
            31.3279114,
            30.0537681
          ]
        ]
      }
    },
    {
      "type": "Feature",
      "properties": {
        "osm_way_id": "699935035",
        "name": "Unnamed mapped way",
        "highway": "residential",
        "layer": "0",
        "bridge": "no",
        "tunnel": "no"
      },
      "geometry": {
        "type": "LineString",
        "coordinates": [
          [
            31.328555,
            30.0570945
          ],
          [
            31.3289987,
            30.0571461
          ]
        ]
      }
    },
    {
      "type": "Feature",
      "properties": {
        "osm_way_id": "699935036",
        "name": "Ezz Al Din Taha Street",
        "highway": "residential",
        "layer": "0",
        "bridge": "no",
        "tunnel": "no"
      },
      "geometry": {
        "type": "LineString",
        "coordinates": [
          [
            31.3272913,
            30.0581464
          ],
          [
            31.3272522,
            30.058165
          ],
          [
            31.3272196,
            30.0581767
          ],
          [
            31.3271854,
            30.0581844
          ],
          [
            31.3271503,
            30.0581878
          ],
          [
            31.327115,
            30.0581868
          ],
          [
            31.3264303,
            30.0580999
          ]
        ]
      }
    },
    {
      "type": "Feature",
      "properties": {
        "osm_way_id": "699944696",
        "name": "Unnamed mapped way",
        "highway": "service",
        "layer": "0",
        "bridge": "no",
        "tunnel": "no"
      },
      "geometry": {
        "type": "LineString",
        "coordinates": [
          [
            31.3311726,
            30.0529171
          ],
          [
            31.3311973,
            30.0527435
          ],
          [
            31.3312011,
            30.0527252
          ],
          [
            31.3312122,
            30.0527092
          ],
          [
            31.3312291,
            30.0526977
          ],
          [
            31.3312497,
            30.0526921
          ],
          [
            31.3315464,
            30.052718
          ],
          [
            31.3315687,
            30.0527267
          ],
          [
            31.3315852,
            30.0527425
          ],
          [
            31.331593,
            30.0527626
          ],
          [
            31.3315909,
            30.0527838
          ],
          [
            31.3315687,
            30.0529578
          ]
        ]
      }
    },
    {
      "type": "Feature",
      "properties": {
        "osm_way_id": "699944697",
        "name": "Unnamed mapped way",
        "highway": "residential",
        "layer": "0",
        "bridge": "no",
        "tunnel": "no"
      },
      "geometry": {
        "type": "LineString",
        "coordinates": [
          [
            31.3313669,
            30.0519191
          ],
          [
            31.3313379,
            30.0520565
          ],
          [
            31.3313238,
            30.0521083
          ],
          [
            31.331289,
            30.0521483
          ],
          [
            31.3312444,
            30.0521812
          ],
          [
            31.3311905,
            30.0522013
          ],
          [
            31.3311322,
            30.0522068
          ],
          [
            31.3310746,
            30.0521973
          ],
          [
            31.3310228,
            30.0521735
          ],
          [
            31.3309814,
            30.0521376
          ],
          [
            31.3309541,
            30.0520927
          ],
          [
            31.3309492,
            30.0520428
          ],
          [
            31.3309729,
            30.051875
          ]
        ]
      }
    },
    {
      "type": "Feature",
      "properties": {
        "osm_way_id": "699944698",
        "name": "Unnamed mapped way",
        "highway": "service",
        "layer": "0",
        "bridge": "no",
        "tunnel": "no"
      },
      "geometry": {
        "type": "LineString",
        "coordinates": [
          [
            31.3327291,
            30.0530772
          ],
          [
            31.3327469,
            30.0528452
          ],
          [
            31.3327575,
            30.052778
          ],
          [
            31.3327995,
            30.0527209
          ],
          [
            31.3328653,
            30.0526842
          ],
          [
            31.3329428,
            30.0526747
          ],
          [
            31.3330178,
            30.0526941
          ],
          [
            31.3330766,
            30.0527389
          ],
          [
            31.3331083,
            30.0528008
          ],
          [
            31.3331277,
            30.0529472
          ],
          [
            31.3331477,
            30.0531202
          ]
        ]
      }
    },
    {
      "type": "Feature",
      "properties": {
        "osm_way_id": "699944699",
        "name": "Unnamed mapped way",
        "highway": "service",
        "layer": "0",
        "bridge": "no",
        "tunnel": "no"
      },
      "geometry": {
        "type": "LineString",
        "coordinates": [
          [
            31.3342759,
            30.0532332
          ],
          [
            31.3343019,
            30.0530711
          ],
          [
            31.3343068,
            30.0530428
          ],
          [
            31.3343259,
            30.0529733
          ],
          [
            31.3343748,
            30.0529158
          ],
          [
            31.3344459,
            30.0528794
          ],
          [
            31.3345277,
            30.0528701
          ],
          [
            31.3346072,
            30.0528892
          ],
          [
            31.3346717,
            30.0529338
          ],
          [
            31.3347109,
            30.0529966
          ],
          [
            31.3347185,
            30.0530678
          ],
          [
            31.3346899,
            30.0532553
          ]
        ]
      }
    },
    {
      "type": "Feature",
      "properties": {
        "osm_way_id": "699944700",
        "name": "Unnamed mapped way",
        "highway": "service",
        "layer": "0",
        "bridge": "no",
        "tunnel": "no"
      },
      "geometry": {
        "type": "LineString",
        "coordinates": [
          [
            31.3341244,
            30.053221
          ],
          [
            31.3341391,
            30.0531069
          ],
          [
            31.3341439,
            30.053088
          ],
          [
            31.3341572,
            30.0530724
          ],
          [
            31.3341767,
            30.053063
          ],
          [
            31.334199,
            30.0530612
          ],
          [
            31.3343019,
            30.0530711
          ]
        ]
      }
    },
    {
      "type": "Feature",
      "properties": {
        "osm_way_id": "699944701",
        "name": "Unnamed mapped way",
        "highway": "service",
        "layer": "0",
        "bridge": "no",
        "tunnel": "no"
      },
      "geometry": {
        "type": "LineString",
        "coordinates": [
          [
            31.3381489,
            30.0526699
          ],
          [
            31.3380584,
            30.0529693
          ]
        ]
      }
    },
    {
      "type": "Feature",
      "properties": {
        "osm_way_id": "699951429",
        "name": "Unnamed mapped way",
        "highway": "service",
        "layer": "0",
        "bridge": "no",
        "tunnel": "no"
      },
      "geometry": {
        "type": "LineString",
        "coordinates": [
          [
            31.3349505,
            30.0532761
          ],
          [
            31.3349786,
            30.0531603
          ],
          [
            31.3349859,
            30.053138
          ],
          [
            31.3350023,
            30.0531197
          ],
          [
            31.3350295,
            30.0531028
          ],
          [
            31.335069,
            30.0530988
          ],
          [
            31.3354565,
            30.0531309
          ],
          [
            31.3354869,
            30.0531405
          ],
          [
            31.3355108,
            30.0531593
          ],
          [
            31.3355247,
            30.0531845
          ],
          [
            31.3355267,
            30.0532125
          ],
          [
            31.3355236,
            30.0533308
          ]
        ]
      }
    },
    {
      "type": "Feature",
      "properties": {
        "osm_way_id": "699951431",
        "name": "Unnamed mapped way",
        "highway": "service",
        "layer": "0",
        "bridge": "no",
        "tunnel": "no"
      },
      "geometry": {
        "type": "LineString",
        "coordinates": [
          [
            31.3358321,
            30.0533602
          ],
          [
            31.3358427,
            30.053209
          ],
          [
            31.3358541,
            30.0531432
          ],
          [
            31.335896,
            30.0530874
          ],
          [
            31.3359609,
            30.0530516
          ],
          [
            31.336037,
            30.0530424
          ],
          [
            31.3361108,
            30.0530613
          ],
          [
            31.3361688,
            30.053105
          ],
          [
            31.3362006,
            30.0531656
          ],
          [
            31.3362005,
            30.0532322
          ],
          [
            31.3361865,
            30.0533941
          ]
        ]
      }
    },
    {
      "type": "Feature",
      "properties": {
        "osm_way_id": "700074885",
        "name": "Abbas Al Aqad Street",
        "highway": "primary",
        "layer": "0",
        "bridge": "no",
        "tunnel": "no"
      },
      "geometry": {
        "type": "LineString",
        "coordinates": [
          [
            31.336264,
            30.0681504
          ],
          [
            31.3362723,
            30.0681019
          ],
          [
            31.3363713,
            30.0675248
          ],
          [
            31.3364209,
            30.0672574
          ],
          [
            31.3364839,
            30.066804
          ],
          [
            31.3365054,
            30.0666381
          ],
          [
            31.3365595,
            30.0662658
          ],
          [
            31.3366168,
            30.0658617
          ],
          [
            31.3366503,
            30.0656255
          ],
          [
            31.3366723,
            30.0654755
          ],
          [
            31.3367171,
            30.0651603
          ],
          [
            31.3368072,
            30.0644421
          ],
          [
            31.3368326,
            30.064297
          ],
          [
            31.3369775,
            30.0633
          ],
          [
            31.337003,
            30.0630957
          ],
          [
            31.3370713,
            30.0624221
          ],
          [
            31.3371842,
            30.0617561
          ],
          [
            31.3372637,
            30.0612571
          ],
          [
            31.3373036,
            30.0610366
          ],
          [
            31.3373235,
            30.0608973
          ],
          [
            31.3374824,
            30.0599066
          ],
          [
            31.3375019,
            30.059761
          ],
          [
            31.337638,
            30.0588371
          ],
          [
            31.3376708,
            30.0586559
          ],
          [
            31.3378103,
            30.0576322
          ],
          [
            31.3378317,
            30.0574886
          ],
          [
            31.3379851,
            30.0564585
          ],
          [
            31.3380035,
            30.0563349
          ],
          [
            31.3381467,
            30.055373
          ],
          [
            31.3381658,
            30.0552447
          ],
          [
            31.338262,
            30.0544694
          ],
          [
            31.3382978,
            30.0542283
          ],
          [
            31.3383273,
            30.0540137
          ],
          [
            31.3383477,
            30.0538789
          ],
          [
            31.3383909,
            30.0535929
          ],
          [
            31.3384126,
            30.0534491
          ]
        ]
      }
    },
    {
      "type": "Feature",
      "properties": {
        "osm_way_id": "700084838",
        "name": "Al Sheikh Kamel Khedr Street",
        "highway": "secondary",
        "layer": "0",
        "bridge": "no",
        "tunnel": "no"
      },
      "geometry": {
        "type": "LineString",
        "coordinates": [
          [
            31.3452136,
            30.045274
          ],
          [
            31.3452809,
            30.0451782
          ],
          [
            31.3453031,
            30.0451492
          ],
          [
            31.3453151,
            30.0451161
          ],
          [
            31.3453205,
            30.0450836
          ],
          [
            31.3453712,
            30.0447599
          ],
          [
            31.3457482,
            30.0420967
          ],
          [
            31.3459699,
            30.0406986
          ],
          [
            31.345991,
            30.040562
          ],
          [
            31.3460182,
            30.0403863
          ],
          [
            31.346106,
            30.0396797
          ],
          [
            31.3462398,
            30.0386554
          ],
          [
            31.3462578,
            30.0385326
          ]
        ]
      }
    },
    {
      "type": "Feature",
      "properties": {
        "osm_way_id": "700163298",
        "name": "Unnamed mapped way",
        "highway": "footway",
        "layer": "0",
        "bridge": "no",
        "tunnel": "no"
      },
      "geometry": {
        "type": "LineString",
        "coordinates": [
          [
            31.3290289,
            30.049949
          ],
          [
            31.3285389,
            30.0502841
          ]
        ]
      }
    },
    {
      "type": "Feature",
      "properties": {
        "osm_way_id": "700163299",
        "name": "Unnamed mapped way",
        "highway": "footway",
        "layer": "0",
        "bridge": "no",
        "tunnel": "no"
      },
      "geometry": {
        "type": "LineString",
        "coordinates": [
          [
            31.3291082,
            30.0499559
          ],
          [
            31.3293891,
            30.0502863
          ],
          [
            31.3294731,
            30.0503348
          ]
        ]
      }
    },
    {
      "type": "Feature",
      "properties": {
        "osm_way_id": "700168826",
        "name": "Unnamed mapped way",
        "highway": "service",
        "layer": "0",
        "bridge": "no",
        "tunnel": "no"
      },
      "geometry": {
        "type": "LineString",
        "coordinates": [
          [
            31.3388508,
            30.0588577
          ],
          [
            31.3389412,
            30.0588902
          ],
          [
            31.3389528,
            30.0588964
          ],
          [
            31.3389608,
            30.0589059
          ],
          [
            31.3389643,
            30.0589172
          ],
          [
            31.3389627,
            30.0589289
          ],
          [
            31.3389288,
            30.059177
          ],
          [
            31.3389264,
            30.0591887
          ],
          [
            31.338919,
            30.0591988
          ],
          [
            31.3389077,
            30.0592056
          ],
          [
            31.3388943,
            30.0592082
          ],
          [
            31.3387949,
            30.0592173
          ]
        ]
      }
    },
    {
      "type": "Feature",
      "properties": {
        "osm_way_id": "700640382",
        "name": "Unnamed mapped way",
        "highway": "footway",
        "layer": "0",
        "bridge": "no",
        "tunnel": "no"
      },
      "geometry": {
        "type": "LineString",
        "coordinates": [
          [
            31.3360403,
            30.0536375
          ],
          [
            31.3359345,
            30.0544106
          ]
        ]
      }
    },
    {
      "type": "Feature",
      "properties": {
        "osm_way_id": "700640383",
        "name": "Unnamed mapped way",
        "highway": "footway",
        "layer": "0",
        "bridge": "no",
        "tunnel": "no"
      },
      "geometry": {
        "type": "LineString",
        "coordinates": [
          [
            31.3356031,
            30.0543766
          ],
          [
            31.3356997,
            30.0536017
          ]
        ]
      }
    },
    {
      "type": "Feature",
      "properties": {
        "osm_way_id": "700673538",
        "name": "Unnamed mapped way",
        "highway": "primary",
        "layer": "0",
        "bridge": "no",
        "tunnel": "no"
      },
      "geometry": {
        "type": "LineString",
        "coordinates": [
          [
            31.3411205,
            30.0542043
          ],
          [
            31.3410411,
            30.0541529
          ],
          [
            31.3409522,
            30.0541148
          ],
          [
            31.3408568,
            30.0540914
          ],
          [
            31.3398663,
            30.0539678
          ]
        ]
      }
    },
    {
      "type": "Feature",
      "properties": {
        "osm_way_id": "700682173",
        "name": "Unnamed mapped way",
        "highway": "footway",
        "layer": "0",
        "bridge": "no",
        "tunnel": "no"
      },
      "geometry": {
        "type": "LineString",
        "coordinates": [
          [
            31.3416385,
            30.0589025
          ],
          [
            31.3416245,
            30.0590126
          ]
        ]
      }
    },
    {
      "type": "Feature",
      "properties": {
        "osm_way_id": "700682174",
        "name": "Unnamed mapped way",
        "highway": "footway",
        "layer": "0",
        "bridge": "no",
        "tunnel": "no"
      },
      "geometry": {
        "type": "LineString",
        "coordinates": [
          [
            31.3416385,
            30.0589025
          ],
          [
            31.3416781,
            30.0588678
          ],
          [
            31.3416834,
            30.058859
          ],
          [
            31.3416813,
            30.0588458
          ],
          [
            31.3416534,
            30.0588054
          ],
          [
            31.3416124,
            30.0588429
          ],
          [
            31.341607,
            30.0588538
          ],
          [
            31.3416123,
            30.058865
          ],
          [
            31.3416385,
            30.0589025
          ]
        ]
      }
    },
    {
      "type": "Feature",
      "properties": {
        "osm_way_id": "700682175",
        "name": "Unnamed mapped way",
        "highway": "footway",
        "layer": "0",
        "bridge": "no",
        "tunnel": "no"
      },
      "geometry": {
        "type": "LineString",
        "coordinates": [
          [
            31.3417735,
            30.0579487
          ],
          [
            31.341745,
            30.0581999
          ]
        ]
      }
    },
    {
      "type": "Feature",
      "properties": {
        "osm_way_id": "700682176",
        "name": "Unnamed mapped way",
        "highway": "footway",
        "layer": "0",
        "bridge": "no",
        "tunnel": "no"
      },
      "geometry": {
        "type": "LineString",
        "coordinates": [
          [
            31.3417735,
            30.0579487
          ],
          [
            31.3418143,
            30.0579051
          ],
          [
            31.3418186,
            30.0578969
          ],
          [
            31.3418157,
            30.0578878
          ],
          [
            31.3417856,
            30.0578417
          ],
          [
            31.3417473,
            30.0578771
          ],
          [
            31.341741,
            30.0578865
          ],
          [
            31.3417445,
            30.0578969
          ],
          [
            31.3417735,
            30.0579487
          ]
        ]
      }
    },
    {
      "type": "Feature",
      "properties": {
        "osm_way_id": "700682177",
        "name": "Unnamed mapped way",
        "highway": "footway",
        "layer": "0",
        "bridge": "no",
        "tunnel": "no"
      },
      "geometry": {
        "type": "LineString",
        "coordinates": [
          [
            31.3416979,
            30.0585351
          ],
          [
            31.3416534,
            30.0588054
          ]
        ]
      }
    },
    {
      "type": "Feature",
      "properties": {
        "osm_way_id": "700682178",
        "name": "Unnamed mapped way",
        "highway": "footway",
        "layer": "0",
        "bridge": "no",
        "tunnel": "no"
      },
      "geometry": {
        "type": "LineString",
        "coordinates": [
          [
            31.3418588,
            30.0585511
          ],
          [
            31.3416979,
            30.0585351
          ],
          [
            31.3415245,
            30.0585178
          ]
        ]
      }
    },
    {
      "type": "Feature",
      "properties": {
        "osm_way_id": "700682179",
        "name": "Unnamed mapped way",
        "highway": "footway",
        "layer": "0",
        "bridge": "no",
        "tunnel": "no"
      },
      "geometry": {
        "type": "LineString",
        "coordinates": [
          [
            31.3411619,
            30.0586127
          ],
          [
            31.3414756,
            30.0586559
          ],
          [
            31.3414997,
            30.0586547
          ],
          [
            31.3415104,
            30.0586385
          ],
          [
            31.3415245,
            30.0585178
          ],
          [
            31.3415669,
            30.0581829
          ],
          [
            31.3415815,
            30.0580813
          ],
          [
            31.3415802,
            30.0580628
          ],
          [
            31.3415647,
            30.0580552
          ],
          [
            31.3412415,
            30.0580215
          ]
        ]
      }
    },
    {
      "type": "Feature",
      "properties": {
        "osm_way_id": "700682180",
        "name": "Unnamed mapped way",
        "highway": "footway",
        "layer": "0",
        "bridge": "no",
        "tunnel": "no"
      },
      "geometry": {
        "type": "LineString",
        "coordinates": [
          [
            31.3422799,
            30.0581118
          ],
          [
            31.3419463,
            30.0580895
          ],
          [
            31.3419308,
            30.0580942
          ],
          [
            31.3419235,
            30.058107
          ],
          [
            31.3419077,
            30.0582153
          ],
          [
            31.3418588,
            30.0585511
          ],
          [
            31.3418417,
            30.0586687
          ],
          [
            31.341845,
            30.0586861
          ],
          [
            31.3418631,
            30.0586954
          ],
          [
            31.3422018,
            30.0587265
          ]
        ]
      }
    },
    {
      "type": "Feature",
      "properties": {
        "osm_way_id": "700682181",
        "name": "Unnamed mapped way",
        "highway": "footway",
        "layer": "0",
        "bridge": "no",
        "tunnel": "no"
      },
      "geometry": {
        "type": "LineString",
        "coordinates": [
          [
            31.3415669,
            30.0581829
          ],
          [
            31.341745,
            30.0581999
          ],
          [
            31.3419077,
            30.0582153
          ]
        ]
      }
    },
    {
      "type": "Feature",
      "properties": {
        "osm_way_id": "700682182",
        "name": "Unnamed mapped way",
        "highway": "footway",
        "layer": "0",
        "bridge": "no",
        "tunnel": "no"
      },
      "geometry": {
        "type": "LineString",
        "coordinates": [
          [
            31.3417978,
            30.0577182
          ],
          [
            31.3417856,
            30.0578417
          ]
        ]
      }
    },
    {
      "type": "Feature",
      "properties": {
        "osm_way_id": "700682185",
        "name": "Unnamed mapped way",
        "highway": "footway",
        "layer": "0",
        "bridge": "no",
        "tunnel": "no"
      },
      "geometry": {
        "type": "LineString",
        "coordinates": [
          [
            31.3464327,
            30.0626377
          ],
          [
            31.3461769,
            30.0623437
          ],
          [
            31.3456772,
            30.0618185
          ]
        ]
      }
    },
    {
      "type": "Feature",
      "properties": {
        "osm_way_id": "700812929",
        "name": "Unnamed mapped way",
        "highway": "service",
        "layer": "0",
        "bridge": "no",
        "tunnel": "no"
      },
      "geometry": {
        "type": "LineString",
        "coordinates": [
          [
            31.3458055,
            30.0504781
          ],
          [
            31.3462023,
            30.0505205
          ]
        ]
      }
    },
    {
      "type": "Feature",
      "properties": {
        "osm_way_id": "700812931",
        "name": "Unnamed mapped way",
        "highway": "service",
        "layer": "0",
        "bridge": "no",
        "tunnel": "no"
      },
      "geometry": {
        "type": "LineString",
        "coordinates": [
          [
            31.3458913,
            30.0499038
          ],
          [
            31.3462941,
            30.0499535
          ]
        ]
      }
    },
    {
      "type": "Feature",
      "properties": {
        "osm_way_id": "700812933",
        "name": "Unnamed mapped way",
        "highway": "service",
        "layer": "0",
        "bridge": "no",
        "tunnel": "no"
      },
      "geometry": {
        "type": "LineString",
        "coordinates": [
          [
            31.345976,
            30.0493375
          ],
          [
            31.3463844,
            30.0493934
          ]
        ]
      }
    },
    {
      "type": "Feature",
      "properties": {
        "osm_way_id": "700812937",
        "name": "Unnamed mapped way",
        "highway": "footway",
        "layer": "0",
        "bridge": "no",
        "tunnel": "no"
      },
      "geometry": {
        "type": "LineString",
        "coordinates": [
          [
            31.3420973,
            30.048325
          ],
          [
            31.3421153,
            30.0481762
          ]
        ]
      }
    },
    {
      "type": "Feature",
      "properties": {
        "osm_way_id": "700812938",
        "name": "Unnamed mapped way",
        "highway": "service",
        "layer": "0",
        "bridge": "no",
        "tunnel": "no"
      },
      "geometry": {
        "type": "LineString",
        "coordinates": [
          [
            31.3416029,
            30.0476689
          ],
          [
            31.341568,
            30.0479301
          ]
        ]
      }
    },
    {
      "type": "Feature",
      "properties": {
        "osm_way_id": "700812939",
        "name": "Unnamed mapped way",
        "highway": "footway",
        "layer": "0",
        "bridge": "no",
        "tunnel": "no"
      },
      "geometry": {
        "type": "LineString",
        "coordinates": [
          [
            31.3416922,
            30.048216
          ],
          [
            31.3417007,
            30.0481498
          ],
          [
            31.341711,
            30.0480688
          ]
        ]
      }
    },
    {
      "type": "Feature",
      "properties": {
        "osm_way_id": "700812940",
        "name": "Unnamed mapped way",
        "highway": "footway",
        "layer": "0",
        "bridge": "no",
        "tunnel": "no"
      },
      "geometry": {
        "type": "LineString",
        "coordinates": [
          [
            31.341783,
            30.0481585
          ],
          [
            31.3417007,
            30.0481498
          ],
          [
            31.3416361,
            30.0481431
          ]
        ]
      }
    },
    {
      "type": "Feature",
      "properties": {
        "osm_way_id": "700812941",
        "name": "Unnamed mapped way",
        "highway": "footway",
        "layer": "0",
        "bridge": "no",
        "tunnel": "no"
      },
      "geometry": {
        "type": "LineString",
        "coordinates": [
          [
            31.3417672,
            30.048291
          ],
          [
            31.3417742,
            30.0482239
          ],
          [
            31.341783,
            30.0481585
          ],
          [
            31.341788,
            30.0480973
          ],
          [
            31.3417885,
            30.0480915
          ],
          [
            31.341787,
            30.0480859
          ],
          [
            31.3417836,
            30.048081
          ],
          [
            31.3417787,
            30.0480771
          ],
          [
            31.3417726,
            30.0480747
          ],
          [
            31.341711,
            30.0480688
          ],
          [
            31.3416449,
            30.0480624
          ]
        ]
      }
    },
    {
      "type": "Feature",
      "properties": {
        "osm_way_id": "700812942",
        "name": "Unnamed mapped way",
        "highway": "footway",
        "layer": "0",
        "bridge": "no",
        "tunnel": "no"
      },
      "geometry": {
        "type": "LineString",
        "coordinates": [
          [
            31.3416289,
            30.0482099
          ],
          [
            31.3416922,
            30.048216
          ],
          [
            31.3417742,
            30.0482239
          ]
        ]
      }
    },
    {
      "type": "Feature",
      "properties": {
        "osm_way_id": "700812943",
        "name": "Unnamed mapped way",
        "highway": "service",
        "layer": "0",
        "bridge": "no",
        "tunnel": "no"
      },
      "geometry": {
        "type": "LineString",
        "coordinates": [
          [
            31.3424911,
            30.048369
          ],
          [
            31.3425042,
            30.0482238
          ]
        ]
      }
    },
    {
      "type": "Feature",
      "properties": {
        "osm_way_id": "700812944",
        "name": "Unnamed mapped way",
        "highway": "service",
        "layer": "0",
        "bridge": "no",
        "tunnel": "no"
      },
      "geometry": {
        "type": "LineString",
        "coordinates": [
          [
            31.343205,
            30.0482509
          ],
          [
            31.342926,
            30.0482243
          ]
        ]
      }
    },
    {
      "type": "Feature",
      "properties": {
        "osm_way_id": "700812945",
        "name": "Unnamed mapped way",
        "highway": "service",
        "layer": "0",
        "bridge": "no",
        "tunnel": "no"
      },
      "geometry": {
        "type": "LineString",
        "coordinates": [
          [
            31.3426701,
            30.0477892
          ],
          [
            31.3426594,
            30.0478944
          ],
          [
            31.3426611,
            30.0479136
          ],
          [
            31.342676,
            30.047929
          ],
          [
            31.3426973,
            30.047937
          ],
          [
            31.342826,
            30.047951
          ]
        ]
      }
    },
    {
      "type": "Feature",
      "properties": {
        "osm_way_id": "700812946",
        "name": "Unnamed mapped way",
        "highway": "service",
        "layer": "0",
        "bridge": "no",
        "tunnel": "no"
      },
      "geometry": {
        "type": "LineString",
        "coordinates": [
          [
            31.3423425,
            30.0477516
          ],
          [
            31.3423083,
            30.0480079
          ]
        ]
      }
    },
    {
      "type": "Feature",
      "properties": {
        "osm_way_id": "700812947",
        "name": "Unnamed mapped way",
        "highway": "footway",
        "layer": "0",
        "bridge": "no",
        "tunnel": "no"
      },
      "geometry": {
        "type": "LineString",
        "coordinates": [
          [
            31.341568,
            30.0479301
          ],
          [
            31.3416345,
            30.0479614
          ],
          [
            31.3416512,
            30.0479812
          ],
          [
            31.3416552,
            30.0480009
          ],
          [
            31.3416449,
            30.0480624
          ],
          [
            31.3416361,
            30.0481431
          ],
          [
            31.3416289,
            30.0482099
          ],
          [
            31.3416219,
            30.0482752
          ]
        ]
      }
    },
    {
      "type": "Feature",
      "properties": {
        "osm_way_id": "700812948",
        "name": "Unnamed mapped way",
        "highway": "service",
        "layer": "0",
        "bridge": "no",
        "tunnel": "no"
      },
      "geometry": {
        "type": "LineString",
        "coordinates": [
          [
            31.3411351,
            30.0482146
          ],
          [
            31.341143,
            30.0481483
          ],
          [
            31.3411475,
            30.0481262
          ],
          [
            31.3411631,
            30.0481083
          ],
          [
            31.3411872,
            30.0481002
          ],
          [
            31.3412087,
            30.0481004
          ],
          [
            31.341371,
            30.048117
          ]
        ]
      }
    },
    {
      "type": "Feature",
      "properties": {
        "osm_way_id": "700812949",
        "name": "Unnamed mapped way",
        "highway": "service",
        "layer": "0",
        "bridge": "no",
        "tunnel": "no"
      },
      "geometry": {
        "type": "LineString",
        "coordinates": [
          [
            31.340849,
            30.0477956
          ],
          [
            31.3410826,
            30.0478198
          ]
        ]
      }
    },
    {
      "type": "Feature",
      "properties": {
        "osm_way_id": "700812950",
        "name": "Unnamed mapped way",
        "highway": "footway",
        "layer": "0",
        "bridge": "no",
        "tunnel": "no"
      },
      "geometry": {
        "type": "LineString",
        "coordinates": [
          [
            31.3429832,
            30.0492164
          ],
          [
            31.3424566,
            30.0491746
          ]
        ]
      }
    },
    {
      "type": "Feature",
      "properties": {
        "osm_way_id": "700812951",
        "name": "Unnamed mapped way",
        "highway": "footway",
        "layer": "0",
        "bridge": "no",
        "tunnel": "no"
      },
      "geometry": {
        "type": "LineString",
        "coordinates": [
          [
            31.3430215,
            30.0495849
          ],
          [
            31.3430517,
            30.0492187
          ],
          [
            31.3430464,
            30.0492038
          ],
          [
            31.3430325,
            30.0491964
          ],
          [
            31.3430111,
            30.0491961
          ],
          [
            31.3429939,
            30.0492018
          ],
          [
            31.3429832,
            30.0492164
          ],
          [
            31.3429509,
            30.0495781
          ]
        ]
      }
    },
    {
      "type": "Feature",
      "properties": {
        "osm_way_id": "700812952",
        "name": "Unnamed mapped way",
        "highway": "footway",
        "layer": "0",
        "bridge": "no",
        "tunnel": "no"
      },
      "geometry": {
        "type": "LineString",
        "coordinates": [
          [
            31.3428631,
            30.049763
          ],
          [
            31.3427269,
            30.0497383
          ],
          [
            31.342601,
            30.0497155
          ],
          [
            31.3425914,
            30.0497693
          ],
          [
            31.3425925,
            30.0498237
          ],
          [
            31.342604,
            30.0498772
          ],
          [
            31.3426258,
            30.0499283
          ],
          [
            31.3426624,
            30.0499807
          ],
          [
            31.3426878,
            30.0500087
          ],
          [
            31.3427123,
            30.0500287
          ],
          [
            31.3427448,
            30.0500529
          ],
          [
            31.3427987,
            30.050081
          ],
          [
            31.3428572,
            30.0501009
          ],
          [
            31.3429188,
            30.050112
          ],
          [
            31.3429816,
            30.050114
          ],
          [
            31.3430439,
            30.0501068
          ],
          [
            31.343104,
            30.0500907
          ],
          [
            31.3431601,
            30.0500661
          ],
          [
            31.3432106,
            30.0500337
          ],
          [
            31.3432541,
            30.0499944
          ],
          [
            31.3432893,
            30.0499493
          ],
          [
            31.3433153,
            30.0498998
          ],
          [
            31.3433314,
            30.0498413
          ],
          [
            31.3431968,
            30.049814
          ],
          [
            31.3430708,
            30.0497898
          ]
        ]
      }
    },
    {
      "type": "Feature",
      "properties": {
        "osm_way_id": "700812954",
        "name": "Unnamed mapped way",
        "highway": "footway",
        "layer": "0",
        "bridge": "no",
        "tunnel": "no"
      },
      "geometry": {
        "type": "LineString",
        "coordinates": [
          [
            31.3429736,
            30.0496897
          ],
          [
            31.3429683,
            30.0497484
          ]
        ]
      }
    },
    {
      "type": "Feature",
      "properties": {
        "osm_way_id": "700812955",
        "name": "Unnamed mapped way",
        "highway": "footway",
        "layer": "0",
        "bridge": "no",
        "tunnel": "no"
      },
      "geometry": {
        "type": "LineString",
        "coordinates": [
          [
            31.3429615,
            30.0498713
          ],
          [
            31.3429628,
            30.049812
          ]
        ]
      }
    },
    {
      "type": "Feature",
      "properties": {
        "osm_way_id": "700812956",
        "name": "Unnamed mapped way",
        "highway": "footway",
        "layer": "0",
        "bridge": "no",
        "tunnel": "no"
      },
      "geometry": {
        "type": "LineString",
        "coordinates": [
          [
            31.3429306,
            30.0497708
          ],
          [
            31.3429387,
            30.0497586
          ],
          [
            31.3429522,
            30.0497506
          ],
          [
            31.3429683,
            30.0497484
          ],
          [
            31.3429864,
            30.0497537
          ],
          [
            31.342999,
            30.0497663
          ],
          [
            31.3430026,
            30.0497826
          ],
          [
            31.3429962,
            30.0497982
          ],
          [
            31.3429816,
            30.049809
          ],
          [
            31.3429628,
            30.049812
          ],
          [
            31.3429472,
            30.0498077
          ],
          [
            31.3429353,
            30.0497981
          ],
          [
            31.3429294,
            30.0497849
          ],
          [
            31.3429306,
            30.0497708
          ]
        ]
      }
    },
    {
      "type": "Feature",
      "properties": {
        "osm_way_id": "700812957",
        "name": "Unnamed mapped way",
        "highway": "footway",
        "layer": "0",
        "bridge": "no",
        "tunnel": "no"
      },
      "geometry": {
        "type": "LineString",
        "coordinates": [
          [
            31.3428731,
            30.0497382
          ],
          [
            31.3428909,
            30.049717
          ],
          [
            31.342915,
            30.049701
          ],
          [
            31.3429433,
            30.0496917
          ],
          [
            31.3429736,
            30.0496897
          ],
          [
            31.3430062,
            30.0496963
          ],
          [
            31.3430349,
            30.0497115
          ],
          [
            31.3430564,
            30.0497338
          ],
          [
            31.3430688,
            30.0497608
          ],
          [
            31.3430708,
            30.0497898
          ],
          [
            31.3430594,
            30.0498226
          ],
          [
            31.3430348,
            30.0498493
          ],
          [
            31.3430006,
            30.0498664
          ],
          [
            31.3429615,
            30.0498713
          ],
          [
            31.342932,
            30.0498664
          ],
          [
            31.3429053,
            30.0498546
          ],
          [
            31.3428836,
            30.0498367
          ],
          [
            31.3428686,
            30.0498142
          ],
          [
            31.3428616,
            30.0497889
          ],
          [
            31.3428631,
            30.049763
          ],
          [
            31.3428731,
            30.0497382
          ]
        ]
      }
    },
    {
      "type": "Feature",
      "properties": {
        "osm_way_id": "700812958",
        "name": "Unnamed mapped way",
        "highway": "footway",
        "layer": "0",
        "bridge": "no",
        "tunnel": "no"
      },
      "geometry": {
        "type": "LineString",
        "coordinates": [
          [
            31.3431968,
            30.049814
          ],
          [
            31.3431996,
            30.0497796
          ],
          [
            31.3431943,
            30.0497419
          ],
          [
            31.3431813,
            30.0497056
          ],
          [
            31.3431608,
            30.049672
          ],
          [
            31.3431335,
            30.0496423
          ],
          [
            31.3431005,
            30.0496173
          ],
          [
            31.3430627,
            30.0495979
          ],
          [
            31.3430215,
            30.0495849
          ],
          [
            31.3429865,
            30.0495792
          ],
          [
            31.3429509,
            30.0495781
          ],
          [
            31.3429122,
            30.0495822
          ],
          [
            31.3428747,
            30.0495916
          ],
          [
            31.3428396,
            30.0496062
          ],
          [
            31.3428076,
            30.0496255
          ],
          [
            31.3427797,
            30.049649
          ],
          [
            31.3427565,
            30.0496761
          ],
          [
            31.3427387,
            30.0497062
          ],
          [
            31.3427269,
            30.0497383
          ]
        ]
      }
    },
    {
      "type": "Feature",
      "properties": {
        "osm_way_id": "701104139",
        "name": "Moustafa Al Nahas Street",
        "highway": "primary",
        "layer": "0",
        "bridge": "no",
        "tunnel": "no"
      },
      "geometry": {
        "type": "LineString",
        "coordinates": [
          [
            31.3460336,
            30.0548976
          ],
          [
            31.3460163,
            30.0548573
          ],
          [
            31.345992,
            30.0548198
          ],
          [
            31.3459613,
            30.0547859
          ],
          [
            31.345925,
            30.0547566
          ],
          [
            31.3458839,
            30.0547326
          ],
          [
            31.3458389,
            30.0547143
          ],
          [
            31.3455962,
            30.0546772
          ],
          [
            31.3452274,
            30.0546407
          ],
          [
            31.3451176,
            30.0546287
          ],
          [
            31.3434644,
            30.0544507
          ],
          [
            31.3424692,
            30.0543379
          ],
          [
            31.3421584,
            30.0543041
          ],
          [
            31.3413119,
            30.0542172
          ],
          [
            31.3411205,
            30.0542043
          ]
        ]
      }
    },
    {
      "type": "Feature",
      "properties": {
        "osm_way_id": "701104140",
        "name": "Unnamed mapped way",
        "highway": "primary_link",
        "layer": "0",
        "bridge": "no",
        "tunnel": "no"
      },
      "geometry": {
        "type": "LineString",
        "coordinates": [
          [
            31.3379005,
            30.0535593
          ],
          [
            31.3379253,
            30.0535919
          ],
          [
            31.3379426,
            30.0536245
          ],
          [
            31.3379509,
            30.0536597
          ],
          [
            31.3379499,
            30.0536957
          ],
          [
            31.3379395,
            30.0537305
          ],
          [
            31.3379204,
            30.0537624
          ],
          [
            31.3378934,
            30.0537897
          ],
          [
            31.3378601,
            30.0538111
          ],
          [
            31.337822,
            30.0538254
          ]
        ]
      }
    },
    {
      "type": "Feature",
      "properties": {
        "osm_way_id": "705357186",
        "name": "Sakleya Street",
        "highway": "residential",
        "layer": "0",
        "bridge": "no",
        "tunnel": "no"
      },
      "geometry": {
        "type": "LineString",
        "coordinates": [
          [
            31.3446282,
            30.0580285
          ],
          [
            31.3446486,
            30.0580145
          ],
          [
            31.3446714,
            30.0580036
          ],
          [
            31.344706,
            30.057994
          ],
          [
            31.3447423,
            30.0579914
          ],
          [
            31.3456008,
            30.0580895
          ]
        ]
      }
    },
    {
      "type": "Feature",
      "properties": {
        "osm_way_id": "765656380",
        "name": "Unnamed mapped way",
        "highway": "tertiary_link",
        "layer": "0",
        "bridge": "no",
        "tunnel": "no"
      },
      "geometry": {
        "type": "LineString",
        "coordinates": [
          [
            31.3331594,
            30.0613301
          ],
          [
            31.3331383,
            30.0613616
          ],
          [
            31.3331032,
            30.0613819
          ],
          [
            31.3330614,
            30.0613866
          ],
          [
            31.3330215,
            30.0613748
          ],
          [
            31.3329917,
            30.061349
          ],
          [
            31.3329782,
            30.0613144
          ]
        ]
      }
    },
    {
      "type": "Feature",
      "properties": {
        "osm_way_id": "765656381",
        "name": "Al Batrawi Street",
        "highway": "tertiary",
        "layer": "0",
        "bridge": "no",
        "tunnel": "no"
      },
      "geometry": {
        "type": "LineString",
        "coordinates": [
          [
            31.3370713,
            30.0624221
          ],
          [
            31.3369821,
            30.0623569
          ],
          [
            31.3368852,
            30.0622915
          ],
          [
            31.3368242,
            30.0622597
          ],
          [
            31.3367799,
            30.0622367
          ],
          [
            31.3366678,
            30.0621931
          ],
          [
            31.33655,
            30.0621612
          ],
          [
            31.3363879,
            30.0621391
          ],
          [
            31.334737,
            30.0619561
          ],
          [
            31.3342305,
            30.0619055
          ],
          [
            31.3341297,
            30.0618873
          ],
          [
            31.334032,
            30.0618593
          ],
          [
            31.3339385,
            30.0618218
          ]
        ]
      }
    },
    {
      "type": "Feature",
      "properties": {
        "osm_way_id": "765656383",
        "name": "Ibrahim Shawki Street",
        "highway": "tertiary",
        "layer": "0",
        "bridge": "no",
        "tunnel": "no"
      },
      "geometry": {
        "type": "LineString",
        "coordinates": [
          [
            31.3330741,
            30.0594239
          ],
          [
            31.3331727,
            30.0594746
          ],
          [
            31.3332209,
            30.0595037
          ],
          [
            31.3332628,
            30.0595394
          ],
          [
            31.3332975,
            30.0595805
          ],
          [
            31.3333239,
            30.0596259
          ],
          [
            31.3333413,
            30.0596745
          ],
          [
            31.3333493,
            30.0597249
          ],
          [
            31.3333476,
            30.0597758
          ],
          [
            31.3331625,
            30.0612723
          ],
          [
            31.3331594,
            30.0613301
          ],
          [
            31.3331781,
            30.0614115
          ],
          [
            31.3331996,
            30.0614858
          ],
          [
            31.3332117,
            30.0615322
          ],
          [
            31.3332289,
            30.0616143
          ]
        ]
      }
    },
    {
      "type": "Feature",
      "properties": {
        "osm_way_id": "765656384",
        "name": "Al Batrawi Street",
        "highway": "tertiary",
        "layer": "0",
        "bridge": "no",
        "tunnel": "no"
      },
      "geometry": {
        "type": "LineString",
        "coordinates": [
          [
            31.3303026,
            30.0612622
          ],
          [
            31.3304197,
            30.061286
          ],
          [
            31.3304845,
            30.0612943
          ],
          [
            31.3305406,
            30.0613021
          ],
          [
            31.3311769,
            30.0613842
          ],
          [
            31.3313465,
            30.0614038
          ],
          [
            31.3319095,
            30.061465
          ],
          [
            31.3321352,
            30.0614905
          ],
          [
            31.3326813,
            30.0615523
          ],
          [
            31.3328604,
            30.0615726
          ],
          [
            31.3332289,
            30.0616143
          ],
          [
            31.3336699,
            30.0616737
          ]
        ]
      }
    },
    {
      "type": "Feature",
      "properties": {
        "osm_way_id": "768258462",
        "name": "Ibn Al Haytham Street",
        "highway": "residential",
        "layer": "0",
        "bridge": "no",
        "tunnel": "no"
      },
      "geometry": {
        "type": "LineString",
        "coordinates": [
          [
            31.3372409,
            30.0552078
          ],
          [
            31.3373463,
            30.0551887
          ],
          [
            31.3373903,
            30.0551799
          ],
          [
            31.3374355,
            30.0551782
          ],
          [
            31.338021,
            30.0552315
          ],
          [
            31.3381658,
            30.0552447
          ]
        ]
      }
    },
    {
      "type": "Feature",
      "properties": {
        "osm_way_id": "768258463",
        "name": "Ibn Al Haytham Street",
        "highway": "residential",
        "layer": "0",
        "bridge": "no",
        "tunnel": "no"
      },
      "geometry": {
        "type": "LineString",
        "coordinates": [
          [
            31.3381467,
            30.055373
          ],
          [
            31.3380241,
            30.05536
          ],
          [
            31.3373886,
            30.0552926
          ],
          [
            31.3373644,
            30.0552848
          ],
          [
            31.3373423,
            30.0552735
          ],
          [
            31.3373199,
            30.0552565
          ],
          [
            31.3372409,
            30.0552078
          ]
        ]
      }
    },
    {
      "type": "Feature",
      "properties": {
        "osm_way_id": "769683587",
        "name": "Unnamed mapped way",
        "highway": "service",
        "layer": "0",
        "bridge": "no",
        "tunnel": "no"
      },
      "geometry": {
        "type": "LineString",
        "coordinates": [
          [
            31.3334038,
            30.0521424
          ],
          [
            31.3333572,
            30.0524679
          ]
        ]
      }
    },
    {
      "type": "Feature",
      "properties": {
        "osm_way_id": "769849232",
        "name": "Unnamed mapped way",
        "highway": "service",
        "layer": "0",
        "bridge": "no",
        "tunnel": "no"
      },
      "geometry": {
        "type": "LineString",
        "coordinates": [
          [
            31.3313881,
            30.0615634
          ],
          [
            31.3313589,
            30.0619077
          ],
          [
            31.3313536,
            30.0619309
          ],
          [
            31.3313401,
            30.0619408
          ],
          [
            31.331322,
            30.0619483
          ],
          [
            31.3309525,
            30.0619046
          ]
        ]
      }
    },
    {
      "type": "Feature",
      "properties": {
        "osm_way_id": "775750902",
        "name": "Ahmed Hamed Abou Al Hasaib Street",
        "highway": "residential",
        "layer": "0",
        "bridge": "no",
        "tunnel": "no"
      },
      "geometry": {
        "type": "LineString",
        "coordinates": [
          [
            31.3342716,
            30.0609309
          ],
          [
            31.3357651,
            30.0611075
          ],
          [
            31.3361435,
            30.0611522
          ]
        ]
      }
    },
    {
      "type": "Feature",
      "properties": {
        "osm_way_id": "776025687",
        "name": "Unnamed mapped way",
        "highway": "footway",
        "layer": "0",
        "bridge": "no",
        "tunnel": "no"
      },
      "geometry": {
        "type": "LineString",
        "coordinates": [
          [
            31.3255064,
            30.0478414
          ],
          [
            31.325163,
            30.0473433
          ]
        ]
      }
    },
    {
      "type": "Feature",
      "properties": {
        "osm_way_id": "776025688",
        "name": "Unnamed mapped way",
        "highway": "footway",
        "layer": "0",
        "bridge": "no",
        "tunnel": "no"
      },
      "geometry": {
        "type": "LineString",
        "coordinates": [
          [
            31.326005,
            30.0474355
          ],
          [
            31.3255064,
            30.0478414
          ]
        ]
      }
    },
    {
      "type": "Feature",
      "properties": {
        "osm_way_id": "776025689",
        "name": "Unnamed mapped way",
        "highway": "footway",
        "layer": "0",
        "bridge": "no",
        "tunnel": "no"
      },
      "geometry": {
        "type": "LineString",
        "coordinates": [
          [
            31.325918,
            30.0480812
          ],
          [
            31.3255334,
            30.0480038
          ]
        ]
      }
    },
    {
      "type": "Feature",
      "properties": {
        "osm_way_id": "776025690",
        "name": "Unnamed mapped way",
        "highway": "footway",
        "layer": "0",
        "bridge": "no",
        "tunnel": "no"
      },
      "geometry": {
        "type": "LineString",
        "coordinates": [
          [
            31.3258012,
            30.0486087
          ],
          [
            31.3254321,
            30.0481512
          ]
        ]
      }
    },
    {
      "type": "Feature",
      "properties": {
        "osm_way_id": "776025691",
        "name": "Unnamed mapped way",
        "highway": "footway",
        "layer": "0",
        "bridge": "no",
        "tunnel": "no"
      },
      "geometry": {
        "type": "LineString",
        "coordinates": [
          [
            31.3254321,
            30.0481512
          ],
          [
            31.325381,
            30.0481733
          ],
          [
            31.325334,
            30.0481988
          ],
          [
            31.3252616,
            30.0482435
          ],
          [
            31.3251965,
            30.0482876
          ],
          [
            31.3249565,
            30.0484603
          ]
        ]
      }
    },
    {
      "type": "Feature",
      "properties": {
        "osm_way_id": "843949501",
        "name": "Unnamed mapped way",
        "highway": "tertiary_link",
        "layer": "0",
        "bridge": "no",
        "tunnel": "no"
      },
      "geometry": {
        "type": "LineString",
        "coordinates": [
          [
            31.3460258,
            30.0605199
          ],
          [
            31.3459982,
            30.0605036
          ],
          [
            31.3459775,
            30.0604809
          ],
          [
            31.3459655,
            30.0604539
          ],
          [
            31.3459633,
            30.060425
          ],
          [
            31.3459712,
            30.0603969
          ],
          [
            31.3459885,
            30.0603721
          ],
          [
            31.3460134,
            30.0603528
          ],
          [
            31.3460439,
            30.0603409
          ],
          [
            31.3461039,
            30.0603338
          ]
        ]
      }
    },
    {
      "type": "Feature",
      "properties": {
        "osm_way_id": "850927446",
        "name": "Unnamed mapped way",
        "highway": "primary",
        "layer": "0",
        "bridge": "no",
        "tunnel": "no"
      },
      "geometry": {
        "type": "LineString",
        "coordinates": [
          [
            31.3398902,
            30.0538732
          ],
          [
            31.3408422,
            30.0539943
          ],
          [
            31.3408881,
            30.0540001
          ],
          [
            31.3409367,
            30.0539999
          ],
          [
            31.3409847,
            30.0539931
          ],
          [
            31.3410346,
            30.0539787
          ],
          [
            31.341081,
            30.0539572
          ],
          [
            31.341136,
            30.0539247
          ]
        ]
      }
    },
    {
      "type": "Feature",
      "properties": {
        "osm_way_id": "850927447",
        "name": "Unnamed mapped way",
        "highway": "primary",
        "layer": "1",
        "bridge": "yes",
        "tunnel": "no"
      },
      "geometry": {
        "type": "LineString",
        "coordinates": [
          [
            31.3398663,
            30.0539678
          ],
          [
            31.3388411,
            30.0538367
          ],
          [
            31.3383288,
            30.0537739
          ],
          [
            31.3375571,
            30.053696
          ],
          [
            31.3368268,
            30.0536262
          ]
        ]
      }
    },
    {
      "type": "Feature",
      "properties": {
        "osm_way_id": "850927448",
        "name": "Unnamed mapped way",
        "highway": "primary",
        "layer": "0",
        "bridge": "no",
        "tunnel": "no"
      },
      "geometry": {
        "type": "LineString",
        "coordinates": [
          [
            31.3344239,
            30.0532472
          ],
          [
            31.3345051,
            30.0532715
          ],
          [
            31.3345719,
            30.0532955
          ],
          [
            31.3346626,
            30.0533187
          ],
          [
            31.3347316,
            30.0533365
          ],
          [
            31.3348022,
            30.0533489
          ],
          [
            31.3348432,
            30.0533528
          ],
          [
            31.3368379,
            30.0535406
          ]
        ]
      }
    },
    {
      "type": "Feature",
      "properties": {
        "osm_way_id": "850927449",
        "name": "Unnamed mapped way",
        "highway": "service",
        "layer": "0",
        "bridge": "no",
        "tunnel": "no"
      },
      "geometry": {
        "type": "LineString",
        "coordinates": [
          [
            31.3381488,
            30.0542157
          ],
          [
            31.3382978,
            30.0542283
          ]
        ]
      }
    },
    {
      "type": "Feature",
      "properties": {
        "osm_way_id": "850927450",
        "name": "Unnamed mapped way",
        "highway": "service",
        "layer": "0",
        "bridge": "no",
        "tunnel": "no"
      },
      "geometry": {
        "type": "LineString",
        "coordinates": [
          [
            31.3381488,
            30.0542157
          ],
          [
            31.338166,
            30.0540592
          ],
          [
            31.3381659,
            30.0540357
          ],
          [
            31.3381547,
            30.0540142
          ],
          [
            31.3381346,
            30.0539985
          ],
          [
            31.3381088,
            30.0539911
          ],
          [
            31.3379002,
            30.0539647
          ]
        ]
      }
    },
    {
      "type": "Feature",
      "properties": {
        "osm_way_id": "850927451",
        "name": "Unnamed mapped way",
        "highway": "primary",
        "layer": "0",
        "bridge": "no",
        "tunnel": "no"
      },
      "geometry": {
        "type": "LineString",
        "coordinates": [
          [
            31.3368268,
            30.0536262
          ],
          [
            31.3348806,
            30.0534319
          ],
          [
            31.3345452,
            30.0533984
          ],
          [
            31.3344433,
            30.0533904
          ],
          [
            31.3343605,
            30.0533885
          ],
          [
            31.3341155,
            30.053401
          ]
        ]
      }
    },
    {
      "type": "Feature",
      "properties": {
        "osm_way_id": "850927452",
        "name": "Unnamed mapped way",
        "highway": "service",
        "layer": "0",
        "bridge": "no",
        "tunnel": "no"
      },
      "geometry": {
        "type": "LineString",
        "coordinates": [
          [
            31.3413119,
            30.0542172
          ],
          [
            31.3412988,
            30.0542232
          ],
          [
            31.3412878,
            30.0542319
          ],
          [
            31.3412798,
            30.0542427
          ],
          [
            31.3412751,
            30.0542549
          ],
          [
            31.3412716,
            30.0542972
          ],
          [
            31.3412644,
            30.0543767
          ],
          [
            31.3412519,
            30.054512
          ],
          [
            31.3412505,
            30.0545236
          ],
          [
            31.3412429,
            30.0545333
          ],
          [
            31.341231,
            30.0545388
          ],
          [
            31.3412175,
            30.0545389
          ],
          [
            31.3411396,
            30.0545329
          ],
          [
            31.3411287,
            30.0545296
          ],
          [
            31.3411209,
            30.0545224
          ],
          [
            31.3411177,
            30.0545128
          ],
          [
            31.3411189,
            30.0545002
          ],
          [
            31.3411341,
            30.054366
          ],
          [
            31.3411394,
            30.0542848
          ],
          [
            31.3411405,
            30.0542587
          ],
          [
            31.3411416,
            30.0542439
          ],
          [
            31.3411384,
            30.0542293
          ],
          [
            31.3411313,
            30.0542158
          ],
          [
            31.3411205,
            30.0542043
          ]
        ]
      }
    },
    {
      "type": "Feature",
      "properties": {
        "osm_way_id": "850927453",
        "name": "Moustafa Al Nahas Street",
        "highway": "primary",
        "layer": "0",
        "bridge": "no",
        "tunnel": "no"
      },
      "geometry": {
        "type": "LineString",
        "coordinates": [
          [
            31.3386092,
            30.0534725
          ],
          [
            31.3386446,
            30.0535467
          ],
          [
            31.3386743,
            30.0535889
          ],
          [
            31.3387147,
            30.0536238
          ],
          [
            31.3387633,
            30.0536497
          ],
          [
            31.3388176,
            30.0536649
          ],
          [
            31.3390518,
            30.0536947
          ],
          [
            31.341136,
            30.0539247
          ],
          [
            31.3423416,
            30.0540586
          ],
          [
            31.3435613,
            30.0541941
          ],
          [
            31.3456435,
            30.0543964
          ]
        ]
      }
    },
    {
      "type": "Feature",
      "properties": {
        "osm_way_id": "850927454",
        "name": "Unnamed mapped way",
        "highway": "primary",
        "layer": "1",
        "bridge": "yes",
        "tunnel": "no"
      },
      "geometry": {
        "type": "LineString",
        "coordinates": [
          [
            31.3454278,
            30.0544692
          ],
          [
            31.3459599,
            30.0545193
          ],
          [
            31.3464902,
            30.0545815
          ],
          [
            31.3470025,
            30.0546464
          ]
        ]
      }
    },
    {
      "type": "Feature",
      "properties": {
        "osm_way_id": "850927455",
        "name": "Unnamed mapped way",
        "highway": "primary",
        "layer": "1",
        "bridge": "yes",
        "tunnel": "no"
      },
      "geometry": {
        "type": "LineString",
        "coordinates": [
          [
            31.3469987,
            30.0547422
          ],
          [
            31.3466032,
            30.0546901
          ],
          [
            31.3462069,
            30.0546419
          ],
          [
            31.3458101,
            30.0545976
          ],
          [
            31.3454127,
            30.0545572
          ]
        ]
      }
    },
    {
      "type": "Feature",
      "properties": {
        "osm_way_id": "850927456",
        "name": "Unnamed mapped way",
        "highway": "primary",
        "layer": "1",
        "bridge": "yes",
        "tunnel": "no"
      },
      "geometry": {
        "type": "LineString",
        "coordinates": [
          [
            31.3454127,
            30.0545572
          ],
          [
            31.3440145,
            30.0544301
          ],
          [
            31.3438133,
            30.0544118
          ],
          [
            31.3437286,
            30.0544087
          ],
          [
            31.3436472,
            30.0544108
          ],
          [
            31.3435661,
            30.0544178
          ],
          [
            31.3434644,
            30.0544507
          ]
        ]
      }
    },
    {
      "type": "Feature",
      "properties": {
        "osm_way_id": "850927457",
        "name": "Unnamed mapped way",
        "highway": "primary",
        "layer": "1",
        "bridge": "yes",
        "tunnel": "no"
      },
      "geometry": {
        "type": "LineString",
        "coordinates": [
          [
            31.3435613,
            30.0541941
          ],
          [
            31.343651,
            30.0542542
          ],
          [
            31.3437447,
            30.0542857
          ],
          [
            31.3438333,
            30.0543074
          ],
          [
            31.3439239,
            30.0543221
          ],
          [
            31.3440318,
            30.0543327
          ],
          [
            31.3454278,
            30.0544692
          ]
        ]
      }
    },
    {
      "type": "Feature",
      "properties": {
        "osm_way_id": "850971992",
        "name": "Unnamed mapped way",
        "highway": "primary",
        "layer": "1",
        "bridge": "yes",
        "tunnel": "no"
      },
      "geometry": {
        "type": "LineString",
        "coordinates": [
          [
            31.3263929,
            30.0523875
          ],
          [
            31.3280854,
            30.052578
          ]
        ]
      }
    },
    {
      "type": "Feature",
      "properties": {
        "osm_way_id": "850971993",
        "name": "Unnamed mapped way",
        "highway": "primary",
        "layer": "1",
        "bridge": "yes",
        "tunnel": "no"
      },
      "geometry": {
        "type": "LineString",
        "coordinates": [
          [
            31.3281037,
            30.0526697
          ],
          [
            31.3263715,
            30.0524805
          ]
        ]
      }
    },
    {
      "type": "Feature",
      "properties": {
        "osm_way_id": "850971994",
        "name": "Unnamed mapped way",
        "highway": "primary",
        "layer": "0",
        "bridge": "no",
        "tunnel": "no"
      },
      "geometry": {
        "type": "LineString",
        "coordinates": [
          [
            31.3280854,
            30.052578
          ],
          [
            31.3297183,
            30.0527614
          ],
          [
            31.3303617,
            30.0528337
          ]
        ]
      }
    },
    {
      "type": "Feature",
      "properties": {
        "osm_way_id": "850971995",
        "name": "Unnamed mapped way",
        "highway": "primary",
        "layer": "0",
        "bridge": "no",
        "tunnel": "no"
      },
      "geometry": {
        "type": "LineString",
        "coordinates": [
          [
            31.3303166,
            30.0529444
          ],
          [
            31.3297018,
            30.0528632
          ],
          [
            31.3296483,
            30.0528561
          ],
          [
            31.3281037,
            30.0526697
          ]
        ]
      }
    },
    {
      "type": "Feature",
      "properties": {
        "osm_way_id": "858913459",
        "name": "Unnamed mapped way",
        "highway": "tertiary_link",
        "layer": "0",
        "bridge": "no",
        "tunnel": "no"
      },
      "geometry": {
        "type": "LineString",
        "coordinates": [
          [
            31.3303303,
            30.0594866
          ],
          [
            31.3303509,
            30.0594606
          ],
          [
            31.3303814,
            30.0594434
          ],
          [
            31.3304172,
            30.0594375
          ],
          [
            31.3304529,
            30.0594439
          ],
          [
            31.3304831,
            30.0594615
          ],
          [
            31.3305033,
            30.0594877
          ],
          [
            31.3305105,
            30.0595186
          ]
        ]
      }
    },
    {
      "type": "Feature",
      "properties": {
        "osm_way_id": "858913992",
        "name": "Mohamed Saad Abd Allah Street",
        "highway": "residential",
        "layer": "0",
        "bridge": "no",
        "tunnel": "no"
      },
      "geometry": {
        "type": "LineString",
        "coordinates": [
          [
            31.3409882,
            30.0624689
          ],
          [
            31.3410732,
            30.0616966
          ],
          [
            31.3410854,
            30.0615978
          ]
        ]
      }
    },
    {
      "type": "Feature",
      "properties": {
        "osm_way_id": "858913993",
        "name": "Mohamed Saad Abd Allah Street",
        "highway": "residential",
        "layer": "0",
        "bridge": "no",
        "tunnel": "no"
      },
      "geometry": {
        "type": "LineString",
        "coordinates": [
          [
            31.3412204,
            30.0626042
          ],
          [
            31.3411218,
            30.0633586
          ],
          [
            31.3411083,
            30.0634626
          ]
        ]
      }
    },
    {
      "type": "Feature",
      "properties": {
        "osm_way_id": "858915973",
        "name": "Abd Al Razak Al Sanhouri Street",
        "highway": "tertiary",
        "layer": "0",
        "bridge": "no",
        "tunnel": "no"
      },
      "geometry": {
        "type": "LineString",
        "coordinates": [
          [
            31.3451227,
            30.0627805
          ],
          [
            31.3451774,
            30.0628137
          ],
          [
            31.3452362,
            30.0628412
          ],
          [
            31.3452983,
            30.0628624
          ],
          [
            31.3453629,
            30.0628772
          ],
          [
            31.345438,
            30.0628926
          ],
          [
            31.3455007,
            30.0628991
          ],
          [
            31.3472576,
            30.0630805
          ],
          [
            31.3473065,
            30.0630936
          ],
          [
            31.3473513,
            30.0631152
          ],
          [
            31.3473901,
            30.0631442
          ],
          [
            31.3474211,
            30.0631795
          ]
        ]
      }
    },
    {
      "type": "Feature",
      "properties": {
        "osm_way_id": "858935302",
        "name": "Unnamed mapped way",
        "highway": "tertiary",
        "layer": "0",
        "bridge": "no",
        "tunnel": "no"
      },
      "geometry": {
        "type": "LineString",
        "coordinates": [
          [
            31.3336699,
            30.0616737
          ],
          [
            31.334071,
            30.0617161
          ],
          [
            31.3362402,
            30.0619455
          ]
        ]
      }
    },
    {
      "type": "Feature",
      "properties": {
        "osm_way_id": "858935303",
        "name": "Unnamed mapped way",
        "highway": "tertiary",
        "layer": "1",
        "bridge": "yes",
        "tunnel": "no"
      },
      "geometry": {
        "type": "LineString",
        "coordinates": [
          [
            31.3362402,
            30.0619455
          ],
          [
            31.3385658,
            30.0622037
          ]
        ]
      }
    },
    {
      "type": "Feature",
      "properties": {
        "osm_way_id": "858935304",
        "name": "Unnamed mapped way",
        "highway": "tertiary",
        "layer": "1",
        "bridge": "yes",
        "tunnel": "no"
      },
      "geometry": {
        "type": "LineString",
        "coordinates": [
          [
            31.3385534,
            30.0622929
          ],
          [
            31.33622,
            30.0620414
          ]
        ]
      }
    },
    {
      "type": "Feature",
      "properties": {
        "osm_way_id": "858935305",
        "name": "Unnamed mapped way",
        "highway": "tertiary",
        "layer": "0",
        "bridge": "no",
        "tunnel": "no"
      },
      "geometry": {
        "type": "LineString",
        "coordinates": [
          [
            31.33622,
            30.0620414
          ],
          [
            31.3341211,
            30.0618394
          ],
          [
            31.3339385,
            30.0618218
          ]
        ]
      }
    },
    {
      "type": "Feature",
      "properties": {
        "osm_way_id": "858935306",
        "name": "Unnamed mapped way",
        "highway": "tertiary_link",
        "layer": "0",
        "bridge": "no",
        "tunnel": "no"
      },
      "geometry": {
        "type": "LineString",
        "coordinates": [
          [
            31.3368288,
            30.0618646
          ],
          [
            31.3368557,
            30.0619091
          ],
          [
            31.3368753,
            30.0619564
          ],
          [
            31.3368873,
            30.0620056
          ],
          [
            31.3368913,
            30.0620558
          ],
          [
            31.3368873,
            30.0621059
          ],
          [
            31.3368755,
            30.0621551
          ],
          [
            31.336856,
            30.0622024
          ],
          [
            31.3368242,
            30.0622597
          ]
        ]
      }
    },
    {
      "type": "Feature",
      "properties": {
        "osm_way_id": "858935307",
        "name": "Unnamed mapped way",
        "highway": "tertiary_link",
        "layer": "0",
        "bridge": "no",
        "tunnel": "no"
      },
      "geometry": {
        "type": "LineString",
        "coordinates": [
          [
            31.3376848,
            30.062362
          ],
          [
            31.3376501,
            30.0623375
          ],
          [
            31.3376216,
            30.0623076
          ],
          [
            31.3376005,
            30.0622735
          ],
          [
            31.3375876,
            30.0622364
          ],
          [
            31.3375832,
            30.0621978
          ],
          [
            31.3375878,
            30.0621593
          ],
          [
            31.3376009,
            30.0621222
          ],
          [
            31.3376223,
            30.0620882
          ],
          [
            31.3376509,
            30.0620584
          ],
          [
            31.3376857,
            30.062034
          ],
          [
            31.3377253,
            30.0620161
          ],
          [
            31.3377683,
            30.0620052
          ],
          [
            31.3378129,
            30.0620018
          ]
        ]
      }
    },
    {
      "type": "Feature",
      "properties": {
        "osm_way_id": "858935308",
        "name": "Unnamed mapped way",
        "highway": "tertiary",
        "layer": "0",
        "bridge": "no",
        "tunnel": "no"
      },
      "geometry": {
        "type": "LineString",
        "coordinates": [
          [
            31.3385658,
            30.0622037
          ],
          [
            31.3402841,
            30.0623957
          ],
          [
            31.3404744,
            30.062417
          ]
        ]
      }
    },
    {
      "type": "Feature",
      "properties": {
        "osm_way_id": "858935309",
        "name": "Unnamed mapped way",
        "highway": "tertiary",
        "layer": "0",
        "bridge": "no",
        "tunnel": "no"
      },
      "geometry": {
        "type": "LineString",
        "coordinates": [
          [
            31.3404641,
            30.0625137
          ],
          [
            31.3402691,
            30.0624912
          ],
          [
            31.3385534,
            30.0622929
          ]
        ]
      }
    },
    {
      "type": "Feature",
      "properties": {
        "osm_way_id": "858935310",
        "name": "Unnamed mapped way",
        "highway": "tertiary",
        "layer": "1",
        "bridge": "yes",
        "tunnel": "no"
      },
      "geometry": {
        "type": "LineString",
        "coordinates": [
          [
            31.3444177,
            30.0628712
          ],
          [
            31.345663,
            30.0630027
          ]
        ]
      }
    },
    {
      "type": "Feature",
      "properties": {
        "osm_way_id": "858935312",
        "name": "Unnamed mapped way",
        "highway": "tertiary",
        "layer": "1",
        "bridge": "yes",
        "tunnel": "no"
      },
      "geometry": {
        "type": "LineString",
        "coordinates": [
          [
            31.345641,
            30.0630935
          ],
          [
            31.344396,
            30.0629617
          ]
        ]
      }
    },
    {
      "type": "Feature",
      "properties": {
        "osm_way_id": "858935313",
        "name": "Unnamed mapped way",
        "highway": "tertiary",
        "layer": "1",
        "bridge": "yes",
        "tunnel": "no"
      },
      "geometry": {
        "type": "LineString",
        "coordinates": [
          [
            31.344396,
            30.0629617
          ],
          [
            31.342917,
            30.0627902
          ],
          [
            31.3427965,
            30.0627762
          ]
        ]
      }
    },
    {
      "type": "Feature",
      "properties": {
        "osm_way_id": "858935314",
        "name": "Unnamed mapped way",
        "highway": "tertiary_link",
        "layer": "0",
        "bridge": "no",
        "tunnel": "no"
      },
      "geometry": {
        "type": "LineString",
        "coordinates": [
          [
            31.3445769,
            30.062804
          ],
          [
            31.3446021,
            30.0628279
          ],
          [
            31.34462,
            30.0628564
          ],
          [
            31.3446294,
            30.0628877
          ],
          [
            31.3446299,
            30.0629201
          ],
          [
            31.3446213,
            30.0629517
          ],
          [
            31.3446041,
            30.0629805
          ],
          [
            31.3445795,
            30.0630049
          ],
          [
            31.344544,
            30.0630454
          ]
        ]
      }
    },
    {
      "type": "Feature",
      "properties": {
        "osm_way_id": "858935316",
        "name": "Unnamed mapped way",
        "highway": "tertiary_link",
        "layer": "0",
        "bridge": "no",
        "tunnel": "no"
      },
      "geometry": {
        "type": "LineString",
        "coordinates": [
          [
            31.3454405,
            30.0631357
          ],
          [
            31.3454188,
            30.0631106
          ],
          [
            31.3454038,
            30.0630821
          ],
          [
            31.3453961,
            30.0630515
          ],
          [
            31.3453962,
            30.0630202
          ],
          [
            31.345404,
            30.0629896
          ],
          [
            31.3454192,
            30.0629611
          ],
          [
            31.345441,
            30.0629362
          ],
          [
            31.3454685,
            30.0629158
          ],
          [
            31.3455007,
            30.0628991
          ]
        ]
      }
    },
    {
      "type": "Feature",
      "properties": {
        "osm_way_id": "859375447",
        "name": "Unnamed mapped way",
        "highway": "service",
        "layer": "0",
        "bridge": "no",
        "tunnel": "no"
      },
      "geometry": {
        "type": "LineString",
        "coordinates": [
          [
            31.3272089,
            30.0534734
          ],
          [
            31.3273054,
            30.0534847
          ],
          [
            31.3273163,
            30.0534951
          ],
          [
            31.3273229,
            30.0535079
          ],
          [
            31.3273246,
            30.0535195
          ],
          [
            31.3273229,
            30.0535311
          ],
          [
            31.3273081,
            30.0536321
          ],
          [
            31.3273011,
            30.0536405
          ],
          [
            31.327292,
            30.0536472
          ],
          [
            31.3272773,
            30.0536529
          ],
          [
            31.3272612,
            30.0536541
          ],
          [
            31.3271882,
            30.0536458
          ]
        ]
      }
    },
    {
      "type": "Feature",
      "properties": {
        "osm_way_id": "859375448",
        "name": "Al Tayaran Street",
        "highway": "tertiary",
        "layer": "0",
        "bridge": "no",
        "tunnel": "no"
      },
      "geometry": {
        "type": "LineString",
        "coordinates": [
          [
            31.3256778,
            30.0585778
          ],
          [
            31.3257673,
            30.058541
          ],
          [
            31.3258502,
            30.0584942
          ],
          [
            31.3259251,
            30.0584383
          ],
          [
            31.3259908,
            30.0583741
          ],
          [
            31.3260459,
            30.0583029
          ],
          [
            31.3260897,
            30.0582259
          ],
          [
            31.3262899,
            30.0571126
          ]
        ]
      }
    },
    {
      "type": "Feature",
      "properties": {
        "osm_way_id": "859375449",
        "name": "Al Ta'men Al Sihi Bridge",
        "highway": "secondary",
        "layer": "0",
        "bridge": "no",
        "tunnel": "no"
      },
      "geometry": {
        "type": "LineString",
        "coordinates": [
          [
            31.3264444,
            30.0565748
          ],
          [
            31.326684,
            30.05499
          ],
          [
            31.3267323,
            30.0546703
          ]
        ]
      }
    },
    {
      "type": "Feature",
      "properties": {
        "osm_way_id": "859375452",
        "name": "Al Ta'men Al Sihi Bridge",
        "highway": "secondary",
        "layer": "0",
        "bridge": "no",
        "tunnel": "no"
      },
      "geometry": {
        "type": "LineString",
        "coordinates": [
          [
            31.326833,
            30.0546938
          ],
          [
            31.3268115,
            30.0548389
          ],
          [
            31.3265525,
            30.0565843
          ]
        ]
      }
    },
    {
      "type": "Feature",
      "properties": {
        "osm_way_id": "859375453",
        "name": "Al Ta'men Al Sihi Bridge",
        "highway": "secondary",
        "layer": "0",
        "bridge": "no",
        "tunnel": "no"
      },
      "geometry": {
        "type": "LineString",
        "coordinates": [
          [
            31.3257165,
            30.0617217
          ],
          [
            31.3260314,
            30.0594139
          ]
        ]
      }
    },
    {
      "type": "Feature",
      "properties": {
        "osm_way_id": "859375454",
        "name": "Al Ta'men Al Sihi Bridge",
        "highway": "secondary",
        "layer": "0",
        "bridge": "no",
        "tunnel": "no"
      },
      "geometry": {
        "type": "LineString",
        "coordinates": [
          [
            31.3261481,
            30.0594302
          ],
          [
            31.3258622,
            30.0614746
          ],
          [
            31.3258254,
            30.0617381
          ]
        ]
      }
    },
    {
      "type": "Feature",
      "properties": {
        "osm_way_id": "859375455",
        "name": "Unnamed mapped way",
        "highway": "secondary_link",
        "layer": "0",
        "bridge": "no",
        "tunnel": "no"
      },
      "geometry": {
        "type": "LineString",
        "coordinates": [
          [
            31.3259535,
            30.0591475
          ],
          [
            31.3259798,
            30.0591157
          ],
          [
            31.3260145,
            30.0590904
          ],
          [
            31.3260552,
            30.0590734
          ],
          [
            31.3260996,
            30.0590655
          ],
          [
            31.3261448,
            30.0590674
          ],
          [
            31.326188,
            30.059079
          ],
          [
            31.3262267,
            30.0590994
          ],
          [
            31.3262583,
            30.0591274
          ],
          [
            31.3262943,
            30.0591973
          ]
        ]
      }
    },
    {
      "type": "Feature",
      "properties": {
        "osm_way_id": "859375456",
        "name": "Ismail Al Qabbany Street",
        "highway": "residential",
        "layer": "0",
        "bridge": "no",
        "tunnel": "no"
      },
      "geometry": {
        "type": "LineString",
        "coordinates": [
          [
            31.3330741,
            30.0594239
          ],
          [
            31.3331982,
            30.0594011
          ],
          [
            31.3333042,
            30.059393
          ],
          [
            31.3333927,
            30.0593907
          ],
          [
            31.3335496,
            30.059393
          ],
          [
            31.3344517,
            30.0594531
          ]
        ]
      }
    },
    {
      "type": "Feature",
      "properties": {
        "osm_way_id": "859375457",
        "name": "Al Tayaran Street",
        "highway": "secondary_link",
        "layer": "0",
        "bridge": "no",
        "tunnel": "no"
      },
      "geometry": {
        "type": "LineString",
        "coordinates": [
          [
            31.326833,
            30.0546938
          ],
          [
            31.3268801,
            30.054772
          ],
          [
            31.3268966,
            30.054818
          ],
          [
            31.3269022,
            30.0548583
          ],
          [
            31.3268968,
            30.0549179
          ],
          [
            31.3267394,
            30.0559831
          ],
          [
            31.3266243,
            30.0566998
          ],
          [
            31.3266114,
            30.0567968
          ],
          [
            31.3265964,
            30.0569076
          ],
          [
            31.3264303,
            30.0580999
          ],
          [
            31.3264055,
            30.0582631
          ],
          [
            31.3264137,
            30.058345
          ],
          [
            31.326428,
            30.0584027
          ],
          [
            31.3264555,
            30.0584603
          ],
          [
            31.3264904,
            30.0585149
          ],
          [
            31.3265323,
            30.0585657
          ],
          [
            31.3265807,
            30.0586119
          ],
          [
            31.3266348,
            30.0586531
          ],
          [
            31.3267302,
            30.0587118
          ]
        ]
      }
    },
    {
      "type": "Feature",
      "properties": {
        "osm_way_id": "859389533",
        "name": "Ahmed Al Zomor Street",
        "highway": "primary",
        "layer": "0",
        "bridge": "no",
        "tunnel": "no"
      },
      "geometry": {
        "type": "LineString",
        "coordinates": [
          [
            31.3529852,
            30.0462753
          ],
          [
            31.3517671,
            30.0461625
          ],
          [
            31.3512348,
            30.0460997
          ],
          [
            31.3506444,
            30.0460309
          ],
          [
            31.3496167,
            30.0459186
          ],
          [
            31.3492986,
            30.045885
          ],
          [
            31.3491805,
            30.0458741
          ],
          [
            31.348913,
            30.0458409
          ],
          [
            31.3473605,
            30.0456936
          ],
          [
            31.3466753,
            30.0456285
          ],
          [
            31.3460069,
            30.0455651
          ],
          [
            31.3436195,
            30.0452816
          ],
          [
            31.3429757,
            30.0452084
          ],
          [
            31.3407411,
            30.0449636
          ],
          [
            31.3399961,
            30.0448941
          ]
        ]
      }
    },
    {
      "type": "Feature",
      "properties": {
        "osm_way_id": "859389534",
        "name": "Ahmed Al Zomor Street",
        "highway": "primary",
        "layer": "0",
        "bridge": "no",
        "tunnel": "no"
      },
      "geometry": {
        "type": "LineString",
        "coordinates": [
          [
            31.3401034,
            30.0446904
          ],
          [
            31.3421623,
            30.0449162
          ],
          [
            31.3424646,
            30.0449503
          ],
          [
            31.3430044,
            30.0450113
          ],
          [
            31.3436217,
            30.0450771
          ],
          [
            31.3445513,
            30.0451771
          ],
          [
            31.3446809,
            30.0451895
          ],
          [
            31.3452136,
            30.045274
          ],
          [
            31.3453504,
            30.0452783
          ],
          [
            31.345446,
            30.0452929
          ],
          [
            31.3455158,
            30.0452958
          ],
          [
            31.345657,
            30.0453182
          ],
          [
            31.3458095,
            30.0453269
          ],
          [
            31.3459023,
            30.0453343
          ],
          [
            31.3461571,
            30.0453584
          ],
          [
            31.3462585,
            30.0453651
          ],
          [
            31.3464442,
            30.0453845
          ],
          [
            31.3464928,
            30.0453889
          ],
          [
            31.3470374,
            30.0454402
          ],
          [
            31.3471338,
            30.0454523
          ],
          [
            31.3472032,
            30.0454581
          ],
          [
            31.3473852,
            30.045482
          ],
          [
            31.3475143,
            30.0454961
          ],
          [
            31.3476622,
            30.0455209
          ],
          [
            31.3477938,
            30.0455329
          ],
          [
            31.3478741,
            30.0455436
          ],
          [
            31.347946,
            30.045548
          ],
          [
            31.3480571,
            30.0455554
          ],
          [
            31.3481917,
            30.04557
          ],
          [
            31.3482554,
            30.0455732
          ],
          [
            31.348349,
            30.0455775
          ],
          [
            31.3483734,
            30.0455804
          ],
          [
            31.3487735,
            30.0456198
          ],
          [
            31.3491984,
            30.0456785
          ],
          [
            31.3496418,
            30.0457292
          ],
          [
            31.3501124,
            30.0457844
          ],
          [
            31.3502138,
            30.0457963
          ],
          [
            31.3514197,
            30.0459377
          ],
          [
            31.3516143,
            30.0459609
          ],
          [
            31.3522766,
            30.0460462
          ],
          [
            31.3530043,
            30.0461329
          ]
        ]
      }
    },
    {
      "type": "Feature",
      "properties": {
        "osm_way_id": "859389535",
        "name": "Unnamed mapped way",
        "highway": "primary_link",
        "layer": "0",
        "bridge": "no",
        "tunnel": "no"
      },
      "geometry": {
        "type": "LineString",
        "coordinates": [
          [
            31.3396378,
            30.0451178
          ],
          [
            31.3396477,
            30.0450948
          ],
          [
            31.3396653,
            30.0450756
          ],
          [
            31.3396889,
            30.0450622
          ],
          [
            31.3397162,
            30.0450557
          ],
          [
            31.3397445,
            30.0450569
          ],
          [
            31.3397709,
            30.0450657
          ],
          [
            31.3397929,
            30.0450811
          ],
          [
            31.3398082,
            30.0451017
          ],
          [
            31.3398154,
            30.0451254
          ]
        ]
      }
    },
    {
      "type": "Feature",
      "properties": {
        "osm_way_id": "862053570",
        "name": "Unnamed mapped way",
        "highway": "footway",
        "layer": "0",
        "bridge": "no",
        "tunnel": "no"
      },
      "geometry": {
        "type": "LineString",
        "coordinates": [
          [
            31.3278471,
            30.0450585
          ],
          [
            31.3279213,
            30.0450713
          ]
        ]
      }
    },
    {
      "type": "Feature",
      "properties": {
        "osm_way_id": "866221630",
        "name": "Unnamed mapped way",
        "highway": "residential",
        "layer": "0",
        "bridge": "no",
        "tunnel": "no"
      },
      "geometry": {
        "type": "LineString",
        "coordinates": [
          [
            31.338021,
            30.0552315
          ],
          [
            31.3380376,
            30.0552502
          ],
          [
            31.3380481,
            30.0552719
          ],
          [
            31.3380521,
            30.0552952
          ],
          [
            31.3380493,
            30.0553187
          ],
          [
            31.3380397,
            30.0553407
          ],
          [
            31.3380241,
            30.05536
          ]
        ]
      }
    },
    {
      "type": "Feature",
      "properties": {
        "osm_way_id": "866221631",
        "name": "Unnamed mapped way",
        "highway": "primary_link",
        "layer": "0",
        "bridge": "no",
        "tunnel": "no"
      },
      "geometry": {
        "type": "LineString",
        "coordinates": [
          [
            31.3386045,
            30.0536034
          ],
          [
            31.3385812,
            30.05362
          ],
          [
            31.3385543,
            30.053632
          ],
          [
            31.3385251,
            30.0536388
          ],
          [
            31.3384949,
            30.0536401
          ],
          [
            31.3384651,
            30.0536359
          ],
          [
            31.338437,
            30.0536263
          ],
          [
            31.3384119,
            30.0536117
          ],
          [
            31.3383909,
            30.0535929
          ]
        ]
      }
    },
    {
      "type": "Feature",
      "properties": {
        "osm_way_id": "866221633",
        "name": "Unnamed mapped way",
        "highway": "residential",
        "layer": "0",
        "bridge": "no",
        "tunnel": "no"
      },
      "geometry": {
        "type": "LineString",
        "coordinates": [
          [
            31.3339888,
            30.0514418
          ],
          [
            31.3339698,
            30.0514213
          ],
          [
            31.3339591,
            30.0513966
          ],
          [
            31.3339579,
            30.0513703
          ],
          [
            31.3339661,
            30.051345
          ],
          [
            31.333983,
            30.0513232
          ],
          [
            31.3340067,
            30.0513077
          ]
        ]
      }
    },
    {
      "type": "Feature",
      "properties": {
        "osm_way_id": "866221634",
        "name": "Unnamed mapped way",
        "highway": "footway",
        "layer": "0",
        "bridge": "no",
        "tunnel": "no"
      },
      "geometry": {
        "type": "LineString",
        "coordinates": [
          [
            31.3354793,
            30.0520163
          ],
          [
            31.3355324,
            30.051617
          ]
        ]
      }
    },
    {
      "type": "Feature",
      "properties": {
        "osm_way_id": "866221635",
        "name": "Unnamed mapped way",
        "highway": "residential",
        "layer": "0",
        "bridge": "no",
        "tunnel": "no"
      },
      "geometry": {
        "type": "LineString",
        "coordinates": [
          [
            31.3383181,
            30.0526007
          ],
          [
            31.3383293,
            30.0526168
          ],
          [
            31.3383349,
            30.0526341
          ],
          [
            31.3383342,
            30.052652
          ],
          [
            31.3383274,
            30.0526689
          ],
          [
            31.338315,
            30.0526833
          ],
          [
            31.3382982,
            30.0526937
          ]
        ]
      }
    },
    {
      "type": "Feature",
      "properties": {
        "osm_way_id": "866221636",
        "name": "Unnamed mapped way",
        "highway": "residential",
        "layer": "0",
        "bridge": "no",
        "tunnel": "no"
      },
      "geometry": {
        "type": "LineString",
        "coordinates": [
          [
            31.3306951,
            30.0518439
          ],
          [
            31.33068,
            30.0518366
          ],
          [
            31.3306694,
            30.0518248
          ],
          [
            31.3306649,
            30.0518103
          ],
          [
            31.3306673,
            30.0517955
          ],
          [
            31.3306762,
            30.0517826
          ],
          [
            31.3306902,
            30.0517738
          ],
          [
            31.3307071,
            30.0517704
          ]
        ]
      }
    },
    {
      "type": "Feature",
      "properties": {
        "osm_way_id": "866221637",
        "name": "Hanein Ibn Ishaq Street",
        "highway": "residential",
        "layer": "0",
        "bridge": "no",
        "tunnel": "no"
      },
      "geometry": {
        "type": "LineString",
        "coordinates": [
          [
            31.3385024,
            30.0528237
          ],
          [
            31.3384638,
            30.0527803
          ],
          [
            31.3384171,
            30.0527432
          ],
          [
            31.3383637,
            30.0527138
          ],
          [
            31.3382982,
            30.0526937
          ],
          [
            31.3381489,
            30.0526699
          ],
          [
            31.3366448,
            30.0524991
          ],
          [
            31.3362446,
            30.0524542
          ],
          [
            31.3356574,
            30.0523936
          ],
          [
            31.3350932,
            30.0523321
          ],
          [
            31.3345699,
            30.0522643
          ],
          [
            31.334408,
            30.0522462
          ],
          [
            31.3338974,
            30.0521978
          ],
          [
            31.3338372,
            30.0521931
          ],
          [
            31.3337768,
            30.0521907
          ],
          [
            31.3337168,
            30.0521911
          ]
        ]
      }
    },
    {
      "type": "Feature",
      "properties": {
        "osm_way_id": "868307292",
        "name": "Unnamed mapped way",
        "highway": "primary_link",
        "layer": "0",
        "bridge": "no",
        "tunnel": "no"
      },
      "geometry": {
        "type": "LineString",
        "coordinates": [
          [
            31.3383477,
            30.0538789
          ],
          [
            31.3383828,
            30.0538635
          ],
          [
            31.3384209,
            30.0538552
          ],
          [
            31.3384601,
            30.0538542
          ],
          [
            31.3384987,
            30.0538607
          ],
          [
            31.3385348,
            30.0538743
          ],
          [
            31.3385665,
            30.0538943
          ]
        ]
      }
    },
    {
      "type": "Feature",
      "properties": {
        "osm_way_id": "871819539",
        "name": "Mohamed Fath Allah Al Saleity Street",
        "highway": "residential",
        "layer": "0",
        "bridge": "no",
        "tunnel": "no"
      },
      "geometry": {
        "type": "LineString",
        "coordinates": [
          [
            31.3335802,
            30.0520408
          ],
          [
            31.3335931,
            30.0520141
          ],
          [
            31.3336036,
            30.0519868
          ],
          [
            31.3336114,
            30.0519588
          ],
          [
            31.3336165,
            30.0519304
          ],
          [
            31.333674,
            30.0514567
          ],
          [
            31.3337707,
            30.0508761
          ],
          [
            31.3339602,
            30.0496867
          ],
          [
            31.3340299,
            30.0491448
          ],
          [
            31.3341325,
            30.0484818
          ],
          [
            31.3343002,
            30.0473088
          ],
          [
            31.3343842,
            30.0467211
          ],
          [
            31.3344608,
            30.0461852
          ],
          [
            31.334471,
            30.0461609
          ],
          [
            31.3344838,
            30.0461488
          ]
        ]
      }
    },
    {
      "type": "Feature",
      "properties": {
        "osm_way_id": "871819540",
        "name": "Unnamed mapped way",
        "highway": "residential",
        "layer": "0",
        "bridge": "no",
        "tunnel": "no"
      },
      "geometry": {
        "type": "LineString",
        "coordinates": [
          [
            31.3336686,
            30.0520348
          ],
          [
            31.3337076,
            30.0520546
          ],
          [
            31.3337257,
            30.0520726
          ],
          [
            31.3337381,
            30.0520938
          ],
          [
            31.3337448,
            30.0521278
          ],
          [
            31.3337374,
            30.0521616
          ],
          [
            31.3337168,
            30.0521911
          ],
          [
            31.3336951,
            30.0522076
          ],
          [
            31.3336601,
            30.0522211
          ],
          [
            31.333622,
            30.0522237
          ],
          [
            31.3335851,
            30.052215
          ],
          [
            31.3335537,
            30.0521962
          ],
          [
            31.3335438,
            30.0521866
          ],
          [
            31.3335261,
            30.0521582
          ],
          [
            31.3335201,
            30.0521265
          ],
          [
            31.3335264,
            30.0520948
          ],
          [
            31.3335443,
            30.0520666
          ],
          [
            31.3335607,
            30.052052
          ],
          [
            31.3335802,
            30.0520408
          ],
          [
            31.3336237,
            30.0520299
          ],
          [
            31.3336686,
            30.0520348
          ]
        ]
      }
    },
    {
      "type": "Feature",
      "properties": {
        "osm_way_id": "871819541",
        "name": "Hanein Ibn Ishaq Street",
        "highway": "residential",
        "layer": "0",
        "bridge": "no",
        "tunnel": "no"
      },
      "geometry": {
        "type": "LineString",
        "coordinates": [
          [
            31.3304912,
            30.0517467
          ],
          [
            31.3307071,
            30.0517704
          ],
          [
            31.3312053,
            30.0518235
          ],
          [
            31.3334282,
            30.0520753
          ],
          [
            31.3334564,
            30.0520788
          ],
          [
            31.333485,
            30.0520779
          ],
          [
            31.3335129,
            30.0520729
          ],
          [
            31.3335443,
            30.0520666
          ]
        ]
      }
    },
    {
      "type": "Feature",
      "properties": {
        "osm_way_id": "871819542",
        "name": "Hanein Ibn Ishaq Street",
        "highway": "residential",
        "layer": "0",
        "bridge": "no",
        "tunnel": "no"
      },
      "geometry": {
        "type": "LineString",
        "coordinates": [
          [
            31.3335438,
            30.0521866
          ],
          [
            31.3335169,
            30.0521739
          ],
          [
            31.3334901,
            30.0521623
          ],
          [
            31.3334622,
            30.0521532
          ],
          [
            31.3334333,
            30.0521465
          ],
          [
            31.3334038,
            30.0521424
          ],
          [
            31.33204,
            30.0519953
          ],
          [
            31.3316446,
            30.051951
          ],
          [
            31.3313669,
            30.0519191
          ],
          [
            31.3309729,
            30.051875
          ],
          [
            31.3308172,
            30.0518576
          ],
          [
            31.3306951,
            30.0518439
          ],
          [
            31.33048,
            30.0518198
          ]
        ]
      }
    },
    {
      "type": "Feature",
      "properties": {
        "osm_way_id": "871819543",
        "name": "Mohamed Fath Allah Al Saleity Street",
        "highway": "residential",
        "layer": "0",
        "bridge": "no",
        "tunnel": "no"
      },
      "geometry": {
        "type": "LineString",
        "coordinates": [
          [
            31.3345821,
            30.0462303
          ],
          [
            31.3345757,
            30.0462361
          ],
          [
            31.3345608,
            30.0462546
          ],
          [
            31.3345503,
            30.0462753
          ],
          [
            31.3345447,
            30.0462973
          ],
          [
            31.3343989,
            30.0473193
          ],
          [
            31.3342297,
            30.0483112
          ],
          [
            31.3342205,
            30.0483679
          ],
          [
            31.3338173,
            30.051147
          ],
          [
            31.3337628,
            30.0515104
          ],
          [
            31.3337018,
            30.0519327
          ],
          [
            31.3336992,
            30.0519634
          ],
          [
            31.3336992,
            30.0519942
          ],
          [
            31.3337017,
            30.0520249
          ],
          [
            31.3337076,
            30.0520546
          ]
        ]
      }
    },
    {
      "type": "Feature",
      "properties": {
        "osm_way_id": "871819544",
        "name": "Unnamed mapped way",
        "highway": "residential",
        "layer": "0",
        "bridge": "no",
        "tunnel": "no"
      },
      "geometry": {
        "type": "LineString",
        "coordinates": [
          [
            31.3391514,
            30.0466396
          ],
          [
            31.3391677,
            30.0466482
          ],
          [
            31.3391783,
            30.0466619
          ],
          [
            31.3391814,
            30.0466782
          ],
          [
            31.3391763,
            30.0466941
          ],
          [
            31.3391639,
            30.0467067
          ],
          [
            31.3391466,
            30.0467137
          ]
        ]
      }
    },
    {
      "type": "Feature",
      "properties": {
        "osm_way_id": "871819546",
        "name": "Nasr Khesru Street",
        "highway": "residential",
        "layer": "0",
        "bridge": "no",
        "tunnel": "no"
      },
      "geometry": {
        "type": "LineString",
        "coordinates": [
          [
            31.3344838,
            30.0461488
          ],
          [
            31.334528,
            30.0461319
          ],
          [
            31.3345626,
            30.0461281
          ],
          [
            31.3345975,
            30.0461288
          ],
          [
            31.3346555,
            30.0461371
          ],
          [
            31.3379923,
            30.0465065
          ],
          [
            31.3386193,
            30.0465735
          ],
          [
            31.3391514,
            30.0466396
          ],
          [
            31.3392425,
            30.0466467
          ],
          [
            31.3392895,
            30.0466448
          ],
          [
            31.3393402,
            30.0466345
          ],
          [
            31.3393876,
            30.0466159
          ],
          [
            31.3394301,
            30.0465899
          ]
        ]
      }
    },
    {
      "type": "Feature",
      "properties": {
        "osm_way_id": "878209292",
        "name": "Unnamed mapped way",
        "highway": "service",
        "layer": "0",
        "bridge": "no",
        "tunnel": "no"
      },
      "geometry": {
        "type": "LineString",
        "coordinates": [
          [
            31.3338368,
            30.0543781
          ],
          [
            31.333827,
            30.0544475
          ],
          [
            31.3338017,
            30.0546281
          ]
        ]
      }
    },
    {
      "type": "Feature",
      "properties": {
        "osm_way_id": "878209293",
        "name": "Unnamed mapped way",
        "highway": "service",
        "layer": "0",
        "bridge": "no",
        "tunnel": "no"
      },
      "geometry": {
        "type": "LineString",
        "coordinates": [
          [
            31.3342332,
            30.0455006
          ],
          [
            31.3342752,
            30.0451196
          ]
        ]
      }
    },
    {
      "type": "Feature",
      "properties": {
        "osm_way_id": "883292350",
        "name": "Unnamed mapped way",
        "highway": "primary",
        "layer": "0",
        "bridge": "no",
        "tunnel": "no"
      },
      "geometry": {
        "type": "LineString",
        "coordinates": [
          [
            31.3235637,
            30.05174
          ],
          [
            31.3248298,
            30.0520766
          ],
          [
            31.3249439,
            30.0521047
          ],
          [
            31.3251355,
            30.052144
          ],
          [
            31.3253591,
            30.052181
          ],
          [
            31.325584,
            30.0522116
          ],
          [
            31.32581,
            30.0522356
          ],
          [
            31.3260056,
            30.0522507
          ],
          [
            31.3264598,
            30.0522871
          ],
          [
            31.3268015,
            30.0523112
          ],
          [
            31.3268631,
            30.0523086
          ],
          [
            31.3269241,
            30.0523008
          ],
          [
            31.3269839,
            30.0522879
          ],
          [
            31.3270871,
            30.0522447
          ]
        ]
      }
    },
    {
      "type": "Feature",
      "properties": {
        "osm_way_id": "883292351",
        "name": "Youssef Abbas Street",
        "highway": "secondary",
        "layer": "0",
        "bridge": "no",
        "tunnel": "no"
      },
      "geometry": {
        "type": "LineString",
        "coordinates": [
          [
            31.3254629,
            30.0525036
          ],
          [
            31.3253349,
            30.0525668
          ],
          [
            31.3252194,
            30.0526559
          ],
          [
            31.3251262,
            30.0527628
          ],
          [
            31.3250589,
            30.0528833
          ],
          [
            31.3250068,
            30.0530907
          ],
          [
            31.3249363,
            30.0534909
          ],
          [
            31.324775,
            30.0543113
          ],
          [
            31.3247212,
            30.0546232
          ],
          [
            31.3246399,
            30.0550674
          ],
          [
            31.3245925,
            30.0553664
          ],
          [
            31.3244441,
            30.05633
          ],
          [
            31.3244089,
            30.0565583
          ]
        ]
      }
    },
    {
      "type": "Feature",
      "properties": {
        "osm_way_id": "883292352",
        "name": "Ali Amin Street",
        "highway": "primary",
        "layer": "0",
        "bridge": "no",
        "tunnel": "no"
      },
      "geometry": {
        "type": "LineString",
        "coordinates": [
          [
            31.3303166,
            30.0529444
          ],
          [
            31.3302235,
            30.0529769
          ],
          [
            31.3301459,
            30.0529867
          ],
          [
            31.3300788,
            30.0529879
          ],
          [
            31.3299891,
            30.0529851
          ],
          [
            31.3295102,
            30.0529461
          ],
          [
            31.3279423,
            30.0527614
          ],
          [
            31.3277027,
            30.0527354
          ],
          [
            31.3274698,
            30.0527202
          ],
          [
            31.3274266,
            30.052719
          ],
          [
            31.3273837,
            30.0527223
          ],
          [
            31.3273339,
            30.0527318
          ],
          [
            31.3272861,
            30.0527473
          ],
          [
            31.3272414,
            30.0527684
          ],
          [
            31.3271404,
            30.0528322
          ]
        ]
      }
    },
    {
      "type": "Feature",
      "properties": {
        "osm_way_id": "885058178",
        "name": "Unnamed mapped way",
        "highway": "service",
        "layer": "0",
        "bridge": "no",
        "tunnel": "no"
      },
      "geometry": {
        "type": "LineString",
        "coordinates": [
          [
            31.333827,
            30.0544475
          ],
          [
            31.3332678,
            30.0544016
          ],
          [
            31.3332563,
            30.0544001
          ],
          [
            31.333247,
            30.054394
          ],
          [
            31.3332422,
            30.0543848
          ],
          [
            31.3332429,
            30.0543748
          ],
          [
            31.3332509,
            30.0543194
          ]
        ]
      }
    },
    {
      "type": "Feature",
      "properties": {
        "osm_way_id": "885610137",
        "name": "Unnamed mapped way",
        "highway": "primary",
        "layer": "0",
        "bridge": "no",
        "tunnel": "no"
      },
      "geometry": {
        "type": "LineString",
        "coordinates": [
          [
            31.3235637,
            30.05174
          ],
          [
            31.3236887,
            30.0518141
          ],
          [
            31.3237521,
            30.0518513
          ],
          [
            31.3238176,
            30.0518821
          ],
          [
            31.3238924,
            30.0519093
          ],
          [
            31.3244291,
            30.0520739
          ],
          [
            31.3246127,
            30.0521311
          ],
          [
            31.3247985,
            30.0521827
          ],
          [
            31.3249863,
            30.0522286
          ],
          [
            31.3252397,
            30.0522745
          ],
          [
            31.3255385,
            30.0523125
          ],
          [
            31.3263929,
            30.0523875
          ]
        ]
      }
    },
    {
      "type": "Feature",
      "properties": {
        "osm_way_id": "885839350",
        "name": "Ali Amin Street",
        "highway": "primary",
        "layer": "0",
        "bridge": "no",
        "tunnel": "no"
      },
      "geometry": {
        "type": "LineString",
        "coordinates": [
          [
            31.3344239,
            30.0532472
          ],
          [
            31.3346899,
            30.0532553
          ],
          [
            31.3349505,
            30.0532761
          ],
          [
            31.3355236,
            30.0533308
          ],
          [
            31.3358321,
            30.0533602
          ],
          [
            31.3361865,
            30.0533941
          ],
          [
            31.3364854,
            30.0534259
          ],
          [
            31.3370722,
            30.0534778
          ],
          [
            31.3373735,
            30.0535058
          ],
          [
            31.3377279,
            30.0535397
          ],
          [
            31.3379005,
            30.0535593
          ],
          [
            31.3380664,
            30.0535781
          ],
          [
            31.3381339,
            30.0535776
          ],
          [
            31.3382006,
            30.0535683
          ],
          [
            31.3382649,
            30.0535502
          ],
          [
            31.3383253,
            30.0535239
          ],
          [
            31.3384126,
            30.0534491
          ]
        ]
      }
    },
    {
      "type": "Feature",
      "properties": {
        "osm_way_id": "885948874",
        "name": "Unnamed mapped way",
        "highway": "footway",
        "layer": "0",
        "bridge": "no",
        "tunnel": "no"
      },
      "geometry": {
        "type": "LineString",
        "coordinates": [
          [
            31.346907,
            30.0618227
          ],
          [
            31.3468554,
            30.0618491
          ],
          [
            31.3468349,
            30.0618604
          ],
          [
            31.3468162,
            30.0618709
          ],
          [
            31.3467883,
            30.0618891
          ],
          [
            31.3467192,
            30.0619378
          ],
          [
            31.3461769,
            30.0623437
          ],
          [
            31.345805,
            30.0626268
          ]
        ]
      }
    },
    {
      "type": "Feature",
      "properties": {
        "osm_way_id": "886644660",
        "name": "Unnamed mapped way",
        "highway": "construction",
        "layer": "0",
        "bridge": "no",
        "tunnel": "no"
      },
      "geometry": {
        "type": "LineString",
        "coordinates": [
          [
            31.324329,
            30.0601702
          ],
          [
            31.3251651,
            30.0602682
          ]
        ]
      }
    },
    {
      "type": "Feature",
      "properties": {
        "osm_way_id": "886672194",
        "name": "Unnamed mapped way",
        "highway": "secondary_link",
        "layer": "0",
        "bridge": "no",
        "tunnel": "no"
      },
      "geometry": {
        "type": "LineString",
        "coordinates": [
          [
            31.3272459,
            30.0522474
          ],
          [
            31.3272185,
            30.0522685
          ],
          [
            31.3271841,
            30.0522795
          ],
          [
            31.3271474,
            30.0522789
          ],
          [
            31.3271135,
            30.0522667
          ],
          [
            31.3270871,
            30.0522447
          ]
        ]
      }
    },
    {
      "type": "Feature",
      "properties": {
        "osm_way_id": "886672195",
        "name": "Unnamed mapped way",
        "highway": "secondary_link",
        "layer": "0",
        "bridge": "no",
        "tunnel": "no"
      },
      "geometry": {
        "type": "LineString",
        "coordinates": [
          [
            31.3270023,
            30.0527405
          ],
          [
            31.3270184,
            30.0527179
          ],
          [
            31.3270375,
            30.0527045
          ],
          [
            31.3270596,
            30.0526984
          ],
          [
            31.3270828,
            30.0526981
          ],
          [
            31.3271051,
            30.0527035
          ],
          [
            31.3271247,
            30.0527142
          ],
          [
            31.32714,
            30.0527293
          ],
          [
            31.3271496,
            30.0527475
          ],
          [
            31.3271529,
            30.0527674
          ]
        ]
      }
    },
    {
      "type": "Feature",
      "properties": {
        "osm_way_id": "887544441",
        "name": "Unnamed mapped way",
        "highway": "service",
        "layer": "0",
        "bridge": "no",
        "tunnel": "no"
      },
      "geometry": {
        "type": "LineString",
        "coordinates": [
          [
            31.3447382,
            30.0449042
          ],
          [
            31.344698,
            30.0450662
          ]
        ]
      }
    },
    {
      "type": "Feature",
      "properties": {
        "osm_way_id": "887544443",
        "name": "Unnamed mapped way",
        "highway": "service",
        "layer": "0",
        "bridge": "no",
        "tunnel": "no"
      },
      "geometry": {
        "type": "LineString",
        "coordinates": [
          [
            31.3445674,
            30.0450524
          ],
          [
            31.3445825,
            30.0449368
          ],
          [
            31.3445882,
            30.0449013
          ],
          [
            31.3445956,
            30.0448787
          ],
          [
            31.344611,
            30.0448607
          ],
          [
            31.3446377,
            30.0448368
          ]
        ]
      }
    },
    {
      "type": "Feature",
      "properties": {
        "osm_way_id": "887544444",
        "name": "Unnamed mapped way",
        "highway": "service",
        "layer": "0",
        "bridge": "no",
        "tunnel": "no"
      },
      "geometry": {
        "type": "LineString",
        "coordinates": [
          [
            31.327845,
            30.052303
          ],
          [
            31.3288562,
            30.0524233
          ]
        ]
      }
    },
    {
      "type": "Feature",
      "properties": {
        "osm_way_id": "887544446",
        "name": "Unnamed mapped way",
        "highway": "service",
        "layer": "0",
        "bridge": "no",
        "tunnel": "no"
      },
      "geometry": {
        "type": "LineString",
        "coordinates": [
          [
            31.3305832,
            30.0529744
          ],
          [
            31.3305717,
            30.0531041
          ],
          [
            31.3305584,
            30.0532311
          ],
          [
            31.3305478,
            30.0533315
          ],
          [
            31.3305462,
            30.0533486
          ],
          [
            31.330538,
            30.0533642
          ],
          [
            31.3305242,
            30.0533764
          ],
          [
            31.3305063,
            30.0533837
          ],
          [
            31.3304866,
            30.0533854
          ],
          [
            31.330386,
            30.0533762
          ],
          [
            31.3303726,
            30.0533709
          ],
          [
            31.3303618,
            30.0533622
          ],
          [
            31.3303545,
            30.0533508
          ],
          [
            31.3303517,
            30.053338
          ],
          [
            31.3303538,
            30.0533251
          ],
          [
            31.3303703,
            30.0532102
          ],
          [
            31.3303881,
            30.0530864
          ],
          [
            31.3304028,
            30.0529541
          ]
        ]
      }
    },
    {
      "type": "Feature",
      "properties": {
        "osm_way_id": "887544448",
        "name": "Unnamed mapped way",
        "highway": "service",
        "layer": "0",
        "bridge": "no",
        "tunnel": "no"
      },
      "geometry": {
        "type": "LineString",
        "coordinates": [
          [
            31.3331279,
            30.0553865
          ],
          [
            31.3331795,
            30.0549496
          ]
        ]
      }
    },
    {
      "type": "Feature",
      "properties": {
        "osm_way_id": "887544449",
        "name": "Unnamed mapped way",
        "highway": "service",
        "layer": "0",
        "bridge": "no",
        "tunnel": "no"
      },
      "geometry": {
        "type": "LineString",
        "coordinates": [
          [
            31.3253082,
            30.057713
          ],
          [
            31.3253657,
            30.0577196
          ],
          [
            31.3253879,
            30.0577222
          ],
          [
            31.3254061,
            30.0577334
          ],
          [
            31.3254163,
            30.0577507
          ],
          [
            31.3254162,
            30.05777
          ],
          [
            31.3253985,
            30.0579453
          ],
          [
            31.3253678,
            30.0582025
          ],
          [
            31.3253563,
            30.0582987
          ]
        ]
      }
    },
    {
      "type": "Feature",
      "properties": {
        "osm_way_id": "887544450",
        "name": "Unnamed mapped way",
        "highway": "service",
        "layer": "0",
        "bridge": "no",
        "tunnel": "no"
      },
      "geometry": {
        "type": "LineString",
        "coordinates": [
          [
            31.325385,
            30.0546826
          ],
          [
            31.3253714,
            30.0547722
          ],
          [
            31.325287,
            30.0553291
          ],
          [
            31.3252747,
            30.0554102
          ],
          [
            31.3252022,
            30.0558878
          ]
        ]
      }
    },
    {
      "type": "Feature",
      "properties": {
        "osm_way_id": "888224697",
        "name": "Moustafa Al Nahas Street",
        "highway": "primary",
        "layer": "0",
        "bridge": "no",
        "tunnel": "no"
      },
      "geometry": {
        "type": "LineString",
        "coordinates": [
          [
            31.3411205,
            30.0542043
          ],
          [
            31.3409418,
            30.0541905
          ],
          [
            31.3407902,
            30.0541777
          ],
          [
            31.3390399,
            30.0539593
          ],
          [
            31.3388686,
            30.0539378
          ],
          [
            31.3388132,
            30.0539374
          ],
          [
            31.3387583,
            30.0539435
          ],
          [
            31.3387048,
            30.053956
          ],
          [
            31.3386472,
            30.0539777
          ],
          [
            31.3385942,
            30.0540069
          ],
          [
            31.3385471,
            30.0540429
          ]
        ]
      }
    },
    {
      "type": "Feature",
      "properties": {
        "osm_way_id": "888807595",
        "name": "Ali Amin Street",
        "highway": "primary",
        "layer": "0",
        "bridge": "no",
        "tunnel": "no"
      },
      "geometry": {
        "type": "LineString",
        "coordinates": [
          [
            31.3272459,
            30.0522474
          ],
          [
            31.3272827,
            30.0523242
          ],
          [
            31.3273154,
            30.0523643
          ],
          [
            31.3273564,
            30.0523982
          ],
          [
            31.3273916,
            30.0524188
          ],
          [
            31.3274299,
            30.0524347
          ],
          [
            31.3274704,
            30.0524458
          ],
          [
            31.3277055,
            30.0524709
          ],
          [
            31.3278156,
            30.0524827
          ]
        ]
      }
    },
    {
      "type": "Feature",
      "properties": {
        "osm_way_id": "894479706",
        "name": "Unnamed mapped way",
        "highway": "secondary_link",
        "layer": "0",
        "bridge": "no",
        "tunnel": "no"
      },
      "geometry": {
        "type": "LineString",
        "coordinates": [
          [
            31.3281985,
            30.0480513
          ],
          [
            31.3281743,
            30.0480602
          ],
          [
            31.3281484,
            30.048064
          ],
          [
            31.3281222,
            30.0480624
          ],
          [
            31.3280948,
            30.0480547
          ],
          [
            31.3280707,
            30.0480411
          ],
          [
            31.3280514,
            30.0480226
          ]
        ]
      }
    },
    {
      "type": "Feature",
      "properties": {
        "osm_way_id": "894539276",
        "name": "Al Khalifa Al Qaher Street",
        "highway": "primary",
        "layer": "0",
        "bridge": "no",
        "tunnel": "no"
      },
      "geometry": {
        "type": "LineString",
        "coordinates": [
          [
            31.3269914,
            30.0528185
          ],
          [
            31.3269346,
            30.0527452
          ],
          [
            31.3269107,
            30.0527149
          ],
          [
            31.3268817,
            30.0526883
          ],
          [
            31.3268477,
            30.0526659
          ],
          [
            31.32681,
            30.0526484
          ],
          [
            31.3267695,
            30.0526364
          ],
          [
            31.3264879,
            30.0526092
          ],
          [
            31.3263327,
            30.0525953
          ],
          [
            31.3262849,
            30.05259
          ],
          [
            31.3256065,
            30.0525213
          ],
          [
            31.3254629,
            30.0525036
          ],
          [
            31.3250348,
            30.0524402
          ],
          [
            31.3248003,
            30.0524041
          ],
          [
            31.3245672,
            30.0523614
          ],
          [
            31.324305,
            30.0522985
          ],
          [
            31.3240724,
            30.0522383
          ],
          [
            31.3238092,
            30.0521649
          ],
          [
            31.3235493,
            30.0520832
          ],
          [
            31.3232931,
            30.0519933
          ],
          [
            31.3230423,
            30.051908
          ],
          [
            31.3205199,
            30.0510342
          ],
          [
            31.3204747,
            30.0510185
          ],
          [
            31.3194591,
            30.050663
          ],
          [
            31.3191797,
            30.0505803
          ],
          [
            31.3189732,
            30.0505176
          ],
          [
            31.3187719,
            30.0504728
          ],
          [
            31.3185046,
            30.0504156
          ],
          [
            31.3179334,
            30.050318
          ],
          [
            31.3175283,
            30.0502728
          ],
          [
            31.3166168,
            30.0502135
          ],
          [
            31.3165236,
            30.0502114
          ],
          [
            31.3164116,
            30.0502089
          ],
          [
            31.3160737,
            30.0502216
          ],
          [
            31.3158988,
            30.0502373
          ],
          [
            31.3157209,
            30.0502519
          ],
          [
            31.3150894,
            30.0503303
          ],
          [
            31.3148069,
            30.0503717
          ],
          [
            31.3141245,
            30.0504524
          ],
          [
            31.3137708,
            30.0505117
          ],
          [
            31.3125982,
            30.0506426
          ],
          [
            31.3124104,
            30.0506635
          ],
          [
            31.312045,
            30.0506877
          ]
        ]
      }
    },
    {
      "type": "Feature",
      "properties": {
        "osm_way_id": "894543017",
        "name": "Moustafa Al Nahas Street",
        "highway": "primary",
        "layer": "0",
        "bridge": "no",
        "tunnel": "no"
      },
      "geometry": {
        "type": "LineString",
        "coordinates": [
          [
            31.3456435,
            30.0543964
          ],
          [
            31.3459007,
            30.0544159
          ],
          [
            31.3459575,
            30.0544064
          ],
          [
            31.3460115,
            30.0543882
          ],
          [
            31.3460608,
            30.0543618
          ],
          [
            31.346143,
            30.0543029
          ]
        ]
      }
    },
    {
      "type": "Feature",
      "properties": {
        "osm_way_id": "894550194",
        "name": "Al Tayaran Street",
        "highway": "secondary_link",
        "layer": "0",
        "bridge": "no",
        "tunnel": "no"
      },
      "geometry": {
        "type": "LineString",
        "coordinates": [
          [
            31.3257165,
            30.0617217
          ],
          [
            31.32568,
            30.0616618
          ],
          [
            31.3256561,
            30.0615973
          ],
          [
            31.3256515,
            30.0615258
          ],
          [
            31.3256681,
            30.0613381
          ],
          [
            31.3256835,
            30.0612083
          ],
          [
            31.3257579,
            30.0606361
          ],
          [
            31.3259535,
            30.0591475
          ],
          [
            31.3259371,
            30.0590766
          ],
          [
            31.3259073,
            30.0590084
          ],
          [
            31.3258658,
            30.058945
          ],
          [
            31.3257987,
            30.0588808
          ],
          [
            31.3257423,
            30.0588395
          ],
          [
            31.3255234,
            30.058706
          ]
        ]
      }
    },
    {
      "type": "Feature",
      "properties": {
        "osm_way_id": "894550195",
        "name": "Al Tayaran Street",
        "highway": "secondary_link",
        "layer": "0",
        "bridge": "no",
        "tunnel": "no"
      },
      "geometry": {
        "type": "LineString",
        "coordinates": [
          [
            31.3268271,
            30.0588415
          ],
          [
            31.3266042,
            30.0589277
          ],
          [
            31.326544,
            30.0589504
          ],
          [
            31.326488,
            30.0589803
          ],
          [
            31.3264374,
            30.0590166
          ],
          [
            31.3263931,
            30.0590586
          ],
          [
            31.3263561,
            30.0591056
          ],
          [
            31.3262943,
            30.0591973
          ],
          [
            31.3262693,
            30.059331
          ],
          [
            31.325942,
            30.0615321
          ],
          [
            31.3259204,
            30.0616009
          ],
          [
            31.3258887,
            30.0616667
          ],
          [
            31.3258254,
            30.0617381
          ]
        ]
      }
    },
    {
      "type": "Feature",
      "properties": {
        "osm_way_id": "894550196",
        "name": "Al Tayaran Street",
        "highway": "secondary",
        "layer": "0",
        "bridge": "no",
        "tunnel": "no"
      },
      "geometry": {
        "type": "LineString",
        "coordinates": [
          [
            31.3267323,
            30.0546703
          ],
          [
            31.3269418,
            30.0531443
          ],
          [
            31.326945,
            30.0531075
          ],
          [
            31.3269648,
            30.0529842
          ],
          [
            31.3269914,
            30.0528185
          ],
          [
            31.3270023,
            30.0527405
          ],
          [
            31.3270871,
            30.0522447
          ]
        ]
      }
    },
    {
      "type": "Feature",
      "properties": {
        "osm_way_id": "894550197",
        "name": "Al Tayaran Street",
        "highway": "secondary",
        "layer": "0",
        "bridge": "no",
        "tunnel": "no"
      },
      "geometry": {
        "type": "LineString",
        "coordinates": [
          [
            31.3272459,
            30.0522474
          ],
          [
            31.3271529,
            30.0527674
          ],
          [
            31.3271404,
            30.0528322
          ]
        ]
      }
    },
    {
      "type": "Feature",
      "properties": {
        "osm_way_id": "906984715",
        "name": "Al Tayaran Street",
        "highway": "secondary",
        "layer": "0",
        "bridge": "no",
        "tunnel": "no"
      },
      "geometry": {
        "type": "LineString",
        "coordinates": [
          [
            31.3258254,
            30.0617381
          ],
          [
            31.325728,
            30.062489
          ],
          [
            31.325327,
            30.0651904
          ]
        ]
      }
    },
    {
      "type": "Feature",
      "properties": {
        "osm_way_id": "920075572",
        "name": "Unnamed mapped way",
        "highway": "secondary_link",
        "layer": "0",
        "bridge": "no",
        "tunnel": "no"
      },
      "geometry": {
        "type": "LineString",
        "coordinates": [
          [
            31.3266243,
            30.0566998
          ],
          [
            31.3265821,
            30.0567175
          ],
          [
            31.3265369,
            30.0567284
          ],
          [
            31.3264902,
            30.0567323
          ],
          [
            31.3264434,
            30.0567291
          ],
          [
            31.326398,
            30.0567187
          ],
          [
            31.3263554,
            30.0567016
          ],
          [
            31.326317,
            30.0566783
          ]
        ]
      }
    },
    {
      "type": "Feature",
      "properties": {
        "osm_way_id": "920075574",
        "name": "Al Ta'men Al Sihi Bridge",
        "highway": "secondary",
        "layer": "1",
        "bridge": "yes",
        "tunnel": "no"
      },
      "geometry": {
        "type": "LineString",
        "coordinates": [
          [
            31.3265525,
            30.0565843
          ],
          [
            31.3261481,
            30.0594302
          ]
        ]
      }
    },
    {
      "type": "Feature",
      "properties": {
        "osm_way_id": "921261839",
        "name": "Al Ta'men Al Sihi Bridge",
        "highway": "secondary",
        "layer": "1",
        "bridge": "yes",
        "tunnel": "no"
      },
      "geometry": {
        "type": "LineString",
        "coordinates": [
          [
            31.3260314,
            30.0594139
          ],
          [
            31.3264444,
            30.0565748
          ]
        ]
      }
    },
    {
      "type": "Feature",
      "properties": {
        "osm_way_id": "923323988",
        "name": "Abd Al Aziz Al Shenawy Street",
        "highway": "tertiary",
        "layer": "0",
        "bridge": "no",
        "tunnel": "no"
      },
      "geometry": {
        "type": "LineString",
        "coordinates": [
          [
            31.3262899,
            30.0571126
          ],
          [
            31.326296,
            30.0570671
          ],
          [
            31.3262869,
            30.0570221
          ],
          [
            31.3262634,
            30.0569812
          ],
          [
            31.3262273,
            30.0569478
          ],
          [
            31.3261818,
            30.0569246
          ],
          [
            31.3261305,
            30.0569137
          ],
          [
            31.3257178,
            30.0568671
          ],
          [
            31.3253525,
            30.0568259
          ],
          [
            31.324576,
            30.0567382
          ],
          [
            31.3245347,
            30.0567453
          ],
          [
            31.3244966,
            30.056753
          ],
          [
            31.3244587,
            30.0567657
          ],
          [
            31.3243751,
            30.0567926
          ]
        ]
      }
    },
    {
      "type": "Feature",
      "properties": {
        "osm_way_id": "947628155",
        "name": "Unnamed mapped way",
        "highway": "footway",
        "layer": "0",
        "bridge": "no",
        "tunnel": "no"
      },
      "geometry": {
        "type": "LineString",
        "coordinates": [
          [
            31.3255179,
            30.0585641
          ],
          [
            31.3255061,
            30.0586558
          ],
          [
            31.325462,
            30.0586515
          ],
          [
            31.3254553,
            30.0587035
          ]
        ]
      }
    },
    {
      "type": "Feature",
      "properties": {
        "osm_way_id": "947628156",
        "name": "Unnamed mapped way",
        "highway": "residential",
        "layer": "0",
        "bridge": "no",
        "tunnel": "no"
      },
      "geometry": {
        "type": "LineString",
        "coordinates": [
          [
            31.3281405,
            30.0536685
          ],
          [
            31.3281519,
            30.0535587
          ]
        ]
      }
    },
    {
      "type": "Feature",
      "properties": {
        "osm_way_id": "947628159",
        "name": "Unnamed mapped way",
        "highway": "tertiary",
        "layer": "0",
        "bridge": "no",
        "tunnel": "no"
      },
      "geometry": {
        "type": "LineString",
        "coordinates": [
          [
            31.3302791,
            30.0612261
          ],
          [
            31.3302929,
            30.0612431
          ],
          [
            31.3303026,
            30.0612622
          ],
          [
            31.3303087,
            30.0612906
          ],
          [
            31.3303059,
            30.0613195
          ],
          [
            31.3302943,
            30.0613467
          ],
          [
            31.3302748,
            30.0613702
          ],
          [
            31.3302488,
            30.0613884
          ],
          [
            31.3302181,
            30.0614
          ],
          [
            31.330185,
            30.0614041
          ],
          [
            31.3301552,
            30.0614011
          ],
          [
            31.330127,
            30.0613921
          ],
          [
            31.3301023,
            30.0613777
          ],
          [
            31.3300823,
            30.0613586
          ],
          [
            31.3300681,
            30.0613359
          ],
          [
            31.3300605,
            30.061311
          ],
          [
            31.3300599,
            30.0612852
          ],
          [
            31.3300664,
            30.06126
          ],
          [
            31.3300797,
            30.0612369
          ],
          [
            31.3301012,
            30.0612153
          ],
          [
            31.3301286,
            30.0611993
          ],
          [
            31.3301599,
            30.0611901
          ],
          [
            31.3301928,
            30.0611883
          ],
          [
            31.3302251,
            30.0611941
          ],
          [
            31.3302546,
            30.061207
          ],
          [
            31.3302791,
            30.0612261
          ]
        ]
      }
    },
    {
      "type": "Feature",
      "properties": {
        "osm_way_id": "947628165",
        "name": "Unnamed mapped way",
        "highway": "secondary_link",
        "layer": "0",
        "bridge": "no",
        "tunnel": "no"
      },
      "geometry": {
        "type": "LineString",
        "coordinates": [
          [
            31.3279937,
            30.048279
          ],
          [
            31.328031,
            30.0482715
          ],
          [
            31.3280692,
            30.048272
          ],
          [
            31.3280975,
            30.0482776
          ],
          [
            31.3281242,
            30.0482875
          ],
          [
            31.3281483,
            30.0483015
          ]
        ]
      }
    },
    {
      "type": "Feature",
      "properties": {
        "osm_way_id": "972105753",
        "name": "Bani Omia Street",
        "highway": "residential",
        "layer": "0",
        "bridge": "no",
        "tunnel": "no"
      },
      "geometry": {
        "type": "LineString",
        "coordinates": [
          [
            31.3321962,
            30.0488917
          ],
          [
            31.3322755,
            30.0482894
          ],
          [
            31.3323457,
            30.0477002
          ],
          [
            31.3324151,
            30.0471177
          ],
          [
            31.332521,
            30.0465156
          ],
          [
            31.3326163,
            30.0459278
          ],
          [
            31.3326956,
            30.0453428
          ],
          [
            31.3327815,
            30.0447438
          ],
          [
            31.332863,
            30.044134
          ]
        ]
      }
    },
    {
      "type": "Feature",
      "properties": {
        "osm_way_id": "992230423",
        "name": "Unnamed mapped way",
        "highway": "footway",
        "layer": "0",
        "bridge": "no",
        "tunnel": "no"
      },
      "geometry": {
        "type": "LineString",
        "coordinates": [
          [
            31.3461791,
            30.0553585
          ],
          [
            31.345975,
            30.0553416
          ]
        ]
      }
    },
    {
      "type": "Feature",
      "properties": {
        "osm_way_id": "1059570704",
        "name": "Unnamed mapped way",
        "highway": "residential",
        "layer": "0",
        "bridge": "no",
        "tunnel": "no"
      },
      "geometry": {
        "type": "LineString",
        "coordinates": [
          [
            31.3344754,
            30.0460827
          ],
          [
            31.3344579,
            30.0461002
          ],
          [
            31.3344372,
            30.0461149
          ],
          [
            31.334414,
            30.0461263
          ],
          [
            31.3343888,
            30.0461341
          ]
        ]
      }
    },
    {
      "type": "Feature",
      "properties": {
        "osm_way_id": "1059570705",
        "name": "Nasr Khesru Street",
        "highway": "residential",
        "layer": "0",
        "bridge": "no",
        "tunnel": "no"
      },
      "geometry": {
        "type": "LineString",
        "coordinates": [
          [
            31.3295854,
            30.0455869
          ],
          [
            31.3326163,
            30.0459278
          ],
          [
            31.3338157,
            30.0460611
          ],
          [
            31.3343888,
            30.0461341
          ],
          [
            31.334437,
            30.0461407
          ],
          [
            31.3344838,
            30.0461488
          ],
          [
            31.3345106,
            30.0461642
          ],
          [
            31.3345388,
            30.0461825
          ],
          [
            31.3345629,
            30.0462048
          ],
          [
            31.3345821,
            30.0462303
          ]
        ]
      }
    },
    {
      "type": "Feature",
      "properties": {
        "osm_way_id": "1129465095",
        "name": "Unnamed mapped way",
        "highway": "service",
        "layer": "0",
        "bridge": "no",
        "tunnel": "no"
      },
      "geometry": {
        "type": "LineString",
        "coordinates": [
          [
            31.3368496,
            30.0500095
          ],
          [
            31.3367173,
            30.0501426
          ],
          [
            31.3366334,
            30.0502385
          ],
          [
            31.3365649,
            30.0503245
          ],
          [
            31.3364928,
            30.0504148
          ],
          [
            31.3364627,
            30.0504537
          ],
          [
            31.336409,
            30.0505094
          ],
          [
            31.3363488,
            30.0505599
          ],
          [
            31.3362828,
            30.0506047
          ],
          [
            31.3362107,
            30.0506438
          ],
          [
            31.3361342,
            30.050676
          ],
          [
            31.3360297,
            30.0507083
          ],
          [
            31.3359717,
            30.0507185
          ],
          [
            31.3358879,
            30.0507224
          ],
          [
            31.335804,
            30.0507231
          ],
          [
            31.3356722,
            30.0507178
          ],
          [
            31.3355993,
            30.0507104
          ],
          [
            31.3354436,
            30.0506888
          ],
          [
            31.3351898,
            30.0506546
          ],
          [
            31.3351329,
            30.0506424
          ],
          [
            31.335078,
            30.0506249
          ],
          [
            31.3350257,
            30.0506021
          ],
          [
            31.3349765,
            30.0505745
          ],
          [
            31.3349266,
            30.0505387
          ],
          [
            31.3348821,
            30.0504979
          ],
          [
            31.3348438,
            30.0504527
          ],
          [
            31.3348082,
            30.0504021
          ],
          [
            31.3347448,
            30.0502966
          ],
          [
            31.3347128,
            30.0502369
          ],
          [
            31.3346466,
            30.0501132
          ],
          [
            31.3345286,
            30.0498966
          ],
          [
            31.3345018,
            30.0498362
          ],
          [
            31.3344855,
            30.0497825
          ],
          [
            31.3344743,
            30.0497278
          ],
          [
            31.3344683,
            30.0496725
          ],
          [
            31.3344675,
            30.0496173
          ],
          [
            31.3344713,
            30.0495495
          ],
          [
            31.3344943,
            30.0494345
          ],
          [
            31.3345149,
            30.0493627
          ],
          [
            31.3345434,
            30.049293
          ],
          [
            31.3345845,
            30.0492176
          ],
          [
            31.3346348,
            30.0491465
          ],
          [
            31.3346936,
            30.0490805
          ],
          [
            31.334798,
            30.0489829
          ],
          [
            31.3349068,
            30.048889
          ],
          [
            31.3350111,
            30.0488058
          ],
          [
            31.3351189,
            30.048726
          ],
          [
            31.3351869,
            30.0486794
          ],
          [
            31.3353557,
            30.0485509
          ],
          [
            31.3354394,
            30.0484949
          ]
        ]
      }
    },
    {
      "type": "Feature",
      "properties": {
        "osm_way_id": "1129465096",
        "name": "Unnamed mapped way",
        "highway": "footway",
        "layer": "0",
        "bridge": "no",
        "tunnel": "no"
      },
      "geometry": {
        "type": "LineString",
        "coordinates": [
          [
            31.3361379,
            30.0475345
          ],
          [
            31.3361784,
            30.0474235
          ],
          [
            31.3361912,
            30.0474049
          ],
          [
            31.3362101,
            30.0473906
          ],
          [
            31.3362331,
            30.0473821
          ],
          [
            31.3362581,
            30.0473801
          ],
          [
            31.3362825,
            30.0473849
          ],
          [
            31.3363041,
            30.0473959
          ],
          [
            31.3363631,
            30.0474374
          ],
          [
            31.3363957,
            30.0474696
          ],
          [
            31.3364216,
            30.047506
          ],
          [
            31.3364403,
            30.0475456
          ],
          [
            31.3364511,
            30.0475874
          ],
          [
            31.3364551,
            30.0476248
          ],
          [
            31.3364499,
            30.0476658
          ],
          [
            31.3364402,
            30.0477006
          ],
          [
            31.3364251,
            30.047734
          ],
          [
            31.3363744,
            30.0478475
          ],
          [
            31.3363611,
            30.0478983
          ],
          [
            31.3363584,
            30.0479504
          ],
          [
            31.336364,
            30.0479929
          ],
          [
            31.3363768,
            30.0480342
          ],
          [
            31.3364703,
            30.0482939
          ],
          [
            31.3364839,
            30.0483137
          ],
          [
            31.3365034,
            30.0483294
          ],
          [
            31.3365389,
            30.0483384
          ],
          [
            31.3365808,
            30.0483354
          ],
          [
            31.3369152,
            30.04826
          ]
        ]
      }
    },
    {
      "type": "Feature",
      "properties": {
        "osm_way_id": "1151507407",
        "name": "Unnamed mapped way",
        "highway": "service",
        "layer": "0",
        "bridge": "no",
        "tunnel": "no"
      },
      "geometry": {
        "type": "LineString",
        "coordinates": [
          [
            31.3271882,
            30.0536458
          ],
          [
            31.3270949,
            30.0536366
          ],
          [
            31.3270746,
            30.0536363
          ],
          [
            31.3270545,
            30.0536388
          ],
          [
            31.327035,
            30.053644
          ],
          [
            31.3270169,
            30.0536519
          ],
          [
            31.3270004,
            30.0536622
          ]
        ]
      }
    },
    {
      "type": "Feature",
      "properties": {
        "osm_way_id": "1151507408",
        "name": "Unnamed mapped way",
        "highway": "service",
        "layer": "0",
        "bridge": "no",
        "tunnel": "no"
      },
      "geometry": {
        "type": "LineString",
        "coordinates": [
          [
            31.3270425,
            30.0534171
          ],
          [
            31.3270561,
            30.0534326
          ],
          [
            31.3270727,
            30.0534457
          ],
          [
            31.3270919,
            30.0534558
          ],
          [
            31.3271129,
            30.0534628
          ],
          [
            31.327135,
            30.0534663
          ],
          [
            31.3272089,
            30.0534734
          ]
        ]
      }
    },
    {
      "type": "Feature",
      "properties": {
        "osm_way_id": "1173376747",
        "name": "Unnamed mapped way",
        "highway": "residential",
        "layer": "0",
        "bridge": "no",
        "tunnel": "no"
      },
      "geometry": {
        "type": "LineString",
        "coordinates": [
          [
            31.3346533,
            30.0462114
          ],
          [
            31.3346555,
            30.0461371
          ]
        ]
      }
    },
    {
      "type": "Feature",
      "properties": {
        "osm_way_id": "1173426932",
        "name": "Al Tayaran Street",
        "highway": "secondary_link",
        "layer": "0",
        "bridge": "no",
        "tunnel": "no"
      },
      "geometry": {
        "type": "LineString",
        "coordinates": [
          [
            31.3261433,
            30.0567536
          ],
          [
            31.3261924,
            30.0567467
          ],
          [
            31.3262389,
            30.0567314
          ],
          [
            31.3262809,
            30.0567084
          ],
          [
            31.326317,
            30.0566783
          ],
          [
            31.3263272,
            30.0566487
          ],
          [
            31.3266237,
            30.0548256
          ],
          [
            31.3266329,
            30.0547941
          ],
          [
            31.3266463,
            30.0547587
          ],
          [
            31.3266758,
            30.0547167
          ],
          [
            31.3267323,
            30.0546703
          ]
        ]
      }
    },
    {
      "type": "Feature",
      "properties": {
        "osm_way_id": "1218583993",
        "name": "Unnamed mapped way",
        "highway": "footway",
        "layer": "0",
        "bridge": "no",
        "tunnel": "no"
      },
      "geometry": {
        "type": "LineString",
        "coordinates": [
          [
            31.3351394,
            30.0497426
          ],
          [
            31.3351624,
            30.0494909
          ],
          [
            31.3351707,
            30.0494431
          ],
          [
            31.3351882,
            30.0493972
          ],
          [
            31.3352143,
            30.0493545
          ],
          [
            31.3352483,
            30.0493163
          ],
          [
            31.3352893,
            30.0492835
          ],
          [
            31.335336,
            30.0492571
          ],
          [
            31.335394,
            30.0492407
          ],
          [
            31.3354535,
            30.0492295
          ],
          [
            31.3355141,
            30.0492235
          ],
          [
            31.3355751,
            30.0492229
          ],
          [
            31.3356385,
            30.0492279
          ],
          [
            31.3357041,
            30.0492396
          ],
          [
            31.3357785,
            30.0492541
          ],
          [
            31.3358911,
            30.0492885
          ],
          [
            31.3359676,
            30.0493146
          ],
          [
            31.3360452,
            30.0493511
          ],
          [
            31.3361145,
            30.0493934
          ],
          [
            31.336179,
            30.0494413
          ],
          [
            31.3362258,
            30.0494857
          ],
          [
            31.3362606,
            30.0495337
          ],
          [
            31.3362684,
            30.0495547
          ],
          [
            31.3362764,
            30.0495916
          ],
          [
            31.3362794,
            30.0496319
          ],
          [
            31.3362794,
            30.0496684
          ],
          [
            31.336274,
            30.0497046
          ],
          [
            31.3362654,
            30.0497399
          ],
          [
            31.3362147,
            30.0498516
          ],
          [
            31.3362067,
            30.049867
          ],
          [
            31.3361983,
            30.0498821
          ],
          [
            31.3361889,
            30.0498998
          ],
          [
            31.3361823,
            30.0499161
          ],
          [
            31.3361782,
            30.0499388
          ],
          [
            31.3361809,
            30.0499555
          ],
          [
            31.3361867,
            30.0499696
          ],
          [
            31.3362023,
            30.0499883
          ],
          [
            31.3362399,
            30.0500207
          ],
          [
            31.3362566,
            30.0500371
          ],
          [
            31.3362731,
            30.0500564
          ],
          [
            31.3362942,
            30.050085
          ],
          [
            31.3363663,
            30.0502086
          ],
          [
            31.3364928,
            30.0504148
          ]
        ]
      }
    },
    {
      "type": "Feature",
      "properties": {
        "osm_way_id": "1218583994",
        "name": "Unnamed mapped way",
        "highway": "footway",
        "layer": "0",
        "bridge": "no",
        "tunnel": "no"
      },
      "geometry": {
        "type": "LineString",
        "coordinates": [
          [
            31.3361782,
            30.0499388
          ],
          [
            31.3359868,
            30.0499678
          ],
          [
            31.3359166,
            30.0499848
          ],
          [
            31.3358408,
            30.0500071
          ],
          [
            31.3358014,
            30.0500205
          ],
          [
            31.3357401,
            30.050044
          ],
          [
            31.3356952,
            30.0500675
          ],
          [
            31.3356544,
            30.0500961
          ],
          [
            31.3356184,
            30.0501291
          ],
          [
            31.3355879,
            30.050166
          ],
          [
            31.3355634,
            30.0502062
          ],
          [
            31.3355472,
            30.0502327
          ],
          [
            31.3355196,
            30.050285
          ],
          [
            31.3354962,
            30.0503389
          ],
          [
            31.3354853,
            30.050381
          ],
          [
            31.3354804,
            30.050424
          ],
          [
            31.3354815,
            30.0504671
          ],
          [
            31.3354892,
            30.0505123
          ],
          [
            31.3355036,
            30.0505563
          ],
          [
            31.3355244,
            30.0505983
          ],
          [
            31.3355993,
            30.0507104
          ]
        ]
      }
    },
    {
      "type": "Feature",
      "properties": {
        "osm_way_id": "1218583995",
        "name": "Unnamed mapped way",
        "highway": "footway",
        "layer": "0",
        "bridge": "no",
        "tunnel": "no"
      },
      "geometry": {
        "type": "LineString",
        "coordinates": [
          [
            31.3346466,
            30.0501132
          ],
          [
            31.3346937,
            30.0500545
          ],
          [
            31.3347381,
            30.0500007
          ],
          [
            31.3347895,
            30.0499471
          ],
          [
            31.3348418,
            30.049901
          ],
          [
            31.3348982,
            30.0498587
          ],
          [
            31.3349584,
            30.0498206
          ],
          [
            31.3350085,
            30.0497917
          ],
          [
            31.3350618,
            30.0497647
          ],
          [
            31.3351394,
            30.0497426
          ],
          [
            31.3351766,
            30.0497364
          ],
          [
            31.3352491,
            30.0497334
          ],
          [
            31.3353011,
            30.0497376
          ],
          [
            31.3353358,
            30.0497425
          ],
          [
            31.3353932,
            30.049753
          ],
          [
            31.335458,
            30.0497753
          ],
          [
            31.3355224,
            30.049806
          ],
          [
            31.3355706,
            30.0498371
          ],
          [
            31.3356141,
            30.049873
          ],
          [
            31.3356523,
            30.0499131
          ],
          [
            31.3356873,
            30.0499633
          ],
          [
            31.3357401,
            30.050044
          ]
        ]
      }
    },
    {
      "type": "Feature",
      "properties": {
        "osm_way_id": "1221683605",
        "name": "Unnamed mapped way",
        "highway": "steps",
        "layer": "0",
        "bridge": "no",
        "tunnel": "no"
      },
      "geometry": {
        "type": "LineString",
        "coordinates": [
          [
            31.332149,
            30.0612768
          ],
          [
            31.3321241,
            30.0613086
          ]
        ]
      }
    },
    {
      "type": "Feature",
      "properties": {
        "osm_way_id": "1221683606",
        "name": "Unnamed mapped way",
        "highway": "footway",
        "layer": "0",
        "bridge": "no",
        "tunnel": "no"
      },
      "geometry": {
        "type": "LineString",
        "coordinates": [
          [
            31.3321241,
            30.0613086
          ],
          [
            31.3321061,
            30.0613317
          ]
        ]
      }
    },
    {
      "type": "Feature",
      "properties": {
        "osm_way_id": "1221683607",
        "name": "Unnamed mapped way",
        "highway": "steps",
        "layer": "0",
        "bridge": "no",
        "tunnel": "no"
      },
      "geometry": {
        "type": "LineString",
        "coordinates": [
          [
            31.3319967,
            30.0612784
          ],
          [
            31.3319912,
            30.0612467
          ]
        ]
      }
    },
    {
      "type": "Feature",
      "properties": {
        "osm_way_id": "1221683608",
        "name": "Unnamed mapped way",
        "highway": "footway",
        "layer": "0",
        "bridge": "no",
        "tunnel": "no"
      },
      "geometry": {
        "type": "LineString",
        "coordinates": [
          [
            31.3320091,
            30.0613087
          ],
          [
            31.3319967,
            30.0612784
          ]
        ]
      }
    },
    {
      "type": "Feature",
      "properties": {
        "osm_way_id": "1221683609",
        "name": "Unnamed mapped way",
        "highway": "footway",
        "layer": "0",
        "bridge": "no",
        "tunnel": "no"
      },
      "geometry": {
        "type": "LineString",
        "coordinates": [
          [
            31.3319912,
            30.0612467
          ],
          [
            31.3319913,
            30.0612274
          ],
          [
            31.3319939,
            30.0612082
          ],
          [
            31.3320039,
            30.0611946
          ],
          [
            31.3320089,
            30.0611791
          ],
          [
            31.3320082,
            30.0611625
          ],
          [
            31.3320019,
            30.0611422
          ]
        ]
      }
    },
    {
      "type": "Feature",
      "properties": {
        "osm_way_id": "1221683610",
        "name": "Unnamed mapped way",
        "highway": "footway",
        "layer": "0",
        "bridge": "no",
        "tunnel": "no"
      },
      "geometry": {
        "type": "LineString",
        "coordinates": [
          [
            31.3313801,
            30.0612538
          ],
          [
            31.3319768,
            30.0613186
          ]
        ]
      }
    },
    {
      "type": "Feature",
      "properties": {
        "osm_way_id": "1221683611",
        "name": "Unnamed mapped way",
        "highway": "footway",
        "layer": "0",
        "bridge": "no",
        "tunnel": "no"
      },
      "geometry": {
        "type": "LineString",
        "coordinates": [
          [
            31.3328991,
            30.0609807
          ],
          [
            31.3328529,
            30.0613925
          ],
          [
            31.3328491,
            30.0614069
          ],
          [
            31.332838,
            30.061418
          ],
          [
            31.3328262,
            30.0614225
          ],
          [
            31.3328133,
            30.0614231
          ],
          [
            31.3327119,
            30.0614121
          ]
        ]
      }
    },
    {
      "type": "Feature",
      "properties": {
        "osm_way_id": "1221683612",
        "name": "Unnamed mapped way",
        "highway": "footway",
        "layer": "0",
        "bridge": "no",
        "tunnel": "no"
      },
      "geometry": {
        "type": "LineString",
        "coordinates": [
          [
            31.3327835,
            30.0609674
          ],
          [
            31.3328991,
            30.0609807
          ],
          [
            31.3330294,
            30.0609958
          ]
        ]
      }
    },
    {
      "type": "Feature",
      "properties": {
        "osm_way_id": "1221683613",
        "name": "Unnamed mapped way",
        "highway": "footway",
        "layer": "0",
        "bridge": "no",
        "tunnel": "no"
      },
      "geometry": {
        "type": "LineString",
        "coordinates": [
          [
            31.3316905,
            30.0606287
          ],
          [
            31.3317079,
            30.0605333
          ]
        ]
      }
    },
    {
      "type": "Feature",
      "properties": {
        "osm_way_id": "1221683614",
        "name": "Unnamed mapped way",
        "highway": "footway",
        "layer": "0",
        "bridge": "no",
        "tunnel": "no"
      },
      "geometry": {
        "type": "LineString",
        "coordinates": [
          [
            31.3308604,
            30.0607398
          ],
          [
            31.3312573,
            30.0607844
          ],
          [
            31.3314832,
            30.0608078
          ]
        ]
      }
    },
    {
      "type": "Feature",
      "properties": {
        "osm_way_id": "1221683615",
        "name": "Unnamed mapped way",
        "highway": "footway",
        "layer": "0",
        "bridge": "no",
        "tunnel": "no"
      },
      "geometry": {
        "type": "LineString",
        "coordinates": [
          [
            31.332205,
            30.0612265
          ],
          [
            31.3321877,
            30.061209
          ],
          [
            31.3321773,
            30.0611887
          ],
          [
            31.332174,
            30.0611621
          ]
        ]
      }
    },
    {
      "type": "Feature",
      "properties": {
        "osm_way_id": "1221683616",
        "name": "Unnamed mapped way",
        "highway": "footway",
        "layer": "0",
        "bridge": "no",
        "tunnel": "no"
      },
      "geometry": {
        "type": "LineString",
        "coordinates": [
          [
            31.3321071,
            30.0611723
          ],
          [
            31.3321136,
            30.0611331
          ]
        ]
      }
    },
    {
      "type": "Feature",
      "properties": {
        "osm_way_id": "1221683617",
        "name": "Unnamed mapped way",
        "highway": "steps",
        "layer": "0",
        "bridge": "no",
        "tunnel": "no"
      },
      "geometry": {
        "type": "LineString",
        "coordinates": [
          [
            31.3321041,
            30.0611947
          ],
          [
            31.3321071,
            30.0611723
          ]
        ]
      }
    },
    {
      "type": "Feature",
      "properties": {
        "osm_way_id": "1221683618",
        "name": "Unnamed mapped way",
        "highway": "footway",
        "layer": "0",
        "bridge": "no",
        "tunnel": "no"
      },
      "geometry": {
        "type": "LineString",
        "coordinates": [
          [
            31.3320613,
            30.0611598
          ],
          [
            31.3320659,
            30.0611082
          ]
        ]
      }
    },
    {
      "type": "Feature",
      "properties": {
        "osm_way_id": "1221683619",
        "name": "Unnamed mapped way",
        "highway": "steps",
        "layer": "0",
        "bridge": "no",
        "tunnel": "no"
      },
      "geometry": {
        "type": "LineString",
        "coordinates": [
          [
            31.3320578,
            30.0611885
          ],
          [
            31.3320613,
            30.0611598
          ]
        ]
      }
    },
    {
      "type": "Feature",
      "properties": {
        "osm_way_id": "1221683620",
        "name": "Unnamed mapped way",
        "highway": "footway",
        "layer": "0",
        "bridge": "no",
        "tunnel": "no"
      },
      "geometry": {
        "type": "LineString",
        "coordinates": [
          [
            31.3326377,
            30.0612703
          ],
          [
            31.3326484,
            30.0612134
          ]
        ]
      }
    },
    {
      "type": "Feature",
      "properties": {
        "osm_way_id": "1221683621",
        "name": "Unnamed mapped way",
        "highway": "steps",
        "layer": "0",
        "bridge": "no",
        "tunnel": "no"
      },
      "geometry": {
        "type": "LineString",
        "coordinates": [
          [
            31.3327171,
            30.0613805
          ],
          [
            31.3327282,
            30.0613129
          ]
        ]
      }
    },
    {
      "type": "Feature",
      "properties": {
        "osm_way_id": "1221683622",
        "name": "Unnamed mapped way",
        "highway": "footway",
        "layer": "0",
        "bridge": "no",
        "tunnel": "no"
      },
      "geometry": {
        "type": "LineString",
        "coordinates": [
          [
            31.3326813,
            30.0615523
          ],
          [
            31.3327119,
            30.0614121
          ],
          [
            31.3327171,
            30.0613805
          ]
        ]
      }
    },
    {
      "type": "Feature",
      "properties": {
        "osm_way_id": "1221683623",
        "name": "Unnamed mapped way",
        "highway": "footway",
        "layer": "0",
        "bridge": "no",
        "tunnel": "no"
      },
      "geometry": {
        "type": "LineString",
        "coordinates": [
          [
            31.3327282,
            30.0613129
          ],
          [
            31.3327336,
            30.06128
          ],
          [
            31.3326377,
            30.0612703
          ],
          [
            31.332205,
            30.0612265
          ],
          [
            31.3321923,
            30.0612314
          ],
          [
            31.3321811,
            30.0612385
          ],
          [
            31.3321717,
            30.0612478
          ],
          [
            31.332149,
            30.0612768
          ]
        ]
      }
    },
    {
      "type": "Feature",
      "properties": {
        "osm_way_id": "1221683624",
        "name": "Unnamed mapped way",
        "highway": "steps",
        "layer": "0",
        "bridge": "no",
        "tunnel": "no"
      },
      "geometry": {
        "type": "LineString",
        "coordinates": [
          [
            31.3313827,
            30.0612375
          ],
          [
            31.3313962,
            30.0611535
          ]
        ]
      }
    },
    {
      "type": "Feature",
      "properties": {
        "osm_way_id": "1221683625",
        "name": "Unnamed mapped way",
        "highway": "footway",
        "layer": "0",
        "bridge": "no",
        "tunnel": "no"
      },
      "geometry": {
        "type": "LineString",
        "coordinates": [
          [
            31.3313465,
            30.0614038
          ],
          [
            31.3313801,
            30.0612538
          ],
          [
            31.3313827,
            30.0612375
          ]
        ]
      }
    },
    {
      "type": "Feature",
      "properties": {
        "osm_way_id": "1221683626",
        "name": "Unnamed mapped way",
        "highway": "footway",
        "layer": "0",
        "bridge": "no",
        "tunnel": "no"
      },
      "geometry": {
        "type": "LineString",
        "coordinates": [
          [
            31.3320997,
            30.0612183
          ],
          [
            31.3321041,
            30.0611947
          ]
        ]
      }
    },
    {
      "type": "Feature",
      "properties": {
        "osm_way_id": "1221683627",
        "name": "Unnamed mapped way",
        "highway": "footway",
        "layer": "0",
        "bridge": "no",
        "tunnel": "no"
      },
      "geometry": {
        "type": "LineString",
        "coordinates": [
          [
            31.3320555,
            30.0612026
          ],
          [
            31.3320578,
            30.0611885
          ]
        ]
      }
    },
    {
      "type": "Feature",
      "properties": {
        "osm_way_id": "1221683628",
        "name": "Unnamed mapped way",
        "highway": "footway",
        "layer": "0",
        "bridge": "no",
        "tunnel": "no"
      },
      "geometry": {
        "type": "LineString",
        "coordinates": [
          [
            31.3320439,
            30.0613076
          ],
          [
            31.3320505,
            30.0612789
          ]
        ]
      }
    },
    {
      "type": "Feature",
      "properties": {
        "osm_way_id": "1221683629",
        "name": "Unnamed mapped way",
        "highway": "footway",
        "layer": "0",
        "bridge": "no",
        "tunnel": "no"
      },
      "geometry": {
        "type": "LineString",
        "coordinates": [
          [
            31.3320178,
            30.061239
          ],
          [
            31.3320234,
            30.0612223
          ],
          [
            31.3320369,
            30.0612093
          ],
          [
            31.3320555,
            30.0612026
          ],
          [
            31.3320722,
            30.0612029
          ],
          [
            31.3320876,
            30.0612084
          ],
          [
            31.3320997,
            30.0612183
          ],
          [
            31.3321072,
            30.061233
          ],
          [
            31.3321073,
            30.061249
          ],
          [
            31.3321,
            30.0612638
          ],
          [
            31.3320864,
            30.0612747
          ],
          [
            31.332069,
            30.06128
          ],
          [
            31.3320505,
            30.0612789
          ],
          [
            31.3320328,
            30.0612704
          ],
          [
            31.3320212,
            30.0612562
          ],
          [
            31.3320178,
            30.061239
          ]
        ]
      }
    },
    {
      "type": "Feature",
      "properties": {
        "osm_way_id": "1221683630",
        "name": "Unnamed mapped way",
        "highway": "footway",
        "layer": "0",
        "bridge": "no",
        "tunnel": "no"
      },
      "geometry": {
        "type": "LineString",
        "coordinates": [
          [
            31.3319095,
            30.061465
          ],
          [
            31.3319292,
            30.0613603
          ],
          [
            31.3319493,
            30.0613363
          ],
          [
            31.3319768,
            30.0613186
          ],
          [
            31.3320091,
            30.0613087
          ],
          [
            31.3320439,
            30.0613076
          ],
          [
            31.3320768,
            30.0613154
          ],
          [
            31.3321061,
            30.0613317
          ],
          [
            31.3321283,
            30.0613548
          ],
          [
            31.3321414,
            30.0613826
          ],
          [
            31.3321352,
            30.0614905
          ]
        ]
      }
    },
    {
      "type": "Feature",
      "properties": {
        "osm_way_id": "1221683631",
        "name": "Unnamed mapped way",
        "highway": "footway",
        "layer": "0",
        "bridge": "no",
        "tunnel": "no"
      },
      "geometry": {
        "type": "LineString",
        "coordinates": [
          [
            31.3313962,
            30.0611535
          ],
          [
            31.3313994,
            30.061134
          ],
          [
            31.3319466,
            30.0611909
          ],
          [
            31.3319588,
            30.0611897
          ],
          [
            31.3319705,
            30.0611863
          ],
          [
            31.3319867,
            30.061177
          ],
          [
            31.3319987,
            30.0611639
          ],
          [
            31.3320019,
            30.0611422
          ]
        ]
      }
    },
    {
      "type": "Feature",
      "properties": {
        "osm_way_id": "1225447500",
        "name": "Unnamed mapped way",
        "highway": "footway",
        "layer": "0",
        "bridge": "no",
        "tunnel": "no"
      },
      "geometry": {
        "type": "LineString",
        "coordinates": [
          [
            31.3452739,
            30.061651
          ],
          [
            31.3453812,
            30.061662
          ],
          [
            31.3454337,
            30.0616672
          ]
        ]
      }
    },
    {
      "type": "Feature",
      "properties": {
        "osm_way_id": "1225447510",
        "name": "Unnamed mapped way",
        "highway": "footway",
        "layer": "0",
        "bridge": "no",
        "tunnel": "no"
      },
      "geometry": {
        "type": "LineString",
        "coordinates": [
          [
            31.3467761,
            30.0608849
          ],
          [
            31.3466698,
            30.0609531
          ],
          [
            31.3463223,
            30.0611759
          ],
          [
            31.3457305,
            30.0615708
          ]
        ]
      }
    },
    {
      "type": "Feature",
      "properties": {
        "osm_way_id": "1225895982",
        "name": "Unnamed mapped way",
        "highway": "pedestrian",
        "layer": "0",
        "bridge": "no",
        "tunnel": "no"
      },
      "geometry": {
        "type": "LineString",
        "coordinates": [
          [
            31.3452816,
            30.0626425
          ],
          [
            31.3453559,
            30.062654
          ],
          [
            31.3455311,
            30.0627997
          ],
          [
            31.3455968,
            30.0627533
          ],
          [
            31.3456611,
            30.0628102
          ],
          [
            31.3457152,
            30.0627678
          ],
          [
            31.3456278,
            30.0626768
          ],
          [
            31.3455328,
            30.0625794
          ],
          [
            31.3453797,
            30.0624218
          ],
          [
            31.3453111,
            30.0624306
          ],
          [
            31.3452816,
            30.0626425
          ]
        ]
      }
    },
    {
      "type": "Feature",
      "properties": {
        "osm_way_id": "1225895989",
        "name": "Unnamed mapped way",
        "highway": "footway",
        "layer": "0",
        "bridge": "no",
        "tunnel": "no"
      },
      "geometry": {
        "type": "LineString",
        "coordinates": [
          [
            31.345343,
            30.0628057
          ],
          [
            31.3453146,
            30.0628012
          ],
          [
            31.3452884,
            30.0627908
          ],
          [
            31.3452657,
            30.0627753
          ],
          [
            31.3452481,
            30.0627555
          ],
          [
            31.3452365,
            30.0627326
          ],
          [
            31.3452316,
            30.062708
          ],
          [
            31.3452337,
            30.0626831
          ],
          [
            31.3453812,
            30.061662
          ],
          [
            31.3455277,
            30.0606054
          ],
          [
            31.3455904,
            30.0605784
          ],
          [
            31.3461282,
            30.0606391
          ],
          [
            31.3478495,
            30.0608332
          ],
          [
            31.349274,
            30.0609924
          ],
          [
            31.3494669,
            30.0610139
          ],
          [
            31.3494907,
            30.0610181
          ],
          [
            31.349512,
            30.0610282
          ],
          [
            31.3495292,
            30.0610431
          ],
          [
            31.3495407,
            30.0610616
          ],
          [
            31.3495455,
            30.0610822
          ],
          [
            31.3495434,
            30.0611032
          ],
          [
            31.3495161,
            30.0613102
          ],
          [
            31.349418,
            30.062055
          ],
          [
            31.3494108,
            30.0621097
          ],
          [
            31.3493223,
            30.0627738
          ],
          [
            31.3492646,
            30.0632064
          ],
          [
            31.3492625,
            30.0632204
          ],
          [
            31.3492554,
            30.0632331
          ],
          [
            31.3492442,
            30.0632433
          ],
          [
            31.3492298,
            30.0632499
          ],
          [
            31.3492137,
            30.0632523
          ],
          [
            31.3491976,
            30.0632502
          ],
          [
            31.3490327,
            30.0632311
          ],
          [
            31.3475306,
            30.0630566
          ],
          [
            31.345343,
            30.0628057
          ]
        ]
      }
    },
    {
      "type": "Feature",
      "properties": {
        "osm_way_id": "1226164521",
        "name": "Unnamed mapped way",
        "highway": "footway",
        "layer": "0",
        "bridge": "no",
        "tunnel": "no"
      },
      "geometry": {
        "type": "LineString",
        "coordinates": [
          [
            31.3258962,
            30.0556025
          ],
          [
            31.3259528,
            30.0556081
          ],
          [
            31.3259942,
            30.0556122
          ]
        ]
      }
    },
    {
      "type": "Feature",
      "properties": {
        "osm_way_id": "1226954798",
        "name": "Unnamed mapped way",
        "highway": "footway",
        "layer": "0",
        "bridge": "no",
        "tunnel": "no"
      },
      "geometry": {
        "type": "LineString",
        "coordinates": [
          [
            31.3382847,
            30.0489442
          ],
          [
            31.3382385,
            30.0489706
          ]
        ]
      }
    },
    {
      "type": "Feature",
      "properties": {
        "osm_way_id": "1226954799",
        "name": "Unnamed mapped way",
        "highway": "footway",
        "layer": "0",
        "bridge": "no",
        "tunnel": "no"
      },
      "geometry": {
        "type": "LineString",
        "coordinates": [
          [
            31.3380628,
            30.0491381
          ],
          [
            31.3380836,
            30.0491473
          ],
          [
            31.3381065,
            30.0491519
          ],
          [
            31.3381299,
            30.0491515
          ],
          [
            31.3381524,
            30.0491461
          ],
          [
            31.3381766,
            30.0491337
          ],
          [
            31.3381955,
            30.0491157
          ],
          [
            31.3382075,
            30.0490938
          ],
          [
            31.3382117,
            30.049071
          ],
          [
            31.3382084,
            30.0490481
          ],
          [
            31.3381979,
            30.0490269
          ],
          [
            31.338181,
            30.049009
          ]
        ]
      }
    },
    {
      "type": "Feature",
      "properties": {
        "osm_way_id": "1226954800",
        "name": "Unnamed mapped way",
        "highway": "footway",
        "layer": "0",
        "bridge": "no",
        "tunnel": "no"
      },
      "geometry": {
        "type": "LineString",
        "coordinates": [
          [
            31.3380628,
            30.0491381
          ],
          [
            31.3380521,
            30.049166
          ],
          [
            31.3380505,
            30.0491739
          ],
          [
            31.3380527,
            30.0491818
          ],
          [
            31.3380584,
            30.0491881
          ],
          [
            31.3380666,
            30.049192
          ],
          [
            31.3380809,
            30.0491957
          ],
          [
            31.3381015,
            30.0491998
          ],
          [
            31.3381279,
            30.0492021
          ],
          [
            31.3381571,
            30.0491981
          ],
          [
            31.3381758,
            30.0491917
          ],
          [
            31.3382095,
            30.049174
          ],
          [
            31.3382309,
            30.0491549
          ],
          [
            31.3382439,
            30.0491325
          ],
          [
            31.3382536,
            30.049115
          ],
          [
            31.338261,
            30.0490823
          ],
          [
            31.3382611,
            30.0490449
          ],
          [
            31.338261,
            30.0490427
          ],
          [
            31.3382615,
            30.0490401
          ],
          [
            31.3382628,
            30.0490378
          ],
          [
            31.3382647,
            30.0490358
          ],
          [
            31.3382672,
            30.0490344
          ],
          [
            31.3382706,
            30.0490318
          ],
          [
            31.3382728,
            30.0490274
          ],
          [
            31.3382737,
            30.0490232
          ],
          [
            31.3382719,
            30.0490176
          ],
          [
            31.3382385,
            30.0489706
          ],
          [
            31.338181,
            30.049009
          ],
          [
            31.3381506,
            30.0490295
          ],
          [
            31.3381232,
            30.049053
          ],
          [
            31.3380992,
            30.0490792
          ],
          [
            31.338079,
            30.0491077
          ],
          [
            31.3380628,
            30.0491381
          ]
        ]
      }
    },
    {
      "type": "Feature",
      "properties": {
        "osm_way_id": "1226954801",
        "name": "Unnamed mapped way",
        "highway": "footway",
        "layer": "0",
        "bridge": "no",
        "tunnel": "no"
      },
      "geometry": {
        "type": "LineString",
        "coordinates": [
          [
            31.3381279,
            30.0492021
          ],
          [
            31.3381416,
            30.049223
          ],
          [
            31.3381469,
            30.0492293
          ],
          [
            31.3381558,
            30.0492325
          ],
          [
            31.338165,
            30.0492313
          ],
          [
            31.3382083,
            30.049211
          ],
          [
            31.3382154,
            30.0492096
          ],
          [
            31.3382228,
            30.0492123
          ],
          [
            31.3382278,
            30.0492158
          ],
          [
            31.3382592,
            30.0492465
          ]
        ]
      }
    },
    {
      "type": "Feature",
      "properties": {
        "osm_way_id": "1226954802",
        "name": "Unnamed mapped way",
        "highway": "footway",
        "layer": "0",
        "bridge": "no",
        "tunnel": "no"
      },
      "geometry": {
        "type": "LineString",
        "coordinates": [
          [
            31.3381524,
            30.0491461
          ],
          [
            31.3381758,
            30.0491917
          ]
        ]
      }
    },
    {
      "type": "Feature",
      "properties": {
        "osm_way_id": "1226954803",
        "name": "Unnamed mapped way",
        "highway": "footway",
        "layer": "0",
        "bridge": "no",
        "tunnel": "no"
      },
      "geometry": {
        "type": "LineString",
        "coordinates": [
          [
            31.338147,
            30.0493049
          ],
          [
            31.338187,
            30.0492894
          ],
          [
            31.3382246,
            30.0492699
          ],
          [
            31.3382592,
            30.0492465
          ],
          [
            31.3382906,
            30.0492192
          ],
          [
            31.3383178,
            30.0491888
          ],
          [
            31.3383405,
            30.0491557
          ]
        ]
      }
    },
    {
      "type": "Feature",
      "properties": {
        "osm_way_id": "1226954804",
        "name": "Unnamed mapped way",
        "highway": "footway",
        "layer": "0",
        "bridge": "no",
        "tunnel": "no"
      },
      "geometry": {
        "type": "LineString",
        "coordinates": [
          [
            31.3351869,
            30.0486794
          ],
          [
            31.3352721,
            30.0487489
          ],
          [
            31.3353049,
            30.048884
          ]
        ]
      }
    },
    {
      "type": "Feature",
      "properties": {
        "osm_way_id": "1226954805",
        "name": "Unnamed mapped way",
        "highway": "footway",
        "layer": "0",
        "bridge": "no",
        "tunnel": "no"
      },
      "geometry": {
        "type": "LineString",
        "coordinates": [
          [
            31.3352014,
            30.0489182
          ],
          [
            31.3353049,
            30.048884
          ],
          [
            31.3353863,
            30.0488558
          ],
          [
            31.3354593,
            30.0488311
          ]
        ]
      }
    },
    {
      "type": "Feature",
      "properties": {
        "osm_way_id": "1226954806",
        "name": "Unnamed mapped way",
        "highway": "footway",
        "layer": "0",
        "bridge": "no",
        "tunnel": "no"
      },
      "geometry": {
        "type": "LineString",
        "coordinates": [
          [
            31.335336,
            30.0492571
          ],
          [
            31.3353863,
            30.0488558
          ]
        ]
      }
    },
    {
      "type": "Feature",
      "properties": {
        "osm_way_id": "1226954807",
        "name": "Unnamed mapped way",
        "highway": "footway",
        "layer": "0",
        "bridge": "no",
        "tunnel": "no"
      },
      "geometry": {
        "type": "LineString",
        "coordinates": [
          [
            31.3353557,
            30.0485509
          ],
          [
            31.3353861,
            30.0486826
          ],
          [
            31.3353928,
            30.0487114
          ],
          [
            31.3352721,
            30.0487489
          ]
        ]
      }
    },
    {
      "type": "Feature",
      "properties": {
        "osm_way_id": "1226954809",
        "name": "Unnamed mapped way",
        "highway": "footway",
        "layer": "0",
        "bridge": "no",
        "tunnel": "no"
      },
      "geometry": {
        "type": "LineString",
        "coordinates": [
          [
            31.3350477,
            30.0490227
          ],
          [
            31.3350632,
            30.0490099
          ],
          [
            31.3350834,
            30.0490038
          ],
          [
            31.3351047,
            30.0490053
          ],
          [
            31.3351234,
            30.0490141
          ],
          [
            31.3351364,
            30.0490288
          ],
          [
            31.3351414,
            30.0490468
          ],
          [
            31.3351375,
            30.049065
          ],
          [
            31.3351253,
            30.0490802
          ],
          [
            31.3351071,
            30.0490899
          ],
          [
            31.3350859,
            30.0490923
          ],
          [
            31.3350654,
            30.049087
          ],
          [
            31.3350492,
            30.049075
          ],
          [
            31.33504,
            30.0490582
          ],
          [
            31.3350395,
            30.0490397
          ],
          [
            31.3350477,
            30.0490227
          ]
        ]
      }
    },
    {
      "type": "Feature",
      "properties": {
        "osm_way_id": "1226954810",
        "name": "Unnamed mapped way",
        "highway": "footway",
        "layer": "0",
        "bridge": "no",
        "tunnel": "no"
      },
      "geometry": {
        "type": "LineString",
        "coordinates": [
          [
            31.3350196,
            30.0492571
          ],
          [
            31.3350345,
            30.0492826
          ],
          [
            31.3350421,
            30.0493105
          ],
          [
            31.3350419,
            30.0493391
          ],
          [
            31.3350341,
            30.049367
          ],
          [
            31.3350201,
            30.0493911
          ],
          [
            31.3350002,
            30.049412
          ],
          [
            31.3349755,
            30.0494285
          ],
          [
            31.3349473,
            30.04944
          ],
          [
            31.3349168,
            30.0494458
          ],
          [
            31.3348856,
            30.0494457
          ],
          [
            31.3348551,
            30.0494396
          ],
          [
            31.334827,
            30.0494279
          ],
          [
            31.3348025,
            30.0494111
          ],
          [
            31.3347829,
            30.04939
          ],
          [
            31.3347683,
            30.0493637
          ],
          [
            31.3347614,
            30.0493351
          ],
          [
            31.3347624,
            30.0493058
          ],
          [
            31.3347715,
            30.0492777
          ],
          [
            31.3347883,
            30.049252
          ],
          [
            31.3348117,
            30.0492305
          ],
          [
            31.3348403,
            30.0492145
          ],
          [
            31.3348725,
            30.0492049
          ],
          [
            31.3349065,
            30.0492023
          ],
          [
            31.3349402,
            30.0492068
          ],
          [
            31.3349716,
            30.0492182
          ],
          [
            31.3349983,
            30.0492352
          ],
          [
            31.3350196,
            30.0492571
          ]
        ]
      }
    },
    {
      "type": "Feature",
      "properties": {
        "osm_way_id": "1226954811",
        "name": "Unnamed mapped way",
        "highway": "footway",
        "layer": "0",
        "bridge": "no",
        "tunnel": "no"
      },
      "geometry": {
        "type": "LineString",
        "coordinates": [
          [
            31.3347829,
            30.04939
          ],
          [
            31.3347499,
            30.0494084
          ]
        ]
      }
    },
    {
      "type": "Feature",
      "properties": {
        "osm_way_id": "1226954812",
        "name": "Unnamed mapped way",
        "highway": "footway",
        "layer": "0",
        "bridge": "no",
        "tunnel": "no"
      },
      "geometry": {
        "type": "LineString",
        "coordinates": [
          [
            31.3349487,
            30.0492533
          ],
          [
            31.3349716,
            30.0492182
          ],
          [
            31.3350654,
            30.049087
          ]
        ]
      }
    },
    {
      "type": "Feature",
      "properties": {
        "osm_way_id": "1226954813",
        "name": "Unnamed mapped way",
        "highway": "footway",
        "layer": "0",
        "bridge": "no",
        "tunnel": "no"
      },
      "geometry": {
        "type": "LineString",
        "coordinates": [
          [
            31.3349841,
            30.0493453
          ],
          [
            31.3350341,
            30.049367
          ],
          [
            31.3350477,
            30.0493729
          ]
        ]
      }
    },
    {
      "type": "Feature",
      "properties": {
        "osm_way_id": "1226954814",
        "name": "Unnamed mapped way",
        "highway": "footway",
        "layer": "0",
        "bridge": "no",
        "tunnel": "no"
      },
      "geometry": {
        "type": "LineString",
        "coordinates": [
          [
            31.334664,
            30.0492402
          ],
          [
            31.3347715,
            30.0492777
          ],
          [
            31.3348277,
            30.049287
          ]
        ]
      }
    },
    {
      "type": "Feature",
      "properties": {
        "osm_way_id": "1226954815",
        "name": "Unnamed mapped way",
        "highway": "footway",
        "layer": "0",
        "bridge": "no",
        "tunnel": "no"
      },
      "geometry": {
        "type": "LineString",
        "coordinates": [
          [
            31.3348404,
            30.0492695
          ],
          [
            31.3348581,
            30.0492557
          ],
          [
            31.3348795,
            30.0492467
          ],
          [
            31.334903,
            30.0492432
          ],
          [
            31.3349267,
            30.0492455
          ],
          [
            31.3349487,
            30.0492533
          ],
          [
            31.3349718,
            30.0492705
          ],
          [
            31.3349864,
            30.0492936
          ],
          [
            31.3349907,
            30.0493196
          ],
          [
            31.3349841,
            30.0493453
          ],
          [
            31.33497,
            30.049365
          ],
          [
            31.3349495,
            30.04938
          ],
          [
            31.3349246,
            30.0493887
          ],
          [
            31.3348979,
            30.0493902
          ],
          [
            31.3348719,
            30.0493845
          ],
          [
            31.3348493,
            30.0493721
          ],
          [
            31.3348322,
            30.0493542
          ],
          [
            31.3348224,
            30.0493326
          ],
          [
            31.3348209,
            30.0493094
          ],
          [
            31.3348277,
            30.049287
          ],
          [
            31.3348404,
            30.0492695
          ]
        ]
      }
    },
    {
      "type": "Feature",
      "properties": {
        "osm_way_id": "1226954816",
        "name": "Unnamed mapped way",
        "highway": "footway",
        "layer": "0",
        "bridge": "no",
        "tunnel": "no"
      },
      "geometry": {
        "type": "LineString",
        "coordinates": [
          [
            31.3344713,
            30.0495495
          ],
          [
            31.3350496,
            30.0495959
          ]
        ]
      }
    },
    {
      "type": "Feature",
      "properties": {
        "osm_way_id": "1226954817",
        "name": "Unnamed mapped way",
        "highway": "service",
        "layer": "0",
        "bridge": "no",
        "tunnel": "no"
      },
      "geometry": {
        "type": "LineString",
        "coordinates": [
          [
            31.3368491,
            30.0467507
          ],
          [
            31.3368441,
            30.0467087
          ],
          [
            31.3368286,
            30.0466687
          ],
          [
            31.3368033,
            30.0466326
          ],
          [
            31.3367696,
            30.0466021
          ],
          [
            31.3367364,
            30.0465821
          ],
          [
            31.3366995,
            30.0465677
          ],
          [
            31.3366603,
            30.0465594
          ],
          [
            31.3348505,
            30.0463499
          ],
          [
            31.3348094,
            30.0463454
          ],
          [
            31.334773,
            30.0463481
          ],
          [
            31.3347391,
            30.04636
          ],
          [
            31.3347108,
            30.0463801
          ],
          [
            31.3346907,
            30.0464065
          ],
          [
            31.3346475,
            30.0464778
          ],
          [
            31.3346307,
            30.0465123
          ],
          [
            31.334617,
            30.0465477
          ],
          [
            31.3346062,
            30.0465839
          ],
          [
            31.334596,
            30.0466247
          ],
          [
            31.3343836,
            30.0481769
          ],
          [
            31.3343801,
            30.0482038
          ],
          [
            31.334382,
            30.0482308
          ],
          [
            31.334389,
            30.0482571
          ],
          [
            31.3344011,
            30.0482821
          ],
          [
            31.3344109,
            30.0482984
          ],
          [
            31.33442,
            30.0483126
          ],
          [
            31.3344281,
            30.0483275
          ],
          [
            31.3344336,
            30.0483424
          ],
          [
            31.3344295,
            30.0483907
          ],
          [
            31.3344243,
            30.0484121
          ],
          [
            31.33442,
            30.048431
          ],
          [
            31.3344071,
            30.0484544
          ],
          [
            31.334391,
            30.0484765
          ],
          [
            31.3343723,
            30.0484996
          ],
          [
            31.3343575,
            30.0485247
          ],
          [
            31.3343449,
            30.0485502
          ],
          [
            31.334334,
            30.0485798
          ],
          [
            31.3343261,
            30.0486109
          ],
          [
            31.3343182,
            30.0486455
          ],
          [
            31.3341893,
            30.0494148
          ]
        ]
      }
    },
    {
      "type": "Feature",
      "properties": {
        "osm_way_id": "1226954819",
        "name": "Unnamed mapped way",
        "highway": "footway",
        "layer": "0",
        "bridge": "no",
        "tunnel": "no"
      },
      "geometry": {
        "type": "LineString",
        "coordinates": [
          [
            31.3354616,
            30.0477378
          ],
          [
            31.3354238,
            30.0479132
          ],
          [
            31.3353109,
            30.0484541
          ]
        ]
      }
    },
    {
      "type": "Feature",
      "properties": {
        "osm_way_id": "1226954820",
        "name": "Unnamed mapped way",
        "highway": "footway",
        "layer": "0",
        "bridge": "no",
        "tunnel": "no"
      },
      "geometry": {
        "type": "LineString",
        "coordinates": [
          [
            31.3354506,
            30.0475169
          ],
          [
            31.3354674,
            30.0473543
          ]
        ]
      }
    },
    {
      "type": "Feature",
      "properties": {
        "osm_way_id": "1226954821",
        "name": "Unnamed mapped way",
        "highway": "footway",
        "layer": "0",
        "bridge": "no",
        "tunnel": "no"
      },
      "geometry": {
        "type": "LineString",
        "coordinates": [
          [
            31.3353037,
            30.0476001
          ],
          [
            31.3353186,
            30.0475695
          ],
          [
            31.3353432,
            30.047544
          ],
          [
            31.3353753,
            30.0475258
          ],
          [
            31.3354122,
            30.0475165
          ],
          [
            31.3354506,
            30.0475169
          ],
          [
            31.3354816,
            30.0475247
          ],
          [
            31.3355095,
            30.0475389
          ],
          [
            31.3355325,
            30.0475586
          ],
          [
            31.3355492,
            30.0475826
          ],
          [
            31.3355585,
            30.0476095
          ],
          [
            31.3355599,
            30.0476375
          ],
          [
            31.3355533,
            30.0476649
          ],
          [
            31.3355391,
            30.0476901
          ],
          [
            31.3355181,
            30.0477114
          ],
          [
            31.3354918,
            30.0477277
          ],
          [
            31.3354616,
            30.0477378
          ],
          [
            31.3354234,
            30.047741
          ],
          [
            31.3353857,
            30.0477345
          ],
          [
            31.3353519,
            30.0477187
          ],
          [
            31.3353249,
            30.0476952
          ],
          [
            31.335307,
            30.0476658
          ],
          [
            31.3352997,
            30.0476332
          ],
          [
            31.3353037,
            30.0476001
          ]
        ]
      }
    },
    {
      "type": "Feature",
      "properties": {
        "osm_way_id": "1226954822",
        "name": "Unnamed mapped way",
        "highway": "footway",
        "layer": "0",
        "bridge": "no",
        "tunnel": "no"
      },
      "geometry": {
        "type": "LineString",
        "coordinates": [
          [
            31.3354054,
            30.0470796
          ],
          [
            31.3354171,
            30.0470569
          ],
          [
            31.335438,
            30.0470397
          ],
          [
            31.3354649,
            30.0470308
          ],
          [
            31.3354937,
            30.0470315
          ],
          [
            31.3355199,
            30.0470417
          ],
          [
            31.3355397,
            30.0470598
          ],
          [
            31.33555,
            30.047083
          ],
          [
            31.3355492,
            30.0471079
          ],
          [
            31.3355375,
            30.0471307
          ],
          [
            31.3355166,
            30.0471478
          ],
          [
            31.3354897,
            30.0471567
          ],
          [
            31.3354609,
            30.047156
          ],
          [
            31.3354347,
            30.0471458
          ],
          [
            31.3354149,
            30.0471278
          ],
          [
            31.3354046,
            30.0471045
          ],
          [
            31.3354054,
            30.0470796
          ]
        ]
      }
    },
    {
      "type": "Feature",
      "properties": {
        "osm_way_id": "1226954823",
        "name": "Unnamed mapped way",
        "highway": "footway",
        "layer": "0",
        "bridge": "no",
        "tunnel": "no"
      },
      "geometry": {
        "type": "LineString",
        "coordinates": [
          [
            31.3354313,
            30.0473501
          ],
          [
            31.3354609,
            30.047156
          ]
        ]
      }
    },
    {
      "type": "Feature",
      "properties": {
        "osm_way_id": "1226958551",
        "name": "Unnamed mapped way",
        "highway": "footway",
        "layer": "0",
        "bridge": "no",
        "tunnel": "no"
      },
      "geometry": {
        "type": "LineString",
        "coordinates": [
          [
            31.3383504,
            30.0492114
          ],
          [
            31.3384386,
            30.0492043
          ]
        ]
      }
    },
    {
      "type": "Feature",
      "properties": {
        "osm_way_id": "1226958552",
        "name": "Unnamed mapped way",
        "highway": "footway",
        "layer": "0",
        "bridge": "no",
        "tunnel": "no"
      },
      "geometry": {
        "type": "LineString",
        "coordinates": [
          [
            31.3383267,
            30.0490541
          ],
          [
            31.3383869,
            30.0490426
          ],
          [
            31.3383961,
            30.0490416
          ],
          [
            31.3384044,
            30.0490429
          ],
          [
            31.3384114,
            30.0490469
          ],
          [
            31.3384162,
            30.049053
          ],
          [
            31.3384178,
            30.0490601
          ],
          [
            31.3384386,
            30.0492043
          ],
          [
            31.3384382,
            30.0492416
          ],
          [
            31.3384336,
            30.049268
          ],
          [
            31.338425,
            30.0492938
          ],
          [
            31.3384125,
            30.0493183
          ],
          [
            31.3383964,
            30.0493411
          ],
          [
            31.3383769,
            30.0493619
          ],
          [
            31.3383596,
            30.0493785
          ],
          [
            31.338329,
            30.049394
          ],
          [
            31.3382987,
            30.0494058
          ],
          [
            31.3382669,
            30.0494144
          ],
          [
            31.3382342,
            30.0494198
          ],
          [
            31.338201,
            30.0494217
          ],
          [
            31.3381677,
            30.0494201
          ],
          [
            31.3381121,
            30.0494125
          ],
          [
            31.3380987,
            30.0494073
          ],
          [
            31.338092,
            30.0493986
          ],
          [
            31.338092,
            30.0493841
          ],
          [
            31.3381055,
            30.0492833
          ]
        ]
      }
    },
    {
      "type": "Feature",
      "properties": {
        "osm_way_id": "1226958553",
        "name": "Unnamed mapped way",
        "highway": "footway",
        "layer": "0",
        "bridge": "no",
        "tunnel": "no"
      },
      "geometry": {
        "type": "LineString",
        "coordinates": [
          [
            31.3372224,
            30.0498982
          ],
          [
            31.3371843,
            30.0498487
          ],
          [
            31.3371424,
            30.0498014
          ],
          [
            31.3370881,
            30.0497486
          ],
          [
            31.3370646,
            30.0497246
          ],
          [
            31.3370472,
            30.0496969
          ],
          [
            31.3370408,
            30.0496819
          ],
          [
            31.3370372,
            30.049665
          ],
          [
            31.3370043,
            30.0494642
          ],
          [
            31.3370031,
            30.0494526
          ],
          [
            31.337005,
            30.049441
          ],
          [
            31.3370114,
            30.0494299
          ],
          [
            31.3370217,
            30.0494212
          ],
          [
            31.3370374,
            30.049415
          ],
          [
            31.3370479,
            30.0494032
          ],
          [
            31.3370506,
            30.049395
          ],
          [
            31.3370506,
            30.0493864
          ],
          [
            31.3370486,
            30.0493765
          ],
          [
            31.3370321,
            30.0493424
          ],
          [
            31.3370204,
            30.0493069
          ],
          [
            31.3370136,
            30.0492708
          ],
          [
            31.3370137,
            30.0492387
          ],
          [
            31.3370155,
            30.0492296
          ],
          [
            31.337022,
            30.0492223
          ],
          [
            31.3370317,
            30.0492185
          ],
          [
            31.3370423,
            30.0492189
          ],
          [
            31.3370856,
            30.0492206
          ]
        ]
      }
    },
    {
      "type": "Feature",
      "properties": {
        "osm_way_id": "1226958554",
        "name": "Unnamed mapped way",
        "highway": "footway",
        "layer": "0",
        "bridge": "no",
        "tunnel": "no"
      },
      "geometry": {
        "type": "LineString",
        "coordinates": [
          [
            31.3367492,
            30.0497945
          ],
          [
            31.3370408,
            30.0496819
          ]
        ]
      }
    },
    {
      "type": "Feature",
      "properties": {
        "osm_way_id": "1227102491",
        "name": "Unnamed mapped way",
        "highway": "footway",
        "layer": "0",
        "bridge": "no",
        "tunnel": "no"
      },
      "geometry": {
        "type": "LineString",
        "coordinates": [
          [
            31.3378359,
            30.0470275
          ],
          [
            31.3377261,
            30.0470187
          ]
        ]
      }
    },
    {
      "type": "Feature",
      "properties": {
        "osm_way_id": "1227102492",
        "name": "Unnamed mapped way",
        "highway": "footway",
        "layer": "0",
        "bridge": "no",
        "tunnel": "no"
      },
      "geometry": {
        "type": "LineString",
        "coordinates": [
          [
            31.337518,
            30.049439
          ],
          [
            31.3377412,
            30.0497613
          ],
          [
            31.3377709,
            30.0498017
          ],
          [
            31.3377902,
            30.0498465
          ],
          [
            31.3378014,
            30.0498961
          ]
        ]
      }
    },
    {
      "type": "Feature",
      "properties": {
        "osm_way_id": "1227102493",
        "name": "Unnamed mapped way",
        "highway": "footway",
        "layer": "0",
        "bridge": "no",
        "tunnel": "no"
      },
      "geometry": {
        "type": "LineString",
        "coordinates": [
          [
            31.3381015,
            30.0488083
          ],
          [
            31.3378969,
            30.049056
          ],
          [
            31.337892,
            30.0490593
          ],
          [
            31.337886,
            30.0490609
          ],
          [
            31.3378798,
            30.0490605
          ],
          [
            31.3378742,
            30.0490582
          ],
          [
            31.3378029,
            30.0490143
          ],
          [
            31.3377925,
            30.0490056
          ],
          [
            31.3377882,
            30.0489969
          ],
          [
            31.3377884,
            30.0489821
          ],
          [
            31.337787,
            30.0489556
          ],
          [
            31.3377809,
            30.0489296
          ],
          [
            31.3377702,
            30.0489047
          ],
          [
            31.337755,
            30.0488816
          ],
          [
            31.3377359,
            30.0488608
          ],
          [
            31.3376852,
            30.0488219
          ]
        ]
      }
    },
    {
      "type": "Feature",
      "properties": {
        "osm_way_id": "1227102495",
        "name": "Unnamed mapped way",
        "highway": "footway",
        "layer": "0",
        "bridge": "no",
        "tunnel": "no"
      },
      "geometry": {
        "type": "LineString",
        "coordinates": [
          [
            31.3370891,
            30.0493169
          ],
          [
            31.3372723,
            30.0492587
          ],
          [
            31.337291,
            30.0492516
          ],
          [
            31.3373081,
            30.0492418
          ],
          [
            31.337323,
            30.0492297
          ],
          [
            31.3373353,
            30.0492156
          ],
          [
            31.3373966,
            30.0491368
          ],
          [
            31.3374143,
            30.0491214
          ],
          [
            31.337425,
            30.0491153
          ],
          [
            31.3374411,
            30.0491061
          ],
          [
            31.3374741,
            30.0490945
          ],
          [
            31.3374985,
            30.0490915
          ],
          [
            31.3375401,
            30.0490892
          ],
          [
            31.3375679,
            30.0490921
          ],
          [
            31.3375961,
            30.049099
          ],
          [
            31.3379059,
            30.0491981
          ],
          [
            31.3381055,
            30.0492833
          ],
          [
            31.338147,
            30.0493049
          ],
          [
            31.3382072,
            30.0493365
          ],
          [
            31.3382356,
            30.0493479
          ],
          [
            31.338275,
            30.0493528
          ],
          [
            31.3383033,
            30.0493457
          ],
          [
            31.3383198,
            30.0493389
          ],
          [
            31.3383447,
            30.0493174
          ],
          [
            31.3383532,
            30.0492892
          ],
          [
            31.338357,
            30.049257
          ],
          [
            31.3383504,
            30.0492114
          ],
          [
            31.3383405,
            30.0491557
          ],
          [
            31.3383267,
            30.0490541
          ],
          [
            31.3383105,
            30.0489981
          ],
          [
            31.3383018,
            30.0489755
          ],
          [
            31.3382847,
            30.0489442
          ],
          [
            31.3382676,
            30.0489209
          ],
          [
            31.3382428,
            30.0488959
          ],
          [
            31.3382032,
            30.0488628
          ]
        ]
      }
    },
    {
      "type": "Feature",
      "properties": {
        "osm_way_id": "1227102497",
        "name": "Unnamed mapped way",
        "highway": "footway",
        "layer": "0",
        "bridge": "no",
        "tunnel": "no"
      },
      "geometry": {
        "type": "LineString",
        "coordinates": [
          [
            31.3381272,
            30.0506541
          ],
          [
            31.338265,
            30.05065
          ]
        ]
      }
    },
    {
      "type": "Feature",
      "properties": {
        "osm_way_id": "1227102498",
        "name": "Unnamed mapped way",
        "highway": "footway",
        "layer": "0",
        "bridge": "no",
        "tunnel": "no"
      },
      "geometry": {
        "type": "LineString",
        "coordinates": [
          [
            31.338021,
            30.0505328
          ],
          [
            31.3377412,
            30.050552
          ],
          [
            31.3377278,
            30.0505549
          ],
          [
            31.3377158,
            30.0505659
          ],
          [
            31.3377154,
            30.0505816
          ],
          [
            31.3377212,
            30.0506882
          ],
          [
            31.3377255,
            30.050701
          ],
          [
            31.3377379,
            30.0507103
          ],
          [
            31.3377581,
            30.0507149
          ],
          [
            31.3380474,
            30.0507058
          ],
          [
            31.3380657,
            30.0507045
          ],
          [
            31.338079,
            30.050703
          ],
          [
            31.3380942,
            30.0506987
          ],
          [
            31.3381075,
            30.0506909
          ],
          [
            31.3381179,
            30.0506804
          ],
          [
            31.3381246,
            30.0506678
          ],
          [
            31.3381272,
            30.0506541
          ],
          [
            31.3381268,
            30.0505992
          ],
          [
            31.3381235,
            30.0505803
          ],
          [
            31.3381138,
            30.0505638
          ],
          [
            31.3380958,
            30.0505472
          ],
          [
            31.3380727,
            30.0505362
          ],
          [
            31.3380468,
            30.0505318
          ],
          [
            31.338021,
            30.0505328
          ]
        ]
      }
    },
    {
      "type": "Feature",
      "properties": {
        "osm_way_id": "1227102499",
        "name": "Unnamed mapped way",
        "highway": "footway",
        "layer": "0",
        "bridge": "no",
        "tunnel": "no"
      },
      "geometry": {
        "type": "LineString",
        "coordinates": [
          [
            31.33678,
            30.0506444
          ],
          [
            31.3367266,
            30.0506226
          ],
          [
            31.336719,
            30.0506092
          ],
          [
            31.3367193,
            30.0505961
          ],
          [
            31.3367251,
            30.0505794
          ],
          [
            31.3367392,
            30.0505671
          ],
          [
            31.3367585,
            30.050562
          ],
          [
            31.3367737,
            30.0505655
          ],
          [
            31.3368186,
            30.0505961
          ],
          [
            31.336827,
            30.0506079
          ],
          [
            31.3368283,
            30.0506218
          ],
          [
            31.3368179,
            30.0506392
          ],
          [
            31.3368064,
            30.0506449
          ],
          [
            31.3367954,
            30.050647
          ],
          [
            31.33678,
            30.0506444
          ]
        ]
      }
    },
    {
      "type": "Feature",
      "properties": {
        "osm_way_id": "1227102500",
        "name": "Unnamed mapped way",
        "highway": "footway",
        "layer": "0",
        "bridge": "no",
        "tunnel": "no"
      },
      "geometry": {
        "type": "LineString",
        "coordinates": [
          [
            31.3368434,
            30.0506528
          ],
          [
            31.3368179,
            30.0506392
          ]
        ]
      }
    },
    {
      "type": "Feature",
      "properties": {
        "osm_way_id": "1227102501",
        "name": "Unnamed mapped way",
        "highway": "footway",
        "layer": "0",
        "bridge": "no",
        "tunnel": "no"
      },
      "geometry": {
        "type": "LineString",
        "coordinates": [
          [
            31.3368921,
            30.0506416
          ],
          [
            31.3368993,
            30.0506505
          ],
          [
            31.3369016,
            30.0506604
          ],
          [
            31.3368993,
            30.0506703
          ],
          [
            31.3368929,
            30.0506787
          ],
          [
            31.3368791,
            30.0506854
          ],
          [
            31.3368669,
            30.0506859
          ],
          [
            31.3368556,
            30.050682
          ],
          [
            31.3368466,
            30.0506742
          ],
          [
            31.3368423,
            30.0506638
          ],
          [
            31.3368434,
            30.0506528
          ],
          [
            31.3368518,
            30.0506414
          ],
          [
            31.3368657,
            30.0506353
          ],
          [
            31.3368813,
            30.050636
          ],
          [
            31.3368921,
            30.0506416
          ]
        ]
      }
    },
    {
      "type": "Feature",
      "properties": {
        "osm_way_id": "1227102502",
        "name": "Unnamed mapped way",
        "highway": "footway",
        "layer": "0",
        "bridge": "no",
        "tunnel": "no"
      },
      "geometry": {
        "type": "LineString",
        "coordinates": [
          [
            31.3370064,
            30.050746
          ],
          [
            31.3369666,
            30.0507224
          ]
        ]
      }
    },
    {
      "type": "Feature",
      "properties": {
        "osm_way_id": "1227102503",
        "name": "Unnamed mapped way",
        "highway": "footway",
        "layer": "0",
        "bridge": "no",
        "tunnel": "no"
      },
      "geometry": {
        "type": "LineString",
        "coordinates": [
          [
            31.3364358,
            30.0512561
          ],
          [
            31.3364514,
            30.0512781
          ],
          [
            31.3364759,
            30.0512926
          ],
          [
            31.3365052,
            30.0512973
          ],
          [
            31.3365341,
            30.0512913
          ],
          [
            31.3365577,
            30.0512756
          ],
          [
            31.3365719,
            30.0512529
          ],
          [
            31.3365742,
            30.0512272
          ],
          [
            31.3365642,
            30.051203
          ],
          [
            31.3365437,
            30.0511843
          ],
          [
            31.3365162,
            30.0511745
          ],
          [
            31.3364865,
            30.0511752
          ],
          [
            31.3364596,
            30.0511863
          ],
          [
            31.3364403,
            30.0512062
          ],
          [
            31.3364319,
            30.0512306
          ],
          [
            31.3364358,
            30.0512561
          ]
        ]
      }
    },
    {
      "type": "Feature",
      "properties": {
        "osm_way_id": "1227102504",
        "name": "Unnamed mapped way",
        "highway": "footway",
        "layer": "0",
        "bridge": "no",
        "tunnel": "no"
      },
      "geometry": {
        "type": "LineString",
        "coordinates": [
          [
            31.3356873,
            30.0499633
          ],
          [
            31.3354729,
            30.0500812
          ],
          [
            31.3351866,
            30.0502253
          ]
        ]
      }
    },
    {
      "type": "Feature",
      "properties": {
        "osm_way_id": "1227102505",
        "name": "Unnamed mapped way",
        "highway": "footway",
        "layer": "0",
        "bridge": "no",
        "tunnel": "no"
      },
      "geometry": {
        "type": "LineString",
        "coordinates": [
          [
            31.3351748,
            30.0502607
          ],
          [
            31.335259,
            30.0503732
          ]
        ]
      }
    },
    {
      "type": "Feature",
      "properties": {
        "osm_way_id": "1227102506",
        "name": "Unnamed mapped way",
        "highway": "footway",
        "layer": "0",
        "bridge": "no",
        "tunnel": "no"
      },
      "geometry": {
        "type": "LineString",
        "coordinates": [
          [
            31.3351067,
            30.0502302
          ],
          [
            31.3351458,
            30.0502084
          ],
          [
            31.3351658,
            30.0501973
          ],
          [
            31.3351866,
            30.0502253
          ],
          [
            31.3352017,
            30.0502458
          ],
          [
            31.3351748,
            30.0502607
          ],
          [
            31.3351426,
            30.0502786
          ],
          [
            31.3351067,
            30.0502302
          ]
        ]
      }
    },
    {
      "type": "Feature",
      "properties": {
        "osm_way_id": "1227102507",
        "name": "Unnamed mapped way",
        "highway": "footway",
        "layer": "0",
        "bridge": "no",
        "tunnel": "no"
      },
      "geometry": {
        "type": "LineString",
        "coordinates": [
          [
            31.3349396,
            30.0499352
          ],
          [
            31.3350557,
            30.0500839
          ],
          [
            31.3351458,
            30.0502084
          ]
        ]
      }
    },
    {
      "type": "Feature",
      "properties": {
        "osm_way_id": "1227102508",
        "name": "Unnamed mapped way",
        "highway": "footway",
        "layer": "0",
        "bridge": "no",
        "tunnel": "no"
      },
      "geometry": {
        "type": "LineString",
        "coordinates": [
          [
            31.3350557,
            30.0500839
          ],
          [
            31.3353554,
            30.0499211
          ],
          [
            31.3354729,
            30.0500812
          ],
          [
            31.3355634,
            30.0502062
          ]
        ]
      }
    },
    {
      "type": "Feature",
      "properties": {
        "osm_way_id": "1227102509",
        "name": "Unnamed mapped way",
        "highway": "footway",
        "layer": "0",
        "bridge": "no",
        "tunnel": "no"
      },
      "geometry": {
        "type": "LineString",
        "coordinates": [
          [
            31.3362741,
            30.0502636
          ],
          [
            31.3360214,
            30.0503287
          ],
          [
            31.3356974,
            30.0504118
          ],
          [
            31.3356721,
            30.0504146
          ],
          [
            31.3356476,
            30.0504085
          ],
          [
            31.3356292,
            30.0503951
          ],
          [
            31.3356157,
            30.0503713
          ],
          [
            31.3356141,
            30.0503493
          ],
          [
            31.3356228,
            30.0503286
          ],
          [
            31.3356403,
            30.0503125
          ],
          [
            31.3356637,
            30.0503039
          ],
          [
            31.3359996,
            30.0502331
          ],
          [
            31.3362505,
            30.0501787
          ],
          [
            31.3362652,
            30.0502123
          ],
          [
            31.3362759,
            30.0502367
          ],
          [
            31.336282,
            30.0502505
          ],
          [
            31.3362836,
            30.0502547
          ],
          [
            31.3362824,
            30.050259
          ],
          [
            31.336279,
            30.0502623
          ],
          [
            31.3362741,
            30.0502636
          ]
        ]
      }
    },
    {
      "type": "Feature",
      "properties": {
        "osm_way_id": "1227102511",
        "name": "Unnamed mapped way",
        "highway": "footway",
        "layer": "0",
        "bridge": "no",
        "tunnel": "no"
      },
      "geometry": {
        "type": "LineString",
        "coordinates": [
          [
            31.3359232,
            30.0500044
          ],
          [
            31.3359996,
            30.0502331
          ],
          [
            31.3360104,
            30.0502722
          ],
          [
            31.336017,
            30.0503024
          ],
          [
            31.3360214,
            30.0503287
          ],
          [
            31.3360297,
            30.0507083
          ]
        ]
      }
    },
    {
      "type": "Feature",
      "properties": {
        "osm_way_id": "1227102512",
        "name": "Unnamed mapped way",
        "highway": "footway",
        "layer": "0",
        "bridge": "no",
        "tunnel": "no"
      },
      "geometry": {
        "type": "LineString",
        "coordinates": [
          [
            31.3360137,
            30.0496697
          ],
          [
            31.3360559,
            30.0495543
          ]
        ]
      }
    },
    {
      "type": "Feature",
      "properties": {
        "osm_way_id": "1227102513",
        "name": "Unnamed mapped way",
        "highway": "footway",
        "layer": "0",
        "bridge": "no",
        "tunnel": "no"
      },
      "geometry": {
        "type": "LineString",
        "coordinates": [
          [
            31.3359888,
            30.0497774
          ],
          [
            31.3359868,
            30.0499678
          ]
        ]
      }
    },
    {
      "type": "Feature",
      "properties": {
        "osm_way_id": "1227102514",
        "name": "Unnamed mapped way",
        "highway": "footway",
        "layer": "0",
        "bridge": "no",
        "tunnel": "no"
      },
      "geometry": {
        "type": "LineString",
        "coordinates": [
          [
            31.3360371,
            30.0496808
          ],
          [
            31.3360532,
            30.0496993
          ],
          [
            31.3360591,
            30.0497218
          ],
          [
            31.3360539,
            30.0497444
          ],
          [
            31.3360384,
            30.0497633
          ],
          [
            31.3360153,
            30.0497749
          ],
          [
            31.3359888,
            30.0497774
          ],
          [
            31.3359684,
            30.0497725
          ],
          [
            31.335951,
            30.0497621
          ],
          [
            31.3359385,
            30.0497474
          ],
          [
            31.3359322,
            30.04973
          ],
          [
            31.3359329,
            30.0497117
          ],
          [
            31.3359404,
            30.0496946
          ],
          [
            31.335954,
            30.0496806
          ],
          [
            31.3359721,
            30.0496711
          ],
          [
            31.3359928,
            30.0496674
          ],
          [
            31.3360137,
            30.0496697
          ],
          [
            31.3360371,
            30.0496808
          ]
        ]
      }
    },
    {
      "type": "Feature",
      "properties": {
        "osm_way_id": "1227102515",
        "name": "Unnamed mapped way",
        "highway": "footway",
        "layer": "0",
        "bridge": "no",
        "tunnel": "no"
      },
      "geometry": {
        "type": "LineString",
        "coordinates": [
          [
            31.3356007,
            30.0494926
          ],
          [
            31.3356115,
            30.0493681
          ]
        ]
      }
    },
    {
      "type": "Feature",
      "properties": {
        "osm_way_id": "1227102516",
        "name": "Unnamed mapped way",
        "highway": "footway",
        "layer": "0",
        "bridge": "no",
        "tunnel": "no"
      },
      "geometry": {
        "type": "LineString",
        "coordinates": [
          [
            31.3358811,
            30.0495755
          ],
          [
            31.3358713,
            30.0496257
          ],
          [
            31.3358563,
            30.0496737
          ],
          [
            31.335841,
            30.0497108
          ],
          [
            31.3358228,
            30.0497468
          ],
          [
            31.3358097,
            30.0497863
          ],
          [
            31.3358027,
            30.0498269
          ],
          [
            31.3358025,
            30.0498784
          ],
          [
            31.3358121,
            30.0499291
          ],
          [
            31.3358408,
            30.0500071
          ]
        ]
      }
    },
    {
      "type": "Feature",
      "properties": {
        "osm_way_id": "1227102517",
        "name": "Unnamed mapped way",
        "highway": "footway",
        "layer": "0",
        "bridge": "no",
        "tunnel": "no"
      },
      "geometry": {
        "type": "LineString",
        "coordinates": [
          [
            31.3356262,
            30.0496465
          ],
          [
            31.3358014,
            30.0500205
          ]
        ]
      }
    },
    {
      "type": "Feature",
      "properties": {
        "osm_way_id": "1227102518",
        "name": "Unnamed mapped way",
        "highway": "footway",
        "layer": "0",
        "bridge": "no",
        "tunnel": "no"
      },
      "geometry": {
        "type": "LineString",
        "coordinates": [
          [
            31.335679,
            30.0496001
          ],
          [
            31.3358811,
            30.0495755
          ],
          [
            31.3360559,
            30.0495543
          ],
          [
            31.3362606,
            30.0495337
          ]
        ]
      }
    },
    {
      "type": "Feature",
      "properties": {
        "osm_way_id": "1227102519",
        "name": "Unnamed mapped way",
        "highway": "footway",
        "layer": "0",
        "bridge": "no",
        "tunnel": "no"
      },
      "geometry": {
        "type": "LineString",
        "coordinates": [
          [
            31.3356009,
            30.0496516
          ],
          [
            31.3354535,
            30.0496998
          ],
          [
            31.3353358,
            30.0497425
          ]
        ]
      }
    },
    {
      "type": "Feature",
      "properties": {
        "osm_way_id": "1227102520",
        "name": "Unnamed mapped way",
        "highway": "footway",
        "layer": "0",
        "bridge": "no",
        "tunnel": "no"
      },
      "geometry": {
        "type": "LineString",
        "coordinates": [
          [
            31.3353023,
            30.0494631
          ],
          [
            31.3353836,
            30.0493713
          ],
          [
            31.3353931,
            30.049361
          ],
          [
            31.3354045,
            30.049354
          ],
          [
            31.3354215,
            30.0493506
          ],
          [
            31.3354382,
            30.0493503
          ],
          [
            31.3356115,
            30.0493681
          ],
          [
            31.3357072,
            30.0493806
          ],
          [
            31.3357851,
            30.0493927
          ],
          [
            31.3358472,
            30.0494082
          ],
          [
            31.3359048,
            30.0494262
          ],
          [
            31.3359789,
            30.0494533
          ],
          [
            31.3360319,
            30.0494783
          ]
        ]
      }
    },
    {
      "type": "Feature",
      "properties": {
        "osm_way_id": "1227102521",
        "name": "Unnamed mapped way",
        "highway": "footway",
        "layer": "0",
        "bridge": "no",
        "tunnel": "no"
      },
      "geometry": {
        "type": "LineString",
        "coordinates": [
          [
            31.3356007,
            30.0494926
          ],
          [
            31.3356333,
            30.0495004
          ],
          [
            31.3356604,
            30.0495179
          ],
          [
            31.3356784,
            30.0495426
          ],
          [
            31.3356849,
            30.0495713
          ],
          [
            31.335679,
            30.0496001
          ],
          [
            31.3356583,
            30.0496282
          ],
          [
            31.3356262,
            30.0496465
          ],
          [
            31.3356138,
            30.0496498
          ],
          [
            31.3356009,
            30.0496516
          ],
          [
            31.3355684,
            30.0496491
          ],
          [
            31.335539,
            30.049637
          ],
          [
            31.3355163,
            30.0496168
          ],
          [
            31.335503,
            30.049591
          ],
          [
            31.335501,
            30.0495629
          ],
          [
            31.3355104,
            30.0495359
          ],
          [
            31.3355263,
            30.0495166
          ],
          [
            31.3355479,
            30.0495023
          ],
          [
            31.3355735,
            30.049494
          ],
          [
            31.3356007,
            30.0494926
          ]
        ]
      }
    },
    {
      "type": "Feature",
      "properties": {
        "osm_way_id": "1227102522",
        "name": "Unnamed mapped way",
        "highway": "footway",
        "layer": "0",
        "bridge": "no",
        "tunnel": "no"
      },
      "geometry": {
        "type": "LineString",
        "coordinates": [
          [
            31.3352612,
            30.0494478
          ],
          [
            31.3353023,
            30.0494631
          ],
          [
            31.3355104,
            30.0495359
          ]
        ]
      }
    },
    {
      "type": "Feature",
      "properties": {
        "osm_way_id": "1227102523",
        "name": "Unnamed mapped way",
        "highway": "footway",
        "layer": "1",
        "bridge": "yes",
        "tunnel": "no"
      },
      "geometry": {
        "type": "LineString",
        "coordinates": [
          [
            31.3350725,
            30.0493835
          ],
          [
            31.3352234,
            30.0494352
          ]
        ]
      }
    },
    {
      "type": "Feature",
      "properties": {
        "osm_way_id": "1227106103",
        "name": "Unnamed mapped way",
        "highway": "footway",
        "layer": "0",
        "bridge": "no",
        "tunnel": "no"
      },
      "geometry": {
        "type": "LineString",
        "coordinates": [
          [
            31.3382075,
            30.0490938
          ],
          [
            31.3382536,
            30.049115
          ]
        ]
      }
    },
    {
      "type": "Feature",
      "properties": {
        "osm_way_id": "1227106107",
        "name": "Unnamed mapped way",
        "highway": "footway",
        "layer": "0",
        "bridge": "no",
        "tunnel": "no"
      },
      "geometry": {
        "type": "LineString",
        "coordinates": [
          [
            31.3383198,
            30.0493389
          ],
          [
            31.3383596,
            30.0493785
          ]
        ]
      }
    },
    {
      "type": "Feature",
      "properties": {
        "osm_way_id": "1227106112",
        "name": "Unnamed mapped way",
        "highway": "footway",
        "layer": "0",
        "bridge": "no",
        "tunnel": "no"
      },
      "geometry": {
        "type": "LineString",
        "coordinates": [
          [
            31.337319,
            30.0489734
          ],
          [
            31.337425,
            30.0491153
          ]
        ]
      }
    },
    {
      "type": "Feature",
      "properties": {
        "osm_way_id": "1227106113",
        "name": "Unnamed mapped way",
        "highway": "footway",
        "layer": "0",
        "bridge": "no",
        "tunnel": "no"
      },
      "geometry": {
        "type": "LineString",
        "coordinates": [
          [
            31.3373932,
            30.0489354
          ],
          [
            31.3375401,
            30.0490892
          ]
        ]
      }
    },
    {
      "type": "Feature",
      "properties": {
        "osm_way_id": "1227108871",
        "name": "Unnamed mapped way",
        "highway": "footway",
        "layer": "0",
        "bridge": "no",
        "tunnel": "no"
      },
      "geometry": {
        "type": "LineString",
        "coordinates": [
          [
            31.3255264,
            30.0551273
          ],
          [
            31.3255962,
            30.0551344
          ]
        ]
      }
    },
    {
      "type": "Feature",
      "properties": {
        "osm_way_id": "1227108872",
        "name": "Unnamed mapped way",
        "highway": "steps",
        "layer": "0",
        "bridge": "no",
        "tunnel": "no"
      },
      "geometry": {
        "type": "LineString",
        "coordinates": [
          [
            31.3255192,
            30.0551743
          ],
          [
            31.3255264,
            30.0551273
          ]
        ]
      }
    },
    {
      "type": "Feature",
      "properties": {
        "osm_way_id": "1227108873",
        "name": "Unnamed mapped way",
        "highway": "footway",
        "layer": "0",
        "bridge": "no",
        "tunnel": "no"
      },
      "geometry": {
        "type": "LineString",
        "coordinates": [
          [
            31.3256015,
            30.0551061
          ],
          [
            31.3255962,
            30.0551344
          ],
          [
            31.3255901,
            30.0551823
          ],
          [
            31.3255192,
            30.0551743
          ],
          [
            31.3254088,
            30.0551639
          ],
          [
            31.3253771,
            30.0554157
          ],
          [
            31.3253679,
            30.0554896
          ]
        ]
      }
    },
    {
      "type": "Feature",
      "properties": {
        "osm_way_id": "1227108874",
        "name": "Unnamed mapped way",
        "highway": "steps",
        "layer": "0",
        "bridge": "no",
        "tunnel": "no"
      },
      "geometry": {
        "type": "LineString",
        "coordinates": [
          [
            31.3253679,
            30.0554896
          ],
          [
            31.3254001,
            30.0554926
          ]
        ]
      }
    },
    {
      "type": "Feature",
      "properties": {
        "osm_way_id": "1227108875",
        "name": "Unnamed mapped way",
        "highway": "footway",
        "layer": "0",
        "bridge": "no",
        "tunnel": "no"
      },
      "geometry": {
        "type": "LineString",
        "coordinates": [
          [
            31.3252747,
            30.0554102
          ],
          [
            31.3253193,
            30.0554126
          ],
          [
            31.3253771,
            30.0554157
          ]
        ]
      }
    },
    {
      "type": "Feature",
      "properties": {
        "osm_way_id": "1227108876",
        "name": "Unnamed mapped way",
        "highway": "footway",
        "layer": "0",
        "bridge": "no",
        "tunnel": "no"
      },
      "geometry": {
        "type": "LineString",
        "coordinates": [
          [
            31.325886,
            30.0547457
          ],
          [
            31.3258974,
            30.0546667
          ],
          [
            31.325903,
            30.0546149
          ],
          [
            31.3259201,
            30.054484
          ],
          [
            31.3259387,
            30.0543412
          ],
          [
            31.3259566,
            30.054204
          ],
          [
            31.3259655,
            30.0541357
          ]
        ]
      }
    },
    {
      "type": "Feature",
      "properties": {
        "osm_way_id": "1227108877",
        "name": "Unnamed mapped way",
        "highway": "footway",
        "layer": "0",
        "bridge": "no",
        "tunnel": "no"
      },
      "geometry": {
        "type": "LineString",
        "coordinates": [
          [
            31.3260663,
            30.0541464
          ],
          [
            31.3259655,
            30.0541357
          ],
          [
            31.3256445,
            30.0541017
          ]
        ]
      }
    },
    {
      "type": "Feature",
      "properties": {
        "osm_way_id": "1227108878",
        "name": "Unnamed mapped way",
        "highway": "footway",
        "layer": "0",
        "bridge": "no",
        "tunnel": "no"
      },
      "geometry": {
        "type": "LineString",
        "coordinates": [
          [
            31.3253976,
            30.0541433
          ],
          [
            31.3254518,
            30.0541492
          ],
          [
            31.3259566,
            30.054204
          ],
          [
            31.3260994,
            30.0542195
          ]
        ]
      }
    },
    {
      "type": "Feature",
      "properties": {
        "osm_way_id": "1227108880",
        "name": "Unnamed mapped way",
        "highway": "service",
        "layer": "0",
        "bridge": "no",
        "tunnel": "no"
      },
      "geometry": {
        "type": "LineString",
        "coordinates": [
          [
            31.325313,
            30.0546766
          ],
          [
            31.3253976,
            30.0541433
          ],
          [
            31.3254138,
            30.0540413
          ]
        ]
      }
    },
    {
      "type": "Feature",
      "properties": {
        "osm_way_id": "1227108881",
        "name": "Unnamed mapped way",
        "highway": "service",
        "layer": "0",
        "bridge": "no",
        "tunnel": "no"
      },
      "geometry": {
        "type": "LineString",
        "coordinates": [
          [
            31.3256404,
            30.052777
          ],
          [
            31.3259308,
            30.0528033
          ],
          [
            31.3259525,
            30.0528066
          ],
          [
            31.3259719,
            30.0528154
          ],
          [
            31.3259874,
            30.0528289
          ],
          [
            31.3259974,
            30.0528458
          ],
          [
            31.326001,
            30.0528646
          ],
          [
            31.3259999,
            30.0528811
          ],
          [
            31.3259844,
            30.0530089
          ]
        ]
      }
    },
    {
      "type": "Feature",
      "properties": {
        "osm_way_id": "1227108882",
        "name": "Unnamed mapped way",
        "highway": "footway",
        "layer": "0",
        "bridge": "no",
        "tunnel": "no"
      },
      "geometry": {
        "type": "LineString",
        "coordinates": [
          [
            31.325636,
            30.0529233
          ],
          [
            31.325495,
            30.0529176
          ]
        ]
      }
    },
    {
      "type": "Feature",
      "properties": {
        "osm_way_id": "1227108885",
        "name": "Unnamed mapped way",
        "highway": "footway",
        "layer": "0",
        "bridge": "no",
        "tunnel": "no"
      },
      "geometry": {
        "type": "LineString",
        "coordinates": [
          [
            31.3260704,
            30.0547689
          ],
          [
            31.3260598,
            30.0548506
          ],
          [
            31.3259528,
            30.0556081
          ],
          [
            31.3258831,
            30.0561019
          ],
          [
            31.3261573,
            30.0561284
          ],
          [
            31.3263277,
            30.0548805
          ],
          [
            31.3262335,
            30.05487
          ],
          [
            31.3260598,
            30.0548506
          ]
        ]
      }
    },
    {
      "type": "Feature",
      "properties": {
        "osm_way_id": "1227108886",
        "name": "Unnamed mapped way",
        "highway": "footway",
        "layer": "0",
        "bridge": "no",
        "tunnel": "no"
      },
      "geometry": {
        "type": "LineString",
        "coordinates": [
          [
            31.3250616,
            30.0560694
          ],
          [
            31.32476,
            30.056035
          ]
        ]
      }
    },
    {
      "type": "Feature",
      "properties": {
        "osm_way_id": "1227108891",
        "name": "Unnamed mapped way",
        "highway": "footway",
        "layer": "0",
        "bridge": "no",
        "tunnel": "no"
      },
      "geometry": {
        "type": "LineString",
        "coordinates": [
          [
            31.3257557,
            30.0559302
          ],
          [
            31.3257705,
            30.0560158
          ],
          [
            31.3258101,
            30.0560215
          ],
          [
            31.3257867,
            30.056201
          ],
          [
            31.3260745,
            30.0562292
          ],
          [
            31.3260361,
            30.0565234
          ],
          [
            31.3253086,
            30.0564523
          ],
          [
            31.3253137,
            30.0564128
          ],
          [
            31.3253322,
            30.0562714
          ],
          [
            31.3253456,
            30.0561685
          ]
        ]
      }
    },
    {
      "type": "Feature",
      "properties": {
        "osm_way_id": "1227108892",
        "name": "Unnamed mapped way",
        "highway": "footway",
        "layer": "0",
        "bridge": "no",
        "tunnel": "no"
      },
      "geometry": {
        "type": "LineString",
        "coordinates": [
          [
            31.325287,
            30.0553291
          ],
          [
            31.325149,
            30.0553118
          ]
        ]
      }
    },
    {
      "type": "Feature",
      "properties": {
        "osm_way_id": "1227108898",
        "name": "Unnamed mapped way",
        "highway": "service",
        "layer": "0",
        "bridge": "no",
        "tunnel": "no"
      },
      "geometry": {
        "type": "LineString",
        "coordinates": [
          [
            31.3256065,
            30.0525213
          ],
          [
            31.3255993,
            30.0525867
          ]
        ]
      }
    },
    {
      "type": "Feature",
      "properties": {
        "osm_way_id": "1227128466",
        "name": "Unnamed mapped way",
        "highway": "footway",
        "layer": "0",
        "bridge": "no",
        "tunnel": "no"
      },
      "geometry": {
        "type": "LineString",
        "coordinates": [
          [
            31.3356385,
            30.0492279
          ],
          [
            31.3356672,
            30.0491557
          ]
        ]
      }
    },
    {
      "type": "Feature",
      "properties": {
        "osm_way_id": "1227128467",
        "name": "Unnamed mapped way",
        "highway": "footway",
        "layer": "0",
        "bridge": "no",
        "tunnel": "no"
      },
      "geometry": {
        "type": "LineString",
        "coordinates": [
          [
            31.3358911,
            30.0492885
          ],
          [
            31.3359321,
            30.0491853
          ]
        ]
      }
    },
    {
      "type": "Feature",
      "properties": {
        "osm_way_id": "1227144889",
        "name": "Unnamed mapped way",
        "highway": "footway",
        "layer": "0",
        "bridge": "no",
        "tunnel": "no"
      },
      "geometry": {
        "type": "LineString",
        "coordinates": [
          [
            31.3267509,
            30.0530972
          ],
          [
            31.326731,
            30.053082
          ],
          [
            31.3267011,
            30.0530587
          ]
        ]
      }
    },
    {
      "type": "Feature",
      "properties": {
        "osm_way_id": "1227144890",
        "name": "Unnamed mapped way",
        "highway": "footway",
        "layer": "0",
        "bridge": "no",
        "tunnel": "no"
      },
      "geometry": {
        "type": "LineString",
        "coordinates": [
          [
            31.326672,
            30.0530863
          ],
          [
            31.326701,
            30.0531097
          ],
          [
            31.326731,
            30.053082
          ],
          [
            31.3267601,
            30.053055
          ],
          [
            31.3267304,
            30.053031
          ]
        ]
      }
    },
    {
      "type": "Feature",
      "properties": {
        "osm_way_id": "1227144891",
        "name": "Unnamed mapped way",
        "highway": "footway",
        "layer": "0",
        "bridge": "no",
        "tunnel": "no"
      },
      "geometry": {
        "type": "LineString",
        "coordinates": [
          [
            31.3269418,
            30.0531443
          ],
          [
            31.3267746,
            30.0531317
          ],
          [
            31.3267476,
            30.0531296
          ],
          [
            31.3267509,
            30.0530972
          ],
          [
            31.3267514,
            30.0530927
          ],
          [
            31.3267785,
            30.0530948
          ],
          [
            31.326945,
            30.0531075
          ]
        ]
      }
    },
    {
      "type": "Feature",
      "properties": {
        "osm_way_id": "1227144894",
        "name": "Unnamed mapped way",
        "highway": "footway",
        "layer": "0",
        "bridge": "no",
        "tunnel": "no"
      },
      "geometry": {
        "type": "LineString",
        "coordinates": [
          [
            31.3263575,
            30.0528174
          ],
          [
            31.3263381,
            30.0528011
          ],
          [
            31.326356,
            30.052785
          ],
          [
            31.326386,
            30.0527581
          ],
          [
            31.3264042,
            30.0527732
          ]
        ]
      }
    },
    {
      "type": "Feature",
      "properties": {
        "osm_way_id": "1227144898",
        "name": "Unnamed mapped way",
        "highway": "footway",
        "layer": "0",
        "bridge": "no",
        "tunnel": "no"
      },
      "geometry": {
        "type": "LineString",
        "coordinates": [
          [
            31.3263327,
            30.0525953
          ],
          [
            31.3263273,
            30.0526599
          ],
          [
            31.326323,
            30.0527568
          ]
        ]
      }
    },
    {
      "type": "Feature",
      "properties": {
        "osm_way_id": "1227144899",
        "name": "Unnamed mapped way",
        "highway": "footway",
        "layer": "0",
        "bridge": "no",
        "tunnel": "no"
      },
      "geometry": {
        "type": "LineString",
        "coordinates": [
          [
            31.3260425,
            30.054351
          ],
          [
            31.3260785,
            30.0543544
          ]
        ]
      }
    },
    {
      "type": "Feature",
      "properties": {
        "osm_way_id": "1227144900",
        "name": "Unnamed mapped way",
        "highway": "steps",
        "layer": "0",
        "bridge": "no",
        "tunnel": "no"
      },
      "geometry": {
        "type": "LineString",
        "coordinates": [
          [
            31.3260086,
            30.0543478
          ],
          [
            31.3260425,
            30.054351
          ]
        ]
      }
    },
    {
      "type": "Feature",
      "properties": {
        "osm_way_id": "1227144901",
        "name": "Unnamed mapped way",
        "highway": "footway",
        "layer": "0",
        "bridge": "no",
        "tunnel": "no"
      },
      "geometry": {
        "type": "LineString",
        "coordinates": [
          [
            31.3259387,
            30.0543412
          ],
          [
            31.3260086,
            30.0543478
          ]
        ]
      }
    },
    {
      "type": "Feature",
      "properties": {
        "osm_way_id": "1227144902",
        "name": "Unnamed mapped way",
        "highway": "footway",
        "layer": "0",
        "bridge": "no",
        "tunnel": "no"
      },
      "geometry": {
        "type": "LineString",
        "coordinates": [
          [
            31.3260221,
            30.0544909
          ],
          [
            31.3260569,
            30.0544933
          ]
        ]
      }
    },
    {
      "type": "Feature",
      "properties": {
        "osm_way_id": "1227144903",
        "name": "Unnamed mapped way",
        "highway": "steps",
        "layer": "0",
        "bridge": "no",
        "tunnel": "no"
      },
      "geometry": {
        "type": "LineString",
        "coordinates": [
          [
            31.3259912,
            30.0544888
          ],
          [
            31.3260221,
            30.0544909
          ]
        ]
      }
    },
    {
      "type": "Feature",
      "properties": {
        "osm_way_id": "1227144904",
        "name": "Unnamed mapped way",
        "highway": "footway",
        "layer": "0",
        "bridge": "no",
        "tunnel": "no"
      },
      "geometry": {
        "type": "LineString",
        "coordinates": [
          [
            31.3259201,
            30.054484
          ],
          [
            31.3259912,
            30.0544888
          ]
        ]
      }
    },
    {
      "type": "Feature",
      "properties": {
        "osm_way_id": "1227144905",
        "name": "Unnamed mapped way",
        "highway": "footway",
        "layer": "0",
        "bridge": "no",
        "tunnel": "no"
      },
      "geometry": {
        "type": "LineString",
        "coordinates": [
          [
            31.3261155,
            30.054116
          ],
          [
            31.3260994,
            30.0542195
          ],
          [
            31.3260785,
            30.0543544
          ],
          [
            31.3260569,
            30.0544933
          ],
          [
            31.3260358,
            30.0546292
          ],
          [
            31.3260274,
            30.0546815
          ],
          [
            31.3258974,
            30.0546667
          ],
          [
            31.3257793,
            30.0546537
          ],
          [
            31.3256289,
            30.0546372
          ],
          [
            31.3254694,
            30.0546196
          ]
        ]
      }
    },
    {
      "type": "Feature",
      "properties": {
        "osm_way_id": "1227144906",
        "name": "Unnamed mapped way",
        "highway": "footway",
        "layer": "0",
        "bridge": "no",
        "tunnel": "no"
      },
      "geometry": {
        "type": "LineString",
        "coordinates": [
          [
            31.3254003,
            30.0545604
          ],
          [
            31.3254752,
            30.0545685
          ],
          [
            31.3256339,
            30.0545857
          ],
          [
            31.3257855,
            30.0546022
          ],
          [
            31.325903,
            30.0546149
          ],
          [
            31.3260358,
            30.0546292
          ],
          [
            31.3261043,
            30.0546366
          ],
          [
            31.3261632,
            30.0542288
          ],
          [
            31.3261839,
            30.0540859
          ]
        ]
      }
    },
    {
      "type": "Feature",
      "properties": {
        "osm_way_id": "1227144930",
        "name": "Unnamed mapped way",
        "highway": "footway",
        "layer": "0",
        "bridge": "no",
        "tunnel": "no"
      },
      "geometry": {
        "type": "LineString",
        "coordinates": [
          [
            31.3261632,
            30.0542288
          ],
          [
            31.3262291,
            30.0542375
          ]
        ]
      }
    },
    {
      "type": "Feature",
      "properties": {
        "osm_way_id": "1227144931",
        "name": "Unnamed mapped way",
        "highway": "steps",
        "layer": "0",
        "bridge": "no",
        "tunnel": "no"
      },
      "geometry": {
        "type": "LineString",
        "coordinates": [
          [
            31.3258282,
            30.0555957
          ],
          [
            31.3258962,
            30.0556025
          ]
        ]
      }
    },
    {
      "type": "Feature",
      "properties": {
        "osm_way_id": "1227144933",
        "name": "Unnamed mapped way",
        "highway": "footway",
        "layer": "0",
        "bridge": "no",
        "tunnel": "no"
      },
      "geometry": {
        "type": "LineString",
        "coordinates": [
          [
            31.32505,
            30.0561351
          ],
          [
            31.3253456,
            30.0561685
          ],
          [
            31.3253758,
            30.0561715
          ]
        ]
      }
    },
    {
      "type": "Feature",
      "properties": {
        "osm_way_id": "1227144934",
        "name": "Unnamed mapped way",
        "highway": "footway",
        "layer": "0",
        "bridge": "no",
        "tunnel": "no"
      },
      "geometry": {
        "type": "LineString",
        "coordinates": [
          [
            31.3258997,
            30.0537034
          ],
          [
            31.3259391,
            30.0534151
          ]
        ]
      }
    },
    {
      "type": "Feature",
      "properties": {
        "osm_way_id": "1227144935",
        "name": "Unnamed mapped way",
        "highway": "footway",
        "layer": "0",
        "bridge": "no",
        "tunnel": "no"
      },
      "geometry": {
        "type": "LineString",
        "coordinates": [
          [
            31.3262849,
            30.05259
          ],
          [
            31.3262778,
            30.0526551
          ],
          [
            31.3262745,
            30.0527204
          ],
          [
            31.326323,
            30.0527568
          ],
          [
            31.326356,
            30.052785
          ],
          [
            31.3263756,
            30.0527997
          ]
        ]
      }
    },
    {
      "type": "Feature",
      "properties": {
        "osm_way_id": "1227144936",
        "name": "Unnamed mapped way",
        "highway": "footway",
        "layer": "0",
        "bridge": "no",
        "tunnel": "no"
      },
      "geometry": {
        "type": "LineString",
        "coordinates": [
          [
            31.3259844,
            30.0530089
          ],
          [
            31.3260377,
            30.0530135
          ],
          [
            31.3260303,
            30.0530771
          ],
          [
            31.3261696,
            30.0530891
          ],
          [
            31.3262076,
            30.0530534
          ],
          [
            31.3262227,
            30.0530378
          ],
          [
            31.3263642,
            30.0531506
          ],
          [
            31.3263793,
            30.0531384
          ]
        ]
      }
    },
    {
      "type": "Feature",
      "properties": {
        "osm_way_id": "1227144937",
        "name": "Unnamed mapped way",
        "highway": "footway",
        "layer": "0",
        "bridge": "no",
        "tunnel": "no"
      },
      "geometry": {
        "type": "LineString",
        "coordinates": [
          [
            31.3254518,
            30.0541492
          ],
          [
            31.3254003,
            30.0545604
          ],
          [
            31.325385,
            30.0546826
          ]
        ]
      }
    },
    {
      "type": "Feature",
      "properties": {
        "osm_way_id": "1227144938",
        "name": "Unnamed mapped way",
        "highway": "service",
        "layer": "0",
        "bridge": "no",
        "tunnel": "no"
      },
      "geometry": {
        "type": "LineString",
        "coordinates": [
          [
            31.3266237,
            30.0548256
          ],
          [
            31.3265372,
            30.0548176
          ]
        ]
      }
    },
    {
      "type": "Feature",
      "properties": {
        "osm_way_id": "1227144939",
        "name": "Unnamed mapped way",
        "highway": "service",
        "layer": "0",
        "bridge": "no",
        "tunnel": "no"
      },
      "geometry": {
        "type": "LineString",
        "coordinates": [
          [
            31.3263191,
            30.0555219
          ],
          [
            31.3264201,
            30.0548069
          ]
        ]
      }
    },
    {
      "type": "Feature",
      "properties": {
        "osm_way_id": "1227159636",
        "name": "Unnamed mapped way",
        "highway": "footway",
        "layer": "0",
        "bridge": "no",
        "tunnel": "no"
      },
      "geometry": {
        "type": "LineString",
        "coordinates": [
          [
            31.334605,
            30.050393
          ],
          [
            31.3346627,
            30.0504683
          ],
          [
            31.3346784,
            30.0504961
          ],
          [
            31.334679,
            30.0505221
          ],
          [
            31.3346634,
            30.0505444
          ],
          [
            31.3346364,
            30.0505558
          ],
          [
            31.3346066,
            30.0505528
          ],
          [
            31.3345833,
            30.0505364
          ],
          [
            31.3345476,
            30.0505016
          ]
        ]
      }
    },
    {
      "type": "Feature",
      "properties": {
        "osm_way_id": "1227159637",
        "name": "Unnamed mapped way",
        "highway": "footway",
        "layer": "0",
        "bridge": "no",
        "tunnel": "no"
      },
      "geometry": {
        "type": "LineString",
        "coordinates": [
          [
            31.3344214,
            30.0502053
          ],
          [
            31.3344097,
            30.0501709
          ],
          [
            31.3343916,
            30.0501388
          ],
          [
            31.3343675,
            30.0501098
          ],
          [
            31.3343381,
            30.0500847
          ]
        ]
      }
    },
    {
      "type": "Feature",
      "properties": {
        "osm_way_id": "1227159639",
        "name": "Unnamed mapped way",
        "highway": "footway",
        "layer": "0",
        "bridge": "no",
        "tunnel": "no"
      },
      "geometry": {
        "type": "LineString",
        "coordinates": [
          [
            31.3345084,
            30.0502356
          ],
          [
            31.3345169,
            30.0502562
          ],
          [
            31.334517,
            30.050278
          ],
          [
            31.3345088,
            30.0502986
          ],
          [
            31.3344931,
            30.0503157
          ],
          [
            31.3344727,
            30.050327
          ],
          [
            31.3344491,
            30.0503321
          ],
          [
            31.3344249,
            30.0503304
          ],
          [
            31.3344026,
            30.050322
          ],
          [
            31.3343846,
            30.050308
          ],
          [
            31.3343727,
            30.0502897
          ],
          [
            31.3343682,
            30.050269
          ],
          [
            31.3343715,
            30.0502482
          ],
          [
            31.3343823,
            30.0502294
          ],
          [
            31.3343996,
            30.0502146
          ],
          [
            31.3344214,
            30.0502053
          ],
          [
            31.3344464,
            30.0502026
          ],
          [
            31.334471,
            30.0502072
          ],
          [
            31.3344925,
            30.0502187
          ],
          [
            31.3345084,
            30.0502356
          ]
        ]
      }
    },
    {
      "type": "Feature",
      "properties": {
        "osm_way_id": "1227159640",
        "name": "Unnamed mapped way",
        "highway": "footway",
        "layer": "0",
        "bridge": "no",
        "tunnel": "no"
      },
      "geometry": {
        "type": "LineString",
        "coordinates": [
          [
            31.3344931,
            30.0503157
          ],
          [
            31.3345065,
            30.0503307
          ],
          [
            31.3345262,
            30.0503618
          ],
          [
            31.3345434,
            30.0503888
          ],
          [
            31.3345589,
            30.0504148
          ],
          [
            31.3345699,
            30.050446
          ],
          [
            31.3345664,
            30.0504768
          ],
          [
            31.3345476,
            30.0505016
          ],
          [
            31.3345274,
            30.0505235
          ],
          [
            31.3345008,
            30.0505393
          ],
          [
            31.3344699,
            30.0505475
          ],
          [
            31.3344376,
            30.0505475
          ],
          [
            31.3344067,
            30.0505393
          ],
          [
            31.33438,
            30.0505236
          ],
          [
            31.3343599,
            30.0505017
          ],
          [
            31.3343481,
            30.0504757
          ],
          [
            31.3343403,
            30.0504461
          ]
        ]
      }
    },
    {
      "type": "Feature",
      "properties": {
        "osm_way_id": "1227159641",
        "name": "Unnamed mapped way",
        "highway": "footway",
        "layer": "0",
        "bridge": "no",
        "tunnel": "no"
      },
      "geometry": {
        "type": "LineString",
        "coordinates": [
          [
            31.3346633,
            30.0503654
          ],
          [
            31.334605,
            30.050393
          ],
          [
            31.3345589,
            30.0504148
          ]
        ]
      }
    },
    {
      "type": "Feature",
      "properties": {
        "osm_way_id": "1227159655",
        "name": "Unnamed mapped way",
        "highway": "footway",
        "layer": "0",
        "bridge": "no",
        "tunnel": "no"
      },
      "geometry": {
        "type": "LineString",
        "coordinates": [
          [
            31.3366951,
            30.0474695
          ],
          [
            31.3366972,
            30.0473634
          ],
          [
            31.3367679,
            30.0473644
          ],
          [
            31.3367661,
            30.0474286
          ],
          [
            31.3367658,
            30.0474706
          ],
          [
            31.3366951,
            30.0474695
          ]
        ]
      }
    },
    {
      "type": "Feature",
      "properties": {
        "osm_way_id": "1227159656",
        "name": "Unnamed mapped way",
        "highway": "footway",
        "layer": "0",
        "bridge": "no",
        "tunnel": "no"
      },
      "geometry": {
        "type": "LineString",
        "coordinates": [
          [
            31.3369699,
            30.0474287
          ],
          [
            31.336838,
            30.0474288
          ]
        ]
      }
    },
    {
      "type": "Feature",
      "properties": {
        "osm_way_id": "1227307475",
        "name": "Unnamed mapped way",
        "highway": "footway",
        "layer": "0",
        "bridge": "no",
        "tunnel": "no"
      },
      "geometry": {
        "type": "LineString",
        "coordinates": [
          [
            31.3363722,
            30.0475958
          ],
          [
            31.3363441,
            30.0476063
          ],
          [
            31.3363208,
            30.0476177
          ],
          [
            31.3362972,
            30.0476332
          ],
          [
            31.3362414,
            30.047675
          ],
          [
            31.3362336,
            30.0476834
          ],
          [
            31.3362296,
            30.0476936
          ],
          [
            31.33623,
            30.0477044
          ],
          [
            31.3362337,
            30.0477144
          ],
          [
            31.3362366,
            30.0477232
          ],
          [
            31.3362392,
            30.0477319
          ],
          [
            31.3362419,
            30.0477426
          ],
          [
            31.3362411,
            30.0477522
          ],
          [
            31.3362385,
            30.0477644
          ],
          [
            31.3362311,
            30.0477757
          ],
          [
            31.3362187,
            30.0477879
          ],
          [
            31.3361956,
            30.0478046
          ],
          [
            31.3361854,
            30.0478147
          ],
          [
            31.3361769,
            30.0478261
          ],
          [
            31.3361692,
            30.0478447
          ],
          [
            31.3361661,
            30.0478566
          ],
          [
            31.336162,
            30.0478759
          ],
          [
            31.3361537,
            30.0479223
          ],
          [
            31.3361517,
            30.0479397
          ],
          [
            31.3361502,
            30.0479588
          ],
          [
            31.3361426,
            30.0479818
          ],
          [
            31.3361362,
            30.0480082
          ],
          [
            31.3361356,
            30.0480395
          ],
          [
            31.3361403,
            30.0480575
          ],
          [
            31.3361489,
            30.048077
          ],
          [
            31.33616,
            30.0480976
          ],
          [
            31.3361728,
            30.0481161
          ],
          [
            31.3361916,
            30.0481405
          ],
          [
            31.336207,
            30.0481628
          ],
          [
            31.3362238,
            30.0481925
          ],
          [
            31.3362331,
            30.0482212
          ],
          [
            31.3362371,
            30.0482432
          ],
          [
            31.3362383,
            30.0482787
          ],
          [
            31.3362385,
            30.0482966
          ]
        ]
      }
    },
    {
      "type": "Feature",
      "properties": {
        "osm_way_id": "1227307476",
        "name": "Unnamed mapped way",
        "highway": "footway",
        "layer": "0",
        "bridge": "no",
        "tunnel": "no"
      },
      "geometry": {
        "type": "LineString",
        "coordinates": [
          [
            31.3361868,
            30.0476306
          ],
          [
            31.3361819,
            30.0476622
          ],
          [
            31.3361801,
            30.0476751
          ],
          [
            31.3361809,
            30.0476893
          ],
          [
            31.3361821,
            30.0477011
          ],
          [
            31.3361852,
            30.0477151
          ],
          [
            31.3361898,
            30.0477353
          ],
          [
            31.33619,
            30.0477427
          ],
          [
            31.3361863,
            30.0477508
          ],
          [
            31.3361792,
            30.0477578
          ],
          [
            31.3361685,
            30.0477649
          ],
          [
            31.3361564,
            30.0477725
          ],
          [
            31.3361473,
            30.0477816
          ],
          [
            31.336141,
            30.0477904
          ],
          [
            31.3361369,
            30.0477983
          ],
          [
            31.3361319,
            30.0478108
          ],
          [
            31.3361097,
            30.0478821
          ],
          [
            31.3361045,
            30.0478978
          ],
          [
            31.3360985,
            30.0479125
          ],
          [
            31.336089,
            30.0479257
          ],
          [
            31.3360799,
            30.0479356
          ],
          [
            31.3360724,
            30.0479442
          ],
          [
            31.3360668,
            30.0479536
          ],
          [
            31.3360659,
            30.0479623
          ],
          [
            31.3360669,
            30.0479709
          ],
          [
            31.3360703,
            30.0479794
          ],
          [
            31.3360763,
            30.0479925
          ],
          [
            31.3360809,
            30.0480024
          ],
          [
            31.3360835,
            30.0480117
          ],
          [
            31.3360852,
            30.0480241
          ],
          [
            31.3360857,
            30.0480471
          ],
          [
            31.3360867,
            30.0480659
          ],
          [
            31.3360895,
            30.048081
          ],
          [
            31.3360963,
            30.0480975
          ],
          [
            31.3361047,
            30.048116
          ],
          [
            31.3361124,
            30.0481322
          ],
          [
            31.3361302,
            30.0481566
          ],
          [
            31.3361483,
            30.0481757
          ],
          [
            31.3361631,
            30.0481948
          ],
          [
            31.3361721,
            30.0482087
          ],
          [
            31.3361782,
            30.0482224
          ],
          [
            31.3361846,
            30.0482444
          ],
          [
            31.3361863,
            30.0482667
          ],
          [
            31.3361872,
            30.0482836
          ],
          [
            31.3361872,
            30.0483039
          ],
          [
            31.3361866,
            30.0483114
          ],
          [
            31.3361842,
            30.0483176
          ],
          [
            31.3361794,
            30.0483244
          ],
          [
            31.3361721,
            30.0483308
          ],
          [
            31.3361621,
            30.0483384
          ],
          [
            31.3361574,
            30.0483422
          ],
          [
            31.3361524,
            30.0483486
          ],
          [
            31.3361327,
            30.0483778
          ],
          [
            31.3361165,
            30.048408
          ],
          [
            31.3361087,
            30.0484282
          ],
          [
            31.3361037,
            30.0484492
          ],
          [
            31.3361014,
            30.0484704
          ],
          [
            31.3361,
            30.0484889
          ],
          [
            31.3361001,
            30.0485149
          ]
        ]
      }
    },
    {
      "type": "Feature",
      "properties": {
        "osm_way_id": "1227307477",
        "name": "Unnamed mapped way",
        "highway": "footway",
        "layer": "1",
        "bridge": "yes",
        "tunnel": "no"
      },
      "geometry": {
        "type": "LineString",
        "coordinates": [
          [
            31.3360731,
            30.0479544
          ],
          [
            31.3361447,
            30.0479595
          ]
        ]
      }
    },
    {
      "type": "Feature",
      "properties": {
        "osm_way_id": "1227307479",
        "name": "Unnamed mapped way",
        "highway": "footway",
        "layer": "0",
        "bridge": "no",
        "tunnel": "no"
      },
      "geometry": {
        "type": "LineString",
        "coordinates": [
          [
            31.3359005,
            30.0477006
          ],
          [
            31.3359469,
            30.0477239
          ],
          [
            31.3359616,
            30.0477356
          ],
          [
            31.3359721,
            30.0477502
          ],
          [
            31.3359776,
            30.0477668
          ],
          [
            31.3359777,
            30.047784
          ],
          [
            31.3359725,
            30.0478006
          ],
          [
            31.3359646,
            30.0478304
          ],
          [
            31.3359417,
            30.0479165
          ],
          [
            31.3359387,
            30.0479274
          ],
          [
            31.3359418,
            30.0479381
          ],
          [
            31.3359503,
            30.0479465
          ],
          [
            31.3359623,
            30.0479505
          ],
          [
            31.3360668,
            30.0479536
          ],
          [
            31.3360731,
            30.0479544
          ]
        ]
      }
    },
    {
      "type": "Feature",
      "properties": {
        "osm_way_id": "1227307480",
        "name": "Unnamed mapped way",
        "highway": "footway",
        "layer": "0",
        "bridge": "no",
        "tunnel": "no"
      },
      "geometry": {
        "type": "LineString",
        "coordinates": [
          [
            31.335943,
            30.0475307
          ],
          [
            31.3361072,
            30.0475451
          ]
        ]
      }
    },
    {
      "type": "Feature",
      "properties": {
        "osm_way_id": "1227307481",
        "name": "Unnamed mapped way",
        "highway": "footway",
        "layer": "0",
        "bridge": "no",
        "tunnel": "no"
      },
      "geometry": {
        "type": "LineString",
        "coordinates": [
          [
            31.3361995,
            30.0475605
          ],
          [
            31.3362076,
            30.0475784
          ],
          [
            31.336208,
            30.0475976
          ],
          [
            31.3362008,
            30.0476157
          ],
          [
            31.3361868,
            30.0476306
          ],
          [
            31.3361674,
            30.0476405
          ],
          [
            31.3361453,
            30.047644
          ],
          [
            31.3361231,
            30.0476405
          ],
          [
            31.3361038,
            30.0476305
          ],
          [
            31.3360896,
            30.0476154
          ],
          [
            31.3360825,
            30.0475969
          ],
          [
            31.3360833,
            30.0475774
          ],
          [
            31.3360919,
            30.0475594
          ],
          [
            31.3361072,
            30.0475451
          ],
          [
            31.3361379,
            30.0475345
          ],
          [
            31.3361628,
            30.0475363
          ],
          [
            31.3361849,
            30.0475461
          ],
          [
            31.3361995,
            30.0475605
          ]
        ]
      }
    },
    {
      "type": "Feature",
      "properties": {
        "osm_way_id": "1227307498",
        "name": "Unnamed mapped way",
        "highway": "steps",
        "layer": "0",
        "bridge": "no",
        "tunnel": "no"
      },
      "geometry": {
        "type": "LineString",
        "coordinates": [
          [
            31.3370785,
            30.0486544
          ],
          [
            31.3370869,
            30.0486012
          ]
        ]
      }
    },
    {
      "type": "Feature",
      "properties": {
        "osm_way_id": "1227307499",
        "name": "Unnamed mapped way",
        "highway": "footway",
        "layer": "0",
        "bridge": "no",
        "tunnel": "no"
      },
      "geometry": {
        "type": "LineString",
        "coordinates": [
          [
            31.3370683,
            30.0487047
          ],
          [
            31.3370785,
            30.0486544
          ],
          [
            31.3371407,
            30.0486435
          ],
          [
            31.3371576,
            30.0486723
          ]
        ]
      }
    },
    {
      "type": "Feature",
      "properties": {
        "osm_way_id": "1227307501",
        "name": "Unnamed mapped way",
        "highway": "footway",
        "layer": "0",
        "bridge": "no",
        "tunnel": "no"
      },
      "geometry": {
        "type": "LineString",
        "coordinates": [
          [
            31.3370902,
            30.0484702
          ],
          [
            31.3370948,
            30.0485205
          ]
        ]
      }
    },
    {
      "type": "Feature",
      "properties": {
        "osm_way_id": "1227307503",
        "name": "Unnamed mapped way",
        "highway": "footway",
        "layer": "0",
        "bridge": "no",
        "tunnel": "no"
      },
      "geometry": {
        "type": "LineString",
        "coordinates": [
          [
            31.3370542,
            30.0487293
          ],
          [
            31.3369985,
            30.048719
          ],
          [
            31.3369627,
            30.0487141
          ],
          [
            31.3369264,
            30.0487162
          ],
          [
            31.3368916,
            30.0487251
          ]
        ]
      }
    },
    {
      "type": "Feature",
      "properties": {
        "osm_way_id": "1227307504",
        "name": "Unnamed mapped way",
        "highway": "footway",
        "layer": "0",
        "bridge": "no",
        "tunnel": "no"
      },
      "geometry": {
        "type": "LineString",
        "coordinates": [
          [
            31.3372229,
            30.0487089
          ],
          [
            31.3372339,
            30.04873
          ],
          [
            31.3372376,
            30.0487528
          ],
          [
            31.3372337,
            30.0487756
          ],
          [
            31.3372225,
            30.0487966
          ],
          [
            31.337205,
            30.048814
          ],
          [
            31.3371825,
            30.0488264
          ],
          [
            31.3371569,
            30.0488328
          ],
          [
            31.3371302,
            30.0488327
          ],
          [
            31.3370999,
            30.0488241
          ],
          [
            31.3370747,
            30.0488071
          ],
          [
            31.3370575,
            30.0487838
          ],
          [
            31.3370504,
            30.0487568
          ],
          [
            31.3370542,
            30.0487293
          ],
          [
            31.3370683,
            30.0487047
          ],
          [
            31.3370859,
            30.0486889
          ],
          [
            31.3371077,
            30.0486777
          ],
          [
            31.3371322,
            30.0486721
          ],
          [
            31.3371576,
            30.0486723
          ],
          [
            31.3371831,
            30.0486789
          ],
          [
            31.3372055,
            30.0486914
          ],
          [
            31.3372229,
            30.0487089
          ]
        ]
      }
    },
    {
      "type": "Feature",
      "properties": {
        "osm_way_id": "1227307505",
        "name": "Unnamed mapped way",
        "highway": "footway",
        "layer": "0",
        "bridge": "no",
        "tunnel": "no"
      },
      "geometry": {
        "type": "LineString",
        "coordinates": [
          [
            31.3372698,
            30.0490062
          ],
          [
            31.337252,
            30.0489858
          ],
          [
            31.3371302,
            30.0488327
          ]
        ]
      }
    },
    {
      "type": "Feature",
      "properties": {
        "osm_way_id": "1227324089",
        "name": "Unnamed mapped way",
        "highway": "footway",
        "layer": "0",
        "bridge": "no",
        "tunnel": "no"
      },
      "geometry": {
        "type": "LineString",
        "coordinates": [
          [
            31.3362559,
            30.0483656
          ],
          [
            31.3362709,
            30.0483631
          ],
          [
            31.3363038,
            30.0483571
          ],
          [
            31.3363348,
            30.0483555
          ],
          [
            31.3363718,
            30.0483594
          ],
          [
            31.3364266,
            30.0483685
          ],
          [
            31.3364453,
            30.0483748
          ],
          [
            31.3364613,
            30.0483852
          ],
          [
            31.3364735,
            30.0483989
          ],
          [
            31.3364809,
            30.0484151
          ],
          [
            31.3364848,
            30.0484309
          ],
          [
            31.3365292,
            30.0486089
          ]
        ]
      }
    },
    {
      "type": "Feature",
      "properties": {
        "osm_way_id": "1227324091",
        "name": "Unnamed mapped way",
        "highway": "footway",
        "layer": "0",
        "bridge": "no",
        "tunnel": "no"
      },
      "geometry": {
        "type": "LineString",
        "coordinates": [
          [
            31.3356647,
            30.0481617
          ],
          [
            31.3360854,
            30.048366
          ],
          [
            31.3361014,
            30.0483718
          ],
          [
            31.3361145,
            30.0483759
          ],
          [
            31.3361327,
            30.0483778
          ],
          [
            31.3361516,
            30.0483782
          ]
        ]
      }
    },
    {
      "type": "Feature",
      "properties": {
        "osm_way_id": "1227360888",
        "name": "Unnamed mapped way",
        "highway": "footway",
        "layer": "0",
        "bridge": "no",
        "tunnel": "no"
      },
      "geometry": {
        "type": "LineString",
        "coordinates": [
          [
            31.3381257,
            30.0483377
          ],
          [
            31.3381442,
            30.0483162
          ],
          [
            31.3381694,
            30.0483007
          ],
          [
            31.3381974,
            30.0482929
          ],
          [
            31.3382268,
            30.0482925
          ],
          [
            31.338255,
            30.0482997
          ],
          [
            31.3382796,
            30.0483136
          ],
          [
            31.3383022,
            30.0483391
          ],
          [
            31.3383123,
            30.0483701
          ],
          [
            31.3383086,
            30.048402
          ],
          [
            31.3382916,
            30.0484306
          ],
          [
            31.3382738,
            30.0484454
          ],
          [
            31.3382337,
            30.0484617
          ],
          [
            31.3382017,
            30.0484629
          ],
          [
            31.3381709,
            30.0484552
          ],
          [
            31.3381445,
            30.0484394
          ],
          [
            31.3381254,
            30.0484171
          ],
          [
            31.3381154,
            30.0483908
          ],
          [
            31.3381157,
            30.048363
          ],
          [
            31.3381257,
            30.0483377
          ]
        ]
      }
    },
    {
      "type": "Feature",
      "properties": {
        "osm_way_id": "1227360889",
        "name": "Unnamed mapped way",
        "highway": "footway",
        "layer": "0",
        "bridge": "no",
        "tunnel": "no"
      },
      "geometry": {
        "type": "LineString",
        "coordinates": [
          [
            31.3382796,
            30.0483136
          ],
          [
            31.3384081,
            30.0483213
          ]
        ]
      }
    },
    {
      "type": "Feature",
      "properties": {
        "osm_way_id": "1227360890",
        "name": "Unnamed mapped way",
        "highway": "footway",
        "layer": "0",
        "bridge": "no",
        "tunnel": "no"
      },
      "geometry": {
        "type": "LineString",
        "coordinates": [
          [
            31.3381157,
            30.048363
          ],
          [
            31.3380584,
            30.0484614
          ],
          [
            31.3380263,
            30.0485235
          ]
        ]
      }
    },
    {
      "type": "Feature",
      "properties": {
        "osm_way_id": "1227360891",
        "name": "Unnamed mapped way",
        "highway": "footway",
        "layer": "0",
        "bridge": "no",
        "tunnel": "no"
      },
      "geometry": {
        "type": "LineString",
        "coordinates": [
          [
            31.337869,
            30.0482117
          ],
          [
            31.3378004,
            30.0482777
          ]
        ]
      }
    },
    {
      "type": "Feature",
      "properties": {
        "osm_way_id": "1227360892",
        "name": "Unnamed mapped way",
        "highway": "footway",
        "layer": "0",
        "bridge": "no",
        "tunnel": "no"
      },
      "geometry": {
        "type": "LineString",
        "coordinates": [
          [
            31.3373537,
            30.0477832
          ],
          [
            31.3372688,
            30.0477608
          ],
          [
            31.3372423,
            30.0477498
          ],
          [
            31.3372117,
            30.0477404
          ],
          [
            31.3371793,
            30.0477376
          ],
          [
            31.337147,
            30.0477416
          ],
          [
            31.3371168,
            30.0477523
          ]
        ]
      }
    },
    {
      "type": "Feature",
      "properties": {
        "osm_way_id": "1227360893",
        "name": "Unnamed mapped way",
        "highway": "footway",
        "layer": "0",
        "bridge": "no",
        "tunnel": "no"
      },
      "geometry": {
        "type": "LineString",
        "coordinates": [
          [
            31.3373667,
            30.0478191
          ],
          [
            31.3373142,
            30.047849
          ],
          [
            31.33729,
            30.0478721
          ],
          [
            31.337275,
            30.0479003
          ],
          [
            31.3372704,
            30.0479312
          ]
        ]
      }
    },
    {
      "type": "Feature",
      "properties": {
        "osm_way_id": "1227360894",
        "name": "Unnamed mapped way",
        "highway": "footway",
        "layer": "0",
        "bridge": "no",
        "tunnel": "no"
      },
      "geometry": {
        "type": "LineString",
        "coordinates": [
          [
            31.3375015,
            30.0478002
          ],
          [
            31.3374838,
            30.0477917
          ]
        ]
      }
    },
    {
      "type": "Feature",
      "properties": {
        "osm_way_id": "1227360895",
        "name": "Unnamed mapped way",
        "highway": "footway",
        "layer": "0",
        "bridge": "no",
        "tunnel": "no"
      },
      "geometry": {
        "type": "LineString",
        "coordinates": [
          [
            31.3379226,
            30.0480927
          ],
          [
            31.3376282,
            30.0479282
          ]
        ]
      }
    },
    {
      "type": "Feature",
      "properties": {
        "osm_way_id": "1227360896",
        "name": "Unnamed mapped way",
        "highway": "footway",
        "layer": "0",
        "bridge": "no",
        "tunnel": "no"
      },
      "geometry": {
        "type": "LineString",
        "coordinates": [
          [
            31.337669,
            30.0477869
          ],
          [
            31.3376884,
            30.0478163
          ],
          [
            31.3376937,
            30.0478499
          ],
          [
            31.3376842,
            30.0478827
          ],
          [
            31.3376613,
            30.0479101
          ],
          [
            31.3376282,
            30.0479282
          ],
          [
            31.3375866,
            30.0479342
          ],
          [
            31.3375457,
            30.0479254
          ],
          [
            31.3375123,
            30.0479031
          ],
          [
            31.337492,
            30.0478711
          ],
          [
            31.3374882,
            30.0478348
          ],
          [
            31.3375015,
            30.0478002
          ],
          [
            31.3375272,
            30.0477746
          ],
          [
            31.337562,
            30.0477592
          ],
          [
            31.3376009,
            30.0477562
          ],
          [
            31.3376384,
            30.0477658
          ],
          [
            31.337669,
            30.0477869
          ]
        ]
      }
    },
    {
      "type": "Feature",
      "properties": {
        "osm_way_id": "1227360897",
        "name": "Unnamed mapped way",
        "highway": "footway",
        "layer": "0",
        "bridge": "no",
        "tunnel": "no"
      },
      "geometry": {
        "type": "LineString",
        "coordinates": [
          [
            31.3374564,
            30.047739
          ],
          [
            31.3374728,
            30.0477533
          ],
          [
            31.3374823,
            30.0477716
          ],
          [
            31.3374838,
            30.0477917
          ],
          [
            31.3374776,
            30.0478101
          ],
          [
            31.3374646,
            30.0478256
          ],
          [
            31.3374464,
            30.0478365
          ],
          [
            31.3374251,
            30.0478415
          ],
          [
            31.337403,
            30.0478401
          ],
          [
            31.3373828,
            30.0478323
          ],
          [
            31.3373667,
            30.0478191
          ],
          [
            31.3373566,
            30.0478021
          ],
          [
            31.3373537,
            30.0477832
          ],
          [
            31.3373587,
            30.0477635
          ],
          [
            31.3373713,
            30.0477467
          ],
          [
            31.3373899,
            30.0477347
          ],
          [
            31.3374122,
            30.0477291
          ],
          [
            31.3374354,
            30.0477306
          ],
          [
            31.3374564,
            30.047739
          ]
        ]
      }
    },
    {
      "type": "Feature",
      "properties": {
        "osm_way_id": "1227360898",
        "name": "Unnamed mapped way",
        "highway": "footway",
        "layer": "0",
        "bridge": "no",
        "tunnel": "no"
      },
      "geometry": {
        "type": "LineString",
        "coordinates": [
          [
            31.3379703,
            30.0481119
          ],
          [
            31.3379857,
            30.0481308
          ],
          [
            31.3379927,
            30.0481532
          ],
          [
            31.3379903,
            30.0481763
          ],
          [
            31.337979,
            30.0481973
          ],
          [
            31.3379617,
            30.0482126
          ],
          [
            31.3379397,
            30.0482224
          ],
          [
            31.3379152,
            30.0482256
          ],
          [
            31.3378907,
            30.0482219
          ],
          [
            31.337869,
            30.0482117
          ],
          [
            31.3378502,
            30.0481936
          ],
          [
            31.3378403,
            30.0481709
          ],
          [
            31.3378404,
            30.0481466
          ],
          [
            31.3378506,
            30.0481239
          ],
          [
            31.3378695,
            30.048106
          ],
          [
            31.3378946,
            30.0480951
          ],
          [
            31.3379226,
            30.0480927
          ],
          [
            31.3379484,
            30.0480986
          ],
          [
            31.3379703,
            30.0481119
          ]
        ]
      }
    },
    {
      "type": "Feature",
      "properties": {
        "osm_way_id": "1227360900",
        "name": "Unnamed mapped way",
        "highway": "footway",
        "layer": "0",
        "bridge": "no",
        "tunnel": "no"
      },
      "geometry": {
        "type": "LineString",
        "coordinates": [
          [
            31.3384081,
            30.0483213
          ],
          [
            31.3389314,
            30.0483526
          ]
        ]
      }
    },
    {
      "type": "Feature",
      "properties": {
        "osm_way_id": "1227360901",
        "name": "Unnamed mapped way",
        "highway": "footway",
        "layer": "0",
        "bridge": "no",
        "tunnel": "no"
      },
      "geometry": {
        "type": "LineString",
        "coordinates": [
          [
            31.337979,
            30.0481973
          ],
          [
            31.3381694,
            30.0483007
          ]
        ]
      }
    },
    {
      "type": "Feature",
      "properties": {
        "osm_way_id": "1227360902",
        "name": "Unnamed mapped way",
        "highway": "footway",
        "layer": "0",
        "bridge": "no",
        "tunnel": "no"
      },
      "geometry": {
        "type": "LineString",
        "coordinates": [
          [
            31.3363663,
            30.0502086
          ],
          [
            31.3362759,
            30.0502367
          ],
          [
            31.336017,
            30.0503024
          ],
          [
            31.3357895,
            30.0503559
          ],
          [
            31.3357802,
            30.0503263
          ],
          [
            31.3360104,
            30.0502722
          ],
          [
            31.3362652,
            30.0502123
          ]
        ]
      }
    },
    {
      "type": "Feature",
      "properties": {
        "osm_way_id": "1227527600",
        "name": "Unnamed mapped way",
        "highway": "footway",
        "layer": "0",
        "bridge": "no",
        "tunnel": "no"
      },
      "geometry": {
        "type": "LineString",
        "coordinates": [
          [
            31.3364848,
            30.0484309
          ],
          [
            31.3365511,
            30.0484122
          ],
          [
            31.3366744,
            30.0483817
          ],
          [
            31.3366905,
            30.0484392
          ],
          [
            31.3365671,
            30.0484711
          ],
          [
            31.3365511,
            30.0484122
          ]
        ]
      }
    },
    {
      "type": "Feature",
      "properties": {
        "osm_way_id": "1227528155",
        "name": "Unnamed mapped way",
        "highway": "footway",
        "layer": "0",
        "bridge": "no",
        "tunnel": "no"
      },
      "geometry": {
        "type": "LineString",
        "coordinates": [
          [
            31.3368556,
            30.050682
          ],
          [
            31.336701,
            30.0507159
          ]
        ]
      }
    },
    {
      "type": "Feature",
      "properties": {
        "osm_way_id": "1227528156",
        "name": "Unnamed mapped way",
        "highway": "footway",
        "layer": "0",
        "bridge": "no",
        "tunnel": "no"
      },
      "geometry": {
        "type": "LineString",
        "coordinates": [
          [
            31.3367379,
            30.0507774
          ],
          [
            31.3368791,
            30.0506854
          ]
        ]
      }
    },
    {
      "type": "Feature",
      "properties": {
        "osm_way_id": "1227528157",
        "name": "Unnamed mapped way",
        "highway": "footway",
        "layer": "0",
        "bridge": "no",
        "tunnel": "no"
      },
      "geometry": {
        "type": "LineString",
        "coordinates": [
          [
            31.3368442,
            30.0505049
          ],
          [
            31.3368813,
            30.050636
          ]
        ]
      }
    },
    {
      "type": "Feature",
      "properties": {
        "osm_way_id": "1227528158",
        "name": "Unnamed mapped way",
        "highway": "footway",
        "layer": "0",
        "bridge": "no",
        "tunnel": "no"
      },
      "geometry": {
        "type": "LineString",
        "coordinates": [
          [
            31.3369251,
            30.0505254
          ],
          [
            31.3368993,
            30.0506505
          ]
        ]
      }
    },
    {
      "type": "Feature",
      "properties": {
        "osm_way_id": "1227529828",
        "name": "Unnamed mapped way",
        "highway": "footway",
        "layer": "0",
        "bridge": "no",
        "tunnel": "no"
      },
      "geometry": {
        "type": "LineString",
        "coordinates": [
          [
            31.3367734,
            30.0474288
          ],
          [
            31.3367661,
            30.0474286
          ]
        ]
      }
    },
    {
      "type": "Feature",
      "properties": {
        "osm_way_id": "1227529830",
        "name": "Unnamed mapped way",
        "highway": "footway",
        "layer": "0",
        "bridge": "no",
        "tunnel": "no"
      },
      "geometry": {
        "type": "LineString",
        "coordinates": [
          [
            31.336838,
            30.0474288
          ],
          [
            31.3367734,
            30.0474288
          ]
        ]
      }
    },
    {
      "type": "Feature",
      "properties": {
        "osm_way_id": "1228847061",
        "name": "Unnamed mapped way",
        "highway": "service",
        "layer": "0",
        "bridge": "no",
        "tunnel": "no"
      },
      "geometry": {
        "type": "LineString",
        "coordinates": [
          [
            31.3366546,
            30.0514178
          ],
          [
            31.3366938,
            30.051422
          ],
          [
            31.3367392,
            30.0514268
          ],
          [
            31.3367805,
            30.0514312
          ]
        ]
      }
    },
    {
      "type": "Feature",
      "properties": {
        "osm_way_id": "1228847062",
        "name": "Unnamed mapped way",
        "highway": "service",
        "layer": "0",
        "bridge": "no",
        "tunnel": "no"
      },
      "geometry": {
        "type": "LineString",
        "coordinates": [
          [
            31.3368063,
            30.05127
          ],
          [
            31.3367886,
            30.0513812
          ]
        ]
      }
    },
    {
      "type": "Feature",
      "properties": {
        "osm_way_id": "1228847063",
        "name": "Unnamed mapped way",
        "highway": "service",
        "layer": "0",
        "bridge": "no",
        "tunnel": "no"
      },
      "geometry": {
        "type": "LineString",
        "coordinates": [
          [
            31.3369019,
            30.0508999
          ],
          [
            31.3368803,
            30.0509551
          ],
          [
            31.3368611,
            30.0510109
          ],
          [
            31.3368445,
            30.0510674
          ],
          [
            31.3368304,
            30.0511244
          ],
          [
            31.3368189,
            30.0511818
          ],
          [
            31.3368063,
            30.05127
          ]
        ]
      }
    },
    {
      "type": "Feature",
      "properties": {
        "osm_way_id": "1228847064",
        "name": "Unnamed mapped way",
        "highway": "service",
        "layer": "0",
        "bridge": "no",
        "tunnel": "no"
      },
      "geometry": {
        "type": "LineString",
        "coordinates": [
          [
            31.3367886,
            30.0513812
          ],
          [
            31.3367805,
            30.0514312
          ],
          [
            31.3367798,
            30.0514648
          ],
          [
            31.3367802,
            30.0515054
          ],
          [
            31.3367836,
            30.0515459
          ],
          [
            31.33679,
            30.0515862
          ]
        ]
      }
    },
    {
      "type": "Feature",
      "properties": {
        "osm_way_id": "1228847065",
        "name": "Unnamed mapped way",
        "highway": "footway",
        "layer": "0",
        "bridge": "no",
        "tunnel": "no"
      },
      "geometry": {
        "type": "LineString",
        "coordinates": [
          [
            31.3367002,
            30.0513735
          ],
          [
            31.3366938,
            30.051422
          ]
        ]
      }
    },
    {
      "type": "Feature",
      "properties": {
        "osm_way_id": "1228847066",
        "name": "Unnamed mapped way",
        "highway": "footway",
        "layer": "0",
        "bridge": "no",
        "tunnel": "no"
      },
      "geometry": {
        "type": "LineString",
        "coordinates": [
          [
            31.336715,
            30.0512621
          ],
          [
            31.3367002,
            30.0513735
          ]
        ]
      }
    },
    {
      "type": "Feature",
      "properties": {
        "osm_way_id": "1228847067",
        "name": "Unnamed mapped way",
        "highway": "footway",
        "layer": "0",
        "bridge": "no",
        "tunnel": "no"
      },
      "geometry": {
        "type": "LineString",
        "coordinates": [
          [
            31.3367269,
            30.0511725
          ],
          [
            31.336715,
            30.0512621
          ]
        ]
      }
    },
    {
      "type": "Feature",
      "properties": {
        "osm_way_id": "1228847068",
        "name": "Unnamed mapped way",
        "highway": "service",
        "layer": "0",
        "bridge": "no",
        "tunnel": "no"
      },
      "geometry": {
        "type": "LineString",
        "coordinates": [
          [
            31.3366604,
            30.05137
          ],
          [
            31.3366776,
            30.0512588
          ]
        ]
      }
    },
    {
      "type": "Feature",
      "properties": {
        "osm_way_id": "1228847069",
        "name": "Unnamed mapped way",
        "highway": "service",
        "layer": "0",
        "bridge": "no",
        "tunnel": "no"
      },
      "geometry": {
        "type": "LineString",
        "coordinates": [
          [
            31.3365723,
            30.051559
          ],
          [
            31.3366013,
            30.0515278
          ],
          [
            31.3366249,
            30.0514934
          ],
          [
            31.3366428,
            30.0514565
          ],
          [
            31.3366546,
            30.0514178
          ],
          [
            31.3366604,
            30.05137
          ]
        ]
      }
    },
    {
      "type": "Feature",
      "properties": {
        "osm_way_id": "1228847070",
        "name": "Unnamed mapped way",
        "highway": "service",
        "layer": "0",
        "bridge": "no",
        "tunnel": "no"
      },
      "geometry": {
        "type": "LineString",
        "coordinates": [
          [
            31.3366776,
            30.0512588
          ],
          [
            31.3366979,
            30.0511692
          ],
          [
            31.3367119,
            30.0511138
          ],
          [
            31.336727,
            30.051071
          ],
          [
            31.3367434,
            30.0510302
          ],
          [
            31.3367726,
            30.0509932
          ],
          [
            31.3368076,
            30.0509603
          ],
          [
            31.3368478,
            30.0509322
          ],
          [
            31.3369019,
            30.0508999
          ]
        ]
      }
    },
    {
      "type": "Feature",
      "properties": {
        "osm_way_id": "1228847071",
        "name": "Unnamed mapped way",
        "highway": "footway",
        "layer": "0",
        "bridge": "no",
        "tunnel": "no"
      },
      "geometry": {
        "type": "LineString",
        "coordinates": [
          [
            31.3367462,
            30.0513775
          ],
          [
            31.3367392,
            30.0514268
          ]
        ]
      }
    },
    {
      "type": "Feature",
      "properties": {
        "osm_way_id": "1228847072",
        "name": "Unnamed mapped way",
        "highway": "footway",
        "layer": "0",
        "bridge": "no",
        "tunnel": "no"
      },
      "geometry": {
        "type": "LineString",
        "coordinates": [
          [
            31.3367665,
            30.0512666
          ],
          [
            31.3367462,
            30.0513775
          ]
        ]
      }
    },
    {
      "type": "Feature",
      "properties": {
        "osm_way_id": "1231914518",
        "name": "Unnamed mapped way",
        "highway": "footway",
        "layer": "0",
        "bridge": "no",
        "tunnel": "no"
      },
      "geometry": {
        "type": "LineString",
        "coordinates": [
          [
            31.3390196,
            30.0486493
          ],
          [
            31.3390321,
            30.0485377
          ],
          [
            31.3390332,
            30.0485295
          ],
          [
            31.3390335,
            30.0485193
          ],
          [
            31.3390297,
            30.0485096
          ],
          [
            31.3390223,
            30.0485017
          ],
          [
            31.3390135,
            30.0484975
          ],
          [
            31.3390058,
            30.0484966
          ],
          [
            31.3390234,
            30.0483581
          ],
          [
            31.3390312,
            30.0483057
          ],
          [
            31.3390359,
            30.0482777
          ],
          [
            31.3390395,
            30.0482605
          ],
          [
            31.3390481,
            30.0482447
          ],
          [
            31.3390611,
            30.0482313
          ],
          [
            31.3390775,
            30.0482211
          ],
          [
            31.3390964,
            30.0482149
          ],
          [
            31.3391165,
            30.048213
          ],
          [
            31.339187,
            30.0482205
          ]
        ]
      }
    },
    {
      "type": "Feature",
      "properties": {
        "osm_way_id": "1238511998",
        "name": "Unnamed mapped way",
        "highway": "footway",
        "layer": "0",
        "bridge": "no",
        "tunnel": "no"
      },
      "geometry": {
        "type": "LineString",
        "coordinates": [
          [
            31.3251819,
            30.0563145
          ],
          [
            31.3251878,
            30.0562572
          ]
        ]
      }
    },
    {
      "type": "Feature",
      "properties": {
        "osm_way_id": "1238511999",
        "name": "Unnamed mapped way",
        "highway": "footway",
        "layer": "0",
        "bridge": "no",
        "tunnel": "no"
      },
      "geometry": {
        "type": "LineString",
        "coordinates": [
          [
            31.325177,
            30.0563443
          ],
          [
            31.3251714,
            30.0563989
          ]
        ]
      }
    },
    {
      "type": "Feature",
      "properties": {
        "osm_way_id": "1238512001",
        "name": "Unnamed mapped way",
        "highway": "footway",
        "layer": "0",
        "bridge": "no",
        "tunnel": "no"
      },
      "geometry": {
        "type": "LineString",
        "coordinates": [
          [
            31.3251666,
            30.0563435
          ],
          [
            31.325177,
            30.0563443
          ],
          [
            31.3252106,
            30.0563469
          ],
          [
            31.3252136,
            30.056317
          ],
          [
            31.3251819,
            30.0563145
          ],
          [
            31.3251696,
            30.0563136
          ],
          [
            31.3251666,
            30.0563435
          ]
        ]
      }
    },
    {
      "type": "Feature",
      "properties": {
        "osm_way_id": "1238512004",
        "name": "Unnamed mapped way",
        "highway": "footway",
        "layer": "0",
        "bridge": "no",
        "tunnel": "no"
      },
      "geometry": {
        "type": "LineString",
        "coordinates": [
          [
            31.3253137,
            30.0564128
          ],
          [
            31.3251714,
            30.0563989
          ],
          [
            31.3250668,
            30.0563887
          ],
          [
            31.3250853,
            30.0562472
          ],
          [
            31.3251878,
            30.0562572
          ],
          [
            31.3253322,
            30.0562714
          ]
        ]
      }
    },
    {
      "type": "Feature",
      "properties": {
        "osm_way_id": "1239636509",
        "name": "Unnamed mapped way",
        "highway": "footway",
        "layer": "0",
        "bridge": "no",
        "tunnel": "no"
      },
      "geometry": {
        "type": "LineString",
        "coordinates": [
          [
            31.3346316,
            30.0503131
          ],
          [
            31.3346589,
            30.0503019
          ],
          [
            31.3346733,
            30.0503283
          ],
          [
            31.3346881,
            30.0503553
          ],
          [
            31.3346633,
            30.0503654
          ]
        ]
      }
    },
    {
      "type": "Feature",
      "properties": {
        "osm_way_id": "1239636510",
        "name": "Unnamed mapped way",
        "highway": "footway",
        "layer": "0",
        "bridge": "no",
        "tunnel": "no"
      },
      "geometry": {
        "type": "LineString",
        "coordinates": [
          [
            31.3347448,
            30.0502966
          ],
          [
            31.3346981,
            30.0503175
          ]
        ]
      }
    },
    {
      "type": "Feature",
      "properties": {
        "osm_way_id": "1239636511",
        "name": "Unnamed mapped way",
        "highway": "service",
        "layer": "0",
        "bridge": "no",
        "tunnel": "no"
      },
      "geometry": {
        "type": "LineString",
        "coordinates": [
          [
            31.338945,
            30.0488072
          ],
          [
            31.338897,
            30.0488013
          ]
        ]
      }
    },
    {
      "type": "Feature",
      "properties": {
        "osm_way_id": "1239636512",
        "name": "Unnamed mapped way",
        "highway": "service",
        "layer": "0",
        "bridge": "no",
        "tunnel": "no"
      },
      "geometry": {
        "type": "LineString",
        "coordinates": [
          [
            31.3390996,
            30.0488213
          ],
          [
            31.338945,
            30.0488072
          ]
        ]
      }
    },
    {
      "type": "Feature",
      "properties": {
        "osm_way_id": "1239903059",
        "name": "Unnamed mapped way",
        "highway": "service",
        "layer": "0",
        "bridge": "no",
        "tunnel": "no"
      },
      "geometry": {
        "type": "LineString",
        "coordinates": [
          [
            31.3343998,
            30.048387
          ],
          [
            31.3343159,
            30.0483798
          ]
        ]
      }
    },
    {
      "type": "Feature",
      "properties": {
        "osm_way_id": "1239903060",
        "name": "Unnamed mapped way",
        "highway": "service",
        "layer": "0",
        "bridge": "no",
        "tunnel": "no"
      },
      "geometry": {
        "type": "LineString",
        "coordinates": [
          [
            31.3343159,
            30.0483798
          ],
          [
            31.3342205,
            30.0483679
          ]
        ]
      }
    },
    {
      "type": "Feature",
      "properties": {
        "osm_way_id": "1240460260",
        "name": "Unnamed mapped way",
        "highway": "footway",
        "layer": "0",
        "bridge": "no",
        "tunnel": "no"
      },
      "geometry": {
        "type": "LineString",
        "coordinates": [
          [
            31.3389749,
            30.0480257
          ],
          [
            31.3390052,
            30.0480285
          ]
        ]
      }
    },
    {
      "type": "Feature",
      "properties": {
        "osm_way_id": "1261988919",
        "name": "Abou Al Fawares Street",
        "highway": "residential",
        "layer": "0",
        "bridge": "no",
        "tunnel": "no"
      },
      "geometry": {
        "type": "LineString",
        "coordinates": [
          [
            31.3215642,
            30.0488901
          ],
          [
            31.3222025,
            30.0491943
          ],
          [
            31.3233676,
            30.0494054
          ],
          [
            31.3246368,
            30.0496346
          ],
          [
            31.3260901,
            30.0498817
          ],
          [
            31.3267616,
            30.0499984
          ]
        ]
      }
    },
    {
      "type": "Feature",
      "properties": {
        "osm_way_id": "1336479941",
        "name": "Unnamed mapped way",
        "highway": "service",
        "layer": "0",
        "bridge": "no",
        "tunnel": "no"
      },
      "geometry": {
        "type": "LineString",
        "coordinates": [
          [
            31.3331277,
            30.0529472
          ],
          [
            31.3332607,
            30.0529618
          ],
          [
            31.333274,
            30.0529642
          ],
          [
            31.333286,
            30.0529717
          ],
          [
            31.3332923,
            30.0529833
          ],
          [
            31.3332912,
            30.0529961
          ],
          [
            31.3332812,
            30.0531339
          ]
        ]
      }
    },
    {
      "type": "Feature",
      "properties": {
        "osm_way_id": "1336479942",
        "name": "Unnamed mapped way",
        "highway": "service",
        "layer": "0",
        "bridge": "no",
        "tunnel": "no"
      },
      "geometry": {
        "type": "LineString",
        "coordinates": [
          [
            31.3303807,
            30.0532113
          ],
          [
            31.3303703,
            30.0532102
          ]
        ]
      }
    },
    {
      "type": "Feature",
      "properties": {
        "osm_way_id": "1336479943",
        "name": "Unnamed mapped way",
        "highway": "service",
        "layer": "0",
        "bridge": "no",
        "tunnel": "no"
      },
      "geometry": {
        "type": "LineString",
        "coordinates": [
          [
            31.3304925,
            30.0532238
          ],
          [
            31.3303807,
            30.0532113
          ]
        ]
      }
    },
    {
      "type": "Feature",
      "properties": {
        "osm_way_id": "1336479944",
        "name": "Unnamed mapped way",
        "highway": "service",
        "layer": "0",
        "bridge": "no",
        "tunnel": "no"
      },
      "geometry": {
        "type": "LineString",
        "coordinates": [
          [
            31.3305584,
            30.0532311
          ],
          [
            31.3304925,
            30.0532238
          ]
        ]
      }
    },
    {
      "type": "Feature",
      "properties": {
        "osm_way_id": "1336479945",
        "name": "Unnamed mapped way",
        "highway": "service",
        "layer": "0",
        "bridge": "no",
        "tunnel": "no"
      },
      "geometry": {
        "type": "LineString",
        "coordinates": [
          [
            31.3305717,
            30.0531041
          ],
          [
            31.3303881,
            30.0530864
          ]
        ]
      }
    },
    {
      "type": "Feature",
      "properties": {
        "osm_way_id": "1336479946",
        "name": "Unnamed mapped way",
        "highway": "service",
        "layer": "0",
        "bridge": "no",
        "tunnel": "no"
      },
      "geometry": {
        "type": "LineString",
        "coordinates": [
          [
            31.3411577,
            30.054368
          ],
          [
            31.3411341,
            30.054366
          ]
        ]
      }
    },
    {
      "type": "Feature",
      "properties": {
        "osm_way_id": "1336479947",
        "name": "Unnamed mapped way",
        "highway": "service",
        "layer": "0",
        "bridge": "no",
        "tunnel": "no"
      },
      "geometry": {
        "type": "LineString",
        "coordinates": [
          [
            31.3412644,
            30.0543767
          ],
          [
            31.3412347,
            30.0543743
          ]
        ]
      }
    },
    {
      "type": "Feature",
      "properties": {
        "osm_way_id": "1336479948",
        "name": "Unnamed mapped way",
        "highway": "service",
        "layer": "0",
        "bridge": "no",
        "tunnel": "no"
      },
      "geometry": {
        "type": "LineString",
        "coordinates": [
          [
            31.3412716,
            30.0542972
          ],
          [
            31.3411394,
            30.0542848
          ]
        ]
      }
    },
    {
      "type": "Feature",
      "properties": {
        "osm_way_id": "1336479949",
        "name": "Unnamed mapped way",
        "highway": "service",
        "layer": "0",
        "bridge": "no",
        "tunnel": "no"
      },
      "geometry": {
        "type": "LineString",
        "coordinates": [
          [
            31.3412347,
            30.0543743
          ],
          [
            31.3411577,
            30.054368
          ]
        ]
      }
    },
    {
      "type": "Feature",
      "properties": {
        "osm_way_id": "1336497861",
        "name": "Unnamed mapped way",
        "highway": "service",
        "layer": "0",
        "bridge": "no",
        "tunnel": "no"
      },
      "geometry": {
        "type": "LineString",
        "coordinates": [
          [
            31.334097,
            30.0521385
          ],
          [
            31.3341665,
            30.0516309
          ]
        ]
      }
    },
    {
      "type": "Feature",
      "properties": {
        "osm_way_id": "1337332294",
        "name": "Unnamed mapped way",
        "highway": "footway",
        "layer": "0",
        "bridge": "no",
        "tunnel": "no"
      },
      "geometry": {
        "type": "LineString",
        "coordinates": [
          [
            31.3365642,
            30.051203
          ],
          [
            31.3365881,
            30.0511865
          ],
          [
            31.3366154,
            30.0511747
          ],
          [
            31.336641,
            30.0511687
          ],
          [
            31.3366675,
            30.0511668
          ],
          [
            31.3366979,
            30.0511692
          ]
        ]
      }
    },
    {
      "type": "Feature",
      "properties": {
        "osm_way_id": "1337332295",
        "name": "Unnamed mapped way",
        "highway": "footway",
        "layer": "0",
        "bridge": "no",
        "tunnel": "no"
      },
      "geometry": {
        "type": "LineString",
        "coordinates": [
          [
            31.3364319,
            30.0512306
          ],
          [
            31.3363885,
            30.0512362
          ],
          [
            31.3363462,
            30.0512463
          ],
          [
            31.3363056,
            30.0512606
          ],
          [
            31.3362573,
            30.0512867
          ],
          [
            31.3362189,
            30.0513109
          ],
          [
            31.3361782,
            30.0513291
          ],
          [
            31.3361367,
            30.0513395
          ],
          [
            31.3360937,
            30.051343
          ],
          [
            31.3360561,
            30.0513384
          ],
          [
            31.3356954,
            30.0512989
          ]
        ]
      }
    },
    {
      "type": "Feature",
      "properties": {
        "osm_way_id": "1337332296",
        "name": "Unnamed mapped way",
        "highway": "service",
        "layer": "0",
        "bridge": "no",
        "tunnel": "no"
      },
      "geometry": {
        "type": "LineString",
        "coordinates": [
          [
            31.3366979,
            30.0511692
          ],
          [
            31.3367269,
            30.0511725
          ],
          [
            31.3367826,
            30.0511782
          ],
          [
            31.3368189,
            30.0511818
          ]
        ]
      }
    },
    {
      "type": "Feature",
      "properties": {
        "osm_way_id": "1337332298",
        "name": "Unnamed mapped way",
        "highway": "footway",
        "layer": "0",
        "bridge": "no",
        "tunnel": "no"
      },
      "geometry": {
        "type": "LineString",
        "coordinates": [
          [
            31.3367826,
            30.0511782
          ],
          [
            31.3367665,
            30.0512666
          ]
        ]
      }
    },
    {
      "type": "Feature",
      "properties": {
        "osm_way_id": "1337332299",
        "name": "Unnamed mapped way",
        "highway": "service",
        "layer": "0",
        "bridge": "no",
        "tunnel": "no"
      },
      "geometry": {
        "type": "LineString",
        "coordinates": [
          [
            31.3389079,
            30.0487079
          ],
          [
            31.338956,
            30.0487128
          ]
        ]
      }
    },
    {
      "type": "Feature",
      "properties": {
        "osm_way_id": "1337332300",
        "name": "Unnamed mapped way",
        "highway": "service",
        "layer": "0",
        "bridge": "no",
        "tunnel": "no"
      },
      "geometry": {
        "type": "LineString",
        "coordinates": [
          [
            31.338956,
            30.0487128
          ],
          [
            31.3391157,
            30.0487227
          ]
        ]
      }
    },
    {
      "type": "Feature",
      "properties": {
        "osm_way_id": "1337332301",
        "name": "Unnamed mapped way",
        "highway": "service",
        "layer": "0",
        "bridge": "no",
        "tunnel": "no"
      },
      "geometry": {
        "type": "LineString",
        "coordinates": [
          [
            31.338897,
            30.0488013
          ],
          [
            31.3388058,
            30.048794
          ],
          [
            31.3387733,
            30.0487835
          ],
          [
            31.338742,
            30.0487681
          ],
          [
            31.3387141,
            30.0487484
          ],
          [
            31.3386904,
            30.0487249
          ]
        ]
      }
    },
    {
      "type": "Feature",
      "properties": {
        "osm_way_id": "1337332302",
        "name": "Unnamed mapped way",
        "highway": "service",
        "layer": "0",
        "bridge": "no",
        "tunnel": "no"
      },
      "geometry": {
        "type": "LineString",
        "coordinates": [
          [
            31.3386904,
            30.0487249
          ],
          [
            31.3387205,
            30.0487131
          ],
          [
            31.3387522,
            30.0487052
          ],
          [
            31.3387849,
            30.0487013
          ],
          [
            31.3388179,
            30.0487015
          ],
          [
            31.3389079,
            30.0487079
          ]
        ]
      }
    },
    {
      "type": "Feature",
      "properties": {
        "osm_way_id": "1337332303",
        "name": "Unnamed mapped way",
        "highway": "service",
        "layer": "0",
        "bridge": "no",
        "tunnel": "no"
      },
      "geometry": {
        "type": "LineString",
        "coordinates": [
          [
            31.334536,
            30.0483752
          ],
          [
            31.3345016,
            30.0483853
          ],
          [
            31.3344658,
            30.0483905
          ],
          [
            31.3344295,
            30.0483907
          ],
          [
            31.3343998,
            30.048387
          ]
        ]
      }
    },
    {
      "type": "Feature",
      "properties": {
        "osm_way_id": "1337332304",
        "name": "Unnamed mapped way",
        "highway": "service",
        "layer": "0",
        "bridge": "no",
        "tunnel": "no"
      },
      "geometry": {
        "type": "LineString",
        "coordinates": [
          [
            31.3343243,
            30.0483259
          ],
          [
            31.3344075,
            30.048337
          ]
        ]
      }
    },
    {
      "type": "Feature",
      "properties": {
        "osm_way_id": "1337332305",
        "name": "Unnamed mapped way",
        "highway": "service",
        "layer": "0",
        "bridge": "no",
        "tunnel": "no"
      },
      "geometry": {
        "type": "LineString",
        "coordinates": [
          [
            31.3342297,
            30.0483112
          ],
          [
            31.3343243,
            30.0483259
          ]
        ]
      }
    },
    {
      "type": "Feature",
      "properties": {
        "osm_way_id": "1337332306",
        "name": "Unnamed mapped way",
        "highway": "service",
        "layer": "0",
        "bridge": "no",
        "tunnel": "no"
      },
      "geometry": {
        "type": "LineString",
        "coordinates": [
          [
            31.3344075,
            30.048337
          ],
          [
            31.3344336,
            30.0483424
          ],
          [
            31.3344612,
            30.0483484
          ],
          [
            31.3344868,
            30.048356
          ],
          [
            31.3345117,
            30.0483649
          ],
          [
            31.334536,
            30.0483752
          ]
        ]
      }
    },
    {
      "type": "Feature",
      "properties": {
        "osm_way_id": "1337356282",
        "name": "Unnamed mapped way",
        "highway": "footway",
        "layer": "0",
        "bridge": "no",
        "tunnel": "no"
      },
      "geometry": {
        "type": "LineString",
        "coordinates": [
          [
            31.3374385,
            30.0497599
          ],
          [
            31.3374226,
            30.0497104
          ],
          [
            31.3374147,
            30.0496879
          ],
          [
            31.3374013,
            30.0496636
          ],
          [
            31.3373835,
            30.0496415
          ],
          [
            31.3373679,
            30.0496282
          ],
          [
            31.3373216,
            30.0495945
          ]
        ]
      }
    },
    {
      "type": "Feature",
      "properties": {
        "osm_way_id": "1337356283",
        "name": "Unnamed mapped way",
        "highway": "footway",
        "layer": "0",
        "bridge": "no",
        "tunnel": "no"
      },
      "geometry": {
        "type": "LineString",
        "coordinates": [
          [
            31.337451,
            30.0497609
          ],
          [
            31.3374619,
            30.0497663
          ],
          [
            31.3374689,
            30.0497753
          ],
          [
            31.3374709,
            30.049786
          ],
          [
            31.3374675,
            30.0497965
          ],
          [
            31.3374589,
            30.0498047
          ],
          [
            31.337447,
            30.049809
          ],
          [
            31.3374341,
            30.0498083
          ],
          [
            31.3374229,
            30.0498028
          ],
          [
            31.3374157,
            30.0497936
          ],
          [
            31.3374137,
            30.0497826
          ],
          [
            31.3374176,
            30.049772
          ],
          [
            31.3374264,
            30.0497639
          ],
          [
            31.3374385,
            30.0497599
          ],
          [
            31.337451,
            30.0497609
          ]
        ]
      }
    },
    {
      "type": "Feature",
      "properties": {
        "osm_way_id": "1337356284",
        "name": "Unnamed mapped way",
        "highway": "footway",
        "layer": "0",
        "bridge": "no",
        "tunnel": "no"
      },
      "geometry": {
        "type": "LineString",
        "coordinates": [
          [
            31.3375582,
            30.0503145
          ],
          [
            31.3375754,
            30.050289
          ],
          [
            31.3375843,
            30.0502707
          ],
          [
            31.33759,
            30.0502509
          ],
          [
            31.3375928,
            30.050226
          ],
          [
            31.3375884,
            30.0502019
          ],
          [
            31.3375809,
            30.050184
          ],
          [
            31.3375696,
            30.0501676
          ],
          [
            31.3375555,
            30.0501542
          ],
          [
            31.3375272,
            30.0501312
          ],
          [
            31.3375094,
            30.0501119
          ],
          [
            31.3374977,
            30.0500895
          ],
          [
            31.3374928,
            30.0500652
          ],
          [
            31.3374951,
            30.0500406
          ],
          [
            31.3375043,
            30.0500173
          ],
          [
            31.3375199,
            30.0499966
          ],
          [
            31.3375533,
            30.0499548
          ]
        ]
      }
    },
    {
      "type": "Feature",
      "properties": {
        "osm_way_id": "1337367980",
        "name": "Unnamed mapped way",
        "highway": "footway",
        "layer": "0",
        "bridge": "no",
        "tunnel": "no"
      },
      "geometry": {
        "type": "LineString",
        "coordinates": [
          [
            31.3361447,
            30.0479595
          ],
          [
            31.3361502,
            30.0479588
          ],
          [
            31.3363584,
            30.0479504
          ]
        ]
      }
    },
    {
      "type": "Feature",
      "properties": {
        "osm_way_id": "1337367982",
        "name": "Unnamed mapped way",
        "highway": "service",
        "layer": "0",
        "bridge": "no",
        "tunnel": "no"
      },
      "geometry": {
        "type": "LineString",
        "coordinates": [
          [
            31.3387417,
            30.0500922
          ],
          [
            31.3388979,
            30.0489888
          ],
          [
            31.3389032,
            30.0489597
          ],
          [
            31.3389023,
            30.0489318
          ],
          [
            31.3388953,
            30.0489047
          ],
          [
            31.3388864,
            30.0488858
          ],
          [
            31.3388745,
            30.0488681
          ],
          [
            31.3388561,
            30.048849
          ],
          [
            31.3388275,
            30.0488298
          ],
          [
            31.3388148,
            30.048817
          ],
          [
            31.3388074,
            30.048806
          ],
          [
            31.3388058,
            30.048794
          ],
          [
            31.3388091,
            30.0487689
          ],
          [
            31.3388179,
            30.0487015
          ]
        ]
      }
    },
    {
      "type": "Feature",
      "properties": {
        "osm_way_id": "1337662478",
        "name": "Unnamed mapped way",
        "highway": "footway",
        "layer": "0",
        "bridge": "no",
        "tunnel": "no"
      },
      "geometry": {
        "type": "LineString",
        "coordinates": [
          [
            31.3358437,
            30.0486816
          ],
          [
            31.3357953,
            30.0488031
          ]
        ]
      }
    },
    {
      "type": "Feature",
      "properties": {
        "osm_way_id": "1337662480",
        "name": "Unnamed mapped way",
        "highway": "footway",
        "layer": "0",
        "bridge": "no",
        "tunnel": "no"
      },
      "geometry": {
        "type": "LineString",
        "coordinates": [
          [
            31.3368496,
            30.0500095
          ],
          [
            31.3372224,
            30.0498982
          ],
          [
            31.3372825,
            30.0498832
          ],
          [
            31.3373142,
            30.0498827
          ],
          [
            31.337361,
            30.0498896
          ],
          [
            31.3374038,
            30.0498995
          ],
          [
            31.3375533,
            30.0499548
          ],
          [
            31.3375948,
            30.0499681
          ],
          [
            31.3376261,
            30.0499677
          ],
          [
            31.3376567,
            30.0499622
          ],
          [
            31.3376882,
            30.0499506
          ],
          [
            31.3377164,
            30.0499338
          ],
          [
            31.3377418,
            30.0499172
          ],
          [
            31.3377748,
            30.0499018
          ],
          [
            31.3378014,
            30.0498961
          ],
          [
            31.3379846,
            30.0499279
          ]
        ]
      }
    },
    {
      "type": "Feature",
      "properties": {
        "osm_way_id": "1337662481",
        "name": "Unnamed mapped way",
        "highway": "footway",
        "layer": "0",
        "bridge": "no",
        "tunnel": "no"
      },
      "geometry": {
        "type": "LineString",
        "coordinates": [
          [
            31.3358026,
            30.0478162
          ],
          [
            31.3357489,
            30.0479621
          ],
          [
            31.3357128,
            30.0480613
          ],
          [
            31.3356887,
            30.048117
          ],
          [
            31.3356647,
            30.0481617
          ],
          [
            31.3356377,
            30.0482075
          ],
          [
            31.3354394,
            30.0484949
          ]
        ]
      }
    },
    {
      "type": "Feature",
      "properties": {
        "osm_way_id": "1337673408",
        "name": "Unnamed mapped way",
        "highway": "footway",
        "layer": "0",
        "bridge": "no",
        "tunnel": "no"
      },
      "geometry": {
        "type": "LineString",
        "coordinates": [
          [
            31.3354535,
            30.0496998
          ],
          [
            31.3354436,
            30.0496807
          ]
        ]
      }
    },
    {
      "type": "Feature",
      "properties": {
        "osm_way_id": "1337683343",
        "name": "Unnamed mapped way",
        "highway": "footway",
        "layer": "1",
        "bridge": "yes",
        "tunnel": "no"
      },
      "geometry": {
        "type": "LineString",
        "coordinates": [
          [
            31.3361516,
            30.0483782
          ],
          [
            31.3362559,
            30.0483656
          ]
        ]
      }
    },
    {
      "type": "Feature",
      "properties": {
        "osm_way_id": "1337683344",
        "name": "Unnamed mapped way",
        "highway": "footway",
        "layer": "1",
        "bridge": "yes",
        "tunnel": "no"
      },
      "geometry": {
        "type": "LineString",
        "coordinates": [
          [
            31.336282,
            30.0475128
          ],
          [
            31.3363678,
            30.0475903
          ]
        ]
      }
    },
    {
      "type": "Feature",
      "properties": {
        "osm_way_id": "1337683345",
        "name": "Unnamed mapped way",
        "highway": "footway",
        "layer": "0",
        "bridge": "no",
        "tunnel": "no"
      },
      "geometry": {
        "type": "LineString",
        "coordinates": [
          [
            31.3361849,
            30.0475461
          ],
          [
            31.3362073,
            30.0474794
          ],
          [
            31.3362128,
            30.0474746
          ],
          [
            31.3362203,
            30.0474723
          ],
          [
            31.3362281,
            30.0474733
          ],
          [
            31.3362346,
            30.0474771
          ],
          [
            31.336282,
            30.0475128
          ]
        ]
      }
    },
    {
      "type": "Feature",
      "properties": {
        "osm_way_id": "1337925722",
        "name": "Unnamed mapped way",
        "highway": "footway",
        "layer": "0",
        "bridge": "no",
        "tunnel": "no"
      },
      "geometry": {
        "type": "LineString",
        "coordinates": [
          [
            31.3363678,
            30.0475903
          ],
          [
            31.3363722,
            30.0475958
          ],
          [
            31.3364499,
            30.0476658
          ]
        ]
      }
    },
    {
      "type": "Feature",
      "properties": {
        "osm_way_id": "1337947558",
        "name": "Unnamed mapped way",
        "highway": "footway",
        "layer": "0",
        "bridge": "no",
        "tunnel": "no"
      },
      "geometry": {
        "type": "LineString",
        "coordinates": [
          [
            31.3390624,
            30.0483611
          ],
          [
            31.3391658,
            30.0483718
          ]
        ]
      }
    },
    {
      "type": "Feature",
      "properties": {
        "osm_way_id": "1337947559",
        "name": "Unnamed mapped way",
        "highway": "steps",
        "layer": "0",
        "bridge": "no",
        "tunnel": "no"
      },
      "geometry": {
        "type": "LineString",
        "coordinates": [
          [
            31.3390234,
            30.0483581
          ],
          [
            31.3390624,
            30.0483611
          ]
        ]
      }
    },
    {
      "type": "Feature",
      "properties": {
        "osm_way_id": "1337947560",
        "name": "Unnamed mapped way",
        "highway": "footway",
        "layer": "0",
        "bridge": "no",
        "tunnel": "no"
      },
      "geometry": {
        "type": "LineString",
        "coordinates": [
          [
            31.3390312,
            30.0483057
          ],
          [
            31.3390289,
            30.0483054
          ],
          [
            31.3390224,
            30.0483076
          ],
          [
            31.3390181,
            30.0483124
          ],
          [
            31.3390147,
            30.0483179
          ]
        ]
      }
    },
    {
      "type": "Feature",
      "properties": {
        "osm_way_id": "1337947561",
        "name": "Unnamed mapped way",
        "highway": "footway",
        "layer": "0",
        "bridge": "no",
        "tunnel": "no"
      },
      "geometry": {
        "type": "LineString",
        "coordinates": [
          [
            31.3389437,
            30.0483025
          ],
          [
            31.3389405,
            30.0482834
          ]
        ]
      }
    },
    {
      "type": "Feature",
      "properties": {
        "osm_way_id": "1337947562",
        "name": "Unnamed mapped way",
        "highway": "steps",
        "layer": "0",
        "bridge": "no",
        "tunnel": "no"
      },
      "geometry": {
        "type": "LineString",
        "coordinates": [
          [
            31.3390147,
            30.0483179
          ],
          [
            31.3390042,
            30.0483281
          ],
          [
            31.3389856,
            30.048331
          ],
          [
            31.3389673,
            30.0483271
          ],
          [
            31.3389524,
            30.048317
          ],
          [
            31.3389437,
            30.0483025
          ]
        ]
      }
    },
    {
      "type": "Feature",
      "properties": {
        "osm_way_id": "1337947564",
        "name": "Unnamed mapped way",
        "highway": "footway",
        "layer": "0",
        "bridge": "no",
        "tunnel": "no"
      },
      "geometry": {
        "type": "LineString",
        "coordinates": [
          [
            31.3390234,
            30.0483581
          ],
          [
            31.3389314,
            30.0483526
          ]
        ]
      }
    },
    {
      "type": "Feature",
      "properties": {
        "osm_way_id": "1337947565",
        "name": "Unnamed mapped way",
        "highway": "footway",
        "layer": "0",
        "bridge": "no",
        "tunnel": "no"
      },
      "geometry": {
        "type": "LineString",
        "coordinates": [
          [
            31.339087,
            30.0481147
          ],
          [
            31.339088,
            30.0481234
          ],
          [
            31.3390917,
            30.0481315
          ],
          [
            31.3391011,
            30.0481407
          ],
          [
            31.3391138,
            30.048146
          ],
          [
            31.3391968,
            30.0481509
          ]
        ]
      }
    },
    {
      "type": "Feature",
      "properties": {
        "osm_way_id": "1337947566",
        "name": "Unnamed mapped way",
        "highway": "steps",
        "layer": "0",
        "bridge": "no",
        "tunnel": "no"
      },
      "geometry": {
        "type": "LineString",
        "coordinates": [
          [
            31.3390052,
            30.0480285
          ],
          [
            31.3390291,
            30.0480318
          ],
          [
            31.3390521,
            30.0480439
          ],
          [
            31.3390695,
            30.0480596
          ],
          [
            31.3390816,
            30.0480787
          ],
          [
            31.3390868,
            30.0480964
          ],
          [
            31.339087,
            30.0481147
          ]
        ]
      }
    },
    {
      "type": "Feature",
      "properties": {
        "osm_way_id": "1337947567",
        "name": "Unnamed mapped way",
        "highway": "footway",
        "layer": "0",
        "bridge": "no",
        "tunnel": "no"
      },
      "geometry": {
        "type": "LineString",
        "coordinates": [
          [
            31.339003,
            30.0485127
          ],
          [
            31.3389983,
            30.0485452
          ],
          [
            31.3389976,
            30.0485497
          ],
          [
            31.3389942,
            30.0485531
          ],
          [
            31.3389893,
            30.0485545
          ],
          [
            31.3389842,
            30.0485534
          ]
        ]
      }
    },
    {
      "type": "Feature",
      "properties": {
        "osm_way_id": "1337947568",
        "name": "Unnamed mapped way",
        "highway": "steps",
        "layer": "0",
        "bridge": "no",
        "tunnel": "no"
      },
      "geometry": {
        "type": "LineString",
        "coordinates": [
          [
            31.3390058,
            30.0484966
          ],
          [
            31.339003,
            30.0485127
          ]
        ]
      }
    },
    {
      "type": "Feature",
      "properties": {
        "osm_way_id": "1337947569",
        "name": "Unnamed mapped way",
        "highway": "steps",
        "layer": "0",
        "bridge": "no",
        "tunnel": "no"
      },
      "geometry": {
        "type": "LineString",
        "coordinates": [
          [
            31.3389512,
            30.0486596
          ],
          [
            31.3389,
            30.0486539
          ]
        ]
      }
    },
    {
      "type": "Feature",
      "properties": {
        "osm_way_id": "1337947570",
        "name": "Unnamed mapped way",
        "highway": "footway",
        "layer": "0",
        "bridge": "no",
        "tunnel": "no"
      },
      "geometry": {
        "type": "LineString",
        "coordinates": [
          [
            31.3389528,
            30.0486459
          ],
          [
            31.3390196,
            30.0486493
          ],
          [
            31.3391257,
            30.0486574
          ]
        ]
      }
    },
    {
      "type": "Feature",
      "properties": {
        "osm_way_id": "1337947571",
        "name": "Unnamed mapped way",
        "highway": "steps",
        "layer": "0",
        "bridge": "no",
        "tunnel": "no"
      },
      "geometry": {
        "type": "LineString",
        "coordinates": [
          [
            31.338902,
            30.0486403
          ],
          [
            31.3389528,
            30.0486459
          ]
        ]
      }
    },
    {
      "type": "Feature",
      "properties": {
        "osm_way_id": "1337947572",
        "name": "Unnamed mapped way",
        "highway": "footway",
        "layer": "0",
        "bridge": "no",
        "tunnel": "no"
      },
      "geometry": {
        "type": "LineString",
        "coordinates": [
          [
            31.3391219,
            30.0486809
          ],
          [
            31.3389512,
            30.0486596
          ]
        ]
      }
    },
    {
      "type": "Feature",
      "properties": {
        "osm_way_id": "1337947574",
        "name": "Unnamed mapped way",
        "highway": "footway",
        "layer": "0",
        "bridge": "no",
        "tunnel": "no"
      },
      "geometry": {
        "type": "LineString",
        "coordinates": [
          [
            31.3389,
            30.0487759
          ],
          [
            31.3388091,
            30.0487689
          ]
        ]
      }
    },
    {
      "type": "Feature",
      "properties": {
        "osm_way_id": "1337947575",
        "name": "Unnamed mapped way",
        "highway": "footway",
        "layer": "0",
        "bridge": "no",
        "tunnel": "no"
      },
      "geometry": {
        "type": "LineString",
        "coordinates": [
          [
            31.3389482,
            30.0487797
          ],
          [
            31.3389,
            30.0487759
          ]
        ]
      }
    },
    {
      "type": "Feature",
      "properties": {
        "osm_way_id": "1337947576",
        "name": "Unnamed mapped way",
        "highway": "footway",
        "layer": "0",
        "bridge": "no",
        "tunnel": "no"
      },
      "geometry": {
        "type": "LineString",
        "coordinates": [
          [
            31.3391044,
            30.048792
          ],
          [
            31.3389482,
            30.0487797
          ]
        ]
      }
    },
    {
      "type": "Feature",
      "properties": {
        "osm_way_id": "1337947577",
        "name": "Unnamed mapped way",
        "highway": "footway",
        "layer": "0",
        "bridge": "no",
        "tunnel": "no"
      },
      "geometry": {
        "type": "LineString",
        "coordinates": [
          [
            31.3388942,
            30.0486533
          ],
          [
            31.3387022,
            30.0486309
          ],
          [
            31.3386857,
            30.048628
          ],
          [
            31.3386697,
            30.0486243
          ],
          [
            31.3386543,
            30.0486188
          ]
        ]
      }
    },
    {
      "type": "Feature",
      "properties": {
        "osm_way_id": "1337947578",
        "name": "Unnamed mapped way",
        "highway": "footway",
        "layer": "0",
        "bridge": "no",
        "tunnel": "no"
      },
      "geometry": {
        "type": "LineString",
        "coordinates": [
          [
            31.3386543,
            30.0486188
          ],
          [
            31.3386709,
            30.0486188
          ],
          [
            31.338685,
            30.0486191
          ],
          [
            31.3387034,
            30.04862
          ],
          [
            31.3388946,
            30.0486395
          ]
        ]
      }
    },
    {
      "type": "Feature",
      "properties": {
        "osm_way_id": "1337947579",
        "name": "Unnamed mapped way",
        "highway": "footway",
        "layer": "0",
        "bridge": "no",
        "tunnel": "no"
      },
      "geometry": {
        "type": "LineString",
        "coordinates": [
          [
            31.3382738,
            30.0484454
          ],
          [
            31.3382775,
            30.048468
          ],
          [
            31.3382893,
            30.0484884
          ],
          [
            31.3383079,
            30.0485045
          ],
          [
            31.3383315,
            30.0485146
          ],
          [
            31.3385191,
            30.0485539
          ],
          [
            31.3385417,
            30.048557
          ],
          [
            31.3385629,
            30.0485645
          ],
          [
            31.3385815,
            30.0485759
          ],
          [
            31.3385967,
            30.0485908
          ],
          [
            31.3386106,
            30.0486028
          ],
          [
            31.3386321,
            30.0486153
          ],
          [
            31.3386543,
            30.0486188
          ]
        ]
      }
    },
    {
      "type": "Feature",
      "properties": {
        "osm_way_id": "1337947582",
        "name": "Unnamed mapped way",
        "highway": "footway",
        "layer": "0",
        "bridge": "no",
        "tunnel": "no"
      },
      "geometry": {
        "type": "LineString",
        "coordinates": [
          [
            31.3372686,
            30.0479504
          ],
          [
            31.3372638,
            30.0480003
          ]
        ]
      }
    },
    {
      "type": "Feature",
      "properties": {
        "osm_way_id": "1337947583",
        "name": "Unnamed mapped way",
        "highway": "steps",
        "layer": "0",
        "bridge": "no",
        "tunnel": "no"
      },
      "geometry": {
        "type": "LineString",
        "coordinates": [
          [
            31.3372704,
            30.0479312
          ],
          [
            31.3372686,
            30.0479504
          ]
        ]
      }
    },
    {
      "type": "Feature",
      "properties": {
        "osm_way_id": "1337965195",
        "name": "Unnamed mapped way",
        "highway": "footway",
        "layer": "0",
        "bridge": "no",
        "tunnel": "no"
      },
      "geometry": {
        "type": "LineString",
        "coordinates": [
          [
            31.3347128,
            30.0502369
          ],
          [
            31.3346639,
            30.050258
          ],
          [
            31.3345065,
            30.0503307
          ]
        ]
      }
    },
    {
      "type": "Feature",
      "properties": {
        "osm_way_id": "1337965196",
        "name": "Unnamed mapped way",
        "highway": "footway",
        "layer": "0",
        "bridge": "no",
        "tunnel": "no"
      },
      "geometry": {
        "type": "LineString",
        "coordinates": [
          [
            31.3346477,
            30.0503396
          ],
          [
            31.3345434,
            30.0503888
          ]
        ]
      }
    },
    {
      "type": "Feature",
      "properties": {
        "osm_way_id": "1337965197",
        "name": "Unnamed mapped way",
        "highway": "footway",
        "layer": "0",
        "bridge": "no",
        "tunnel": "no"
      },
      "geometry": {
        "type": "LineString",
        "coordinates": [
          [
            31.3346981,
            30.0503175
          ],
          [
            31.3346733,
            30.0503283
          ],
          [
            31.3346477,
            30.0503396
          ]
        ]
      }
    },
    {
      "type": "Feature",
      "properties": {
        "osm_way_id": "1337965198",
        "name": "Unnamed mapped way",
        "highway": "footway",
        "layer": "0",
        "bridge": "no",
        "tunnel": "no"
      },
      "geometry": {
        "type": "LineString",
        "coordinates": [
          [
            31.3346316,
            30.0503131
          ],
          [
            31.3345262,
            30.0503618
          ]
        ]
      }
    },
    {
      "type": "Feature",
      "properties": {
        "osm_way_id": "1337975834",
        "name": "Unnamed mapped way",
        "highway": "footway",
        "layer": "0",
        "bridge": "no",
        "tunnel": "no"
      },
      "geometry": {
        "type": "LineString",
        "coordinates": [
          [
            31.3345837,
            30.0511937
          ],
          [
            31.3345585,
            30.0513627
          ]
        ]
      }
    },
    {
      "type": "Feature",
      "properties": {
        "osm_way_id": "1337975835",
        "name": "Unnamed mapped way",
        "highway": "footway",
        "layer": "0",
        "bridge": "no",
        "tunnel": "no"
      },
      "geometry": {
        "type": "LineString",
        "coordinates": [
          [
            31.3345901,
            30.0511503
          ],
          [
            31.3345837,
            30.0511937
          ]
        ]
      }
    },
    {
      "type": "Feature",
      "properties": {
        "osm_way_id": "1337975837",
        "name": "Unnamed mapped way",
        "highway": "footway",
        "layer": "0",
        "bridge": "no",
        "tunnel": "no"
      },
      "geometry": {
        "type": "LineString",
        "coordinates": [
          [
            31.3345915,
            30.0511409
          ],
          [
            31.3345901,
            30.0511503
          ]
        ]
      }
    },
    {
      "type": "Feature",
      "properties": {
        "osm_way_id": "1337975838",
        "name": "Unnamed mapped way",
        "highway": "footway",
        "layer": "0",
        "bridge": "no",
        "tunnel": "no"
      },
      "geometry": {
        "type": "LineString",
        "coordinates": [
          [
            31.3344287,
            30.0511062
          ],
          [
            31.3345106,
            30.0508675
          ]
        ]
      }
    },
    {
      "type": "Feature",
      "properties": {
        "osm_way_id": "1337975839",
        "name": "Unnamed mapped way",
        "highway": "footway",
        "layer": "0",
        "bridge": "no",
        "tunnel": "no"
      },
      "geometry": {
        "type": "LineString",
        "coordinates": [
          [
            31.3348317,
            30.0511178
          ],
          [
            31.3348082,
            30.0508839
          ]
        ]
      }
    },
    {
      "type": "Feature",
      "properties": {
        "osm_way_id": "1337975840",
        "name": "Unnamed mapped way",
        "highway": "footway",
        "layer": "0",
        "bridge": "no",
        "tunnel": "no"
      },
      "geometry": {
        "type": "LineString",
        "coordinates": [
          [
            31.3347047,
            30.0511561
          ],
          [
            31.3346907,
            30.0511571
          ],
          [
            31.3346755,
            30.0511552
          ],
          [
            31.3345915,
            30.0511409
          ],
          [
            31.3345306,
            30.0511329
          ],
          [
            31.3344958,
            30.0511265
          ],
          [
            31.3344545,
            30.0511134
          ],
          [
            31.3344287,
            30.0511062
          ],
          [
            31.3343861,
            30.0510993
          ],
          [
            31.3343436,
            30.0510963
          ],
          [
            31.3342985,
            30.0510971
          ],
          [
            31.3342644,
            30.0510931
          ],
          [
            31.3342322,
            30.0510824
          ],
          [
            31.3342047,
            30.0510661
          ],
          [
            31.3341822,
            30.0510448
          ],
          [
            31.3341638,
            30.0510145
          ],
          [
            31.3341614,
            30.0509949
          ],
          [
            31.3341623,
            30.0509699
          ],
          [
            31.3341685,
            30.0509454
          ],
          [
            31.3341826,
            30.0509181
          ],
          [
            31.3342033,
            30.0508941
          ],
          [
            31.3342336,
            30.0508746
          ],
          [
            31.3342671,
            30.0508612
          ],
          [
            31.3343067,
            30.0508537
          ],
          [
            31.3343412,
            30.0508521
          ],
          [
            31.3343757,
            30.0508551
          ],
          [
            31.3345106,
            30.0508675
          ],
          [
            31.3345447,
            30.0508723
          ],
          [
            31.3347848,
            30.0508868
          ],
          [
            31.3348082,
            30.0508839
          ],
          [
            31.334827,
            30.050881
          ],
          [
            31.3348481,
            30.0508722
          ],
          [
            31.3348834,
            30.050857
          ],
          [
            31.3349243,
            30.0508427
          ],
          [
            31.3349676,
            30.0508336
          ],
          [
            31.3350119,
            30.0508302
          ],
          [
            31.3350564,
            30.0508325
          ],
          [
            31.3351,
            30.0508404
          ],
          [
            31.3351325,
            30.0508574
          ],
          [
            31.3351594,
            30.0508807
          ],
          [
            31.3351791,
            30.0509088
          ],
          [
            31.33519,
            30.0509382
          ],
          [
            31.335193,
            30.050969
          ],
          [
            31.3351879,
            30.0509996
          ],
          [
            31.3351751,
            30.0510284
          ],
          [
            31.3351545,
            30.0510595
          ],
          [
            31.3351274,
            30.0510866
          ],
          [
            31.3350946,
            30.0511085
          ],
          [
            31.3350591,
            30.0511239
          ],
          [
            31.3350209,
            30.0511333
          ],
          [
            31.3349873,
            30.0511352
          ],
          [
            31.334949,
            30.0511323
          ],
          [
            31.334919,
            30.0511269
          ],
          [
            31.3348971,
            30.051123
          ],
          [
            31.3348746,
            30.0511203
          ],
          [
            31.3348317,
            30.0511178
          ],
          [
            31.3347811,
            30.0511257
          ],
          [
            31.3347426,
            30.0511384
          ],
          [
            31.3347231,
            30.0511492
          ],
          [
            31.3347047,
            30.0511561
          ]
        ]
      }
    },
    {
      "type": "Feature",
      "properties": {
        "osm_way_id": "1338219084",
        "name": "Unnamed mapped way",
        "highway": "footway",
        "layer": "0",
        "bridge": "no",
        "tunnel": "no"
      },
      "geometry": {
        "type": "LineString",
        "coordinates": [
          [
            31.3362505,
            30.0501787
          ],
          [
            31.3362452,
            30.0501668
          ],
          [
            31.3362419,
            30.0501543
          ],
          [
            31.3362422,
            30.0501401
          ],
          [
            31.3362466,
            30.0501264
          ],
          [
            31.336258,
            30.0501166
          ],
          [
            31.3362942,
            30.050085
          ]
        ]
      }
    },
    {
      "type": "Feature",
      "properties": {
        "osm_way_id": "1338219087",
        "name": "Unnamed mapped way",
        "highway": "steps",
        "layer": "0",
        "bridge": "no",
        "tunnel": "no"
      },
      "geometry": {
        "type": "LineString",
        "coordinates": [
          [
            31.3371227,
            30.048599
          ],
          [
            31.3371407,
            30.0486435
          ]
        ]
      }
    },
    {
      "type": "Feature",
      "properties": {
        "osm_way_id": "1338219088",
        "name": "Unnamed mapped way",
        "highway": "footway",
        "layer": "0",
        "bridge": "no",
        "tunnel": "no"
      },
      "geometry": {
        "type": "LineString",
        "coordinates": [
          [
            31.3370869,
            30.0486012
          ],
          [
            31.3371024,
            30.0486002
          ],
          [
            31.3371227,
            30.048599
          ]
        ]
      }
    },
    {
      "type": "Feature",
      "properties": {
        "osm_way_id": "1338219092",
        "name": "Unnamed mapped way",
        "highway": "footway",
        "layer": "0",
        "bridge": "no",
        "tunnel": "no"
      },
      "geometry": {
        "type": "LineString",
        "coordinates": [
          [
            31.3371003,
            30.0485764
          ],
          [
            31.3371024,
            30.0486002
          ]
        ]
      }
    },
    {
      "type": "Feature",
      "properties": {
        "osm_way_id": "1338219093",
        "name": "Unnamed mapped way",
        "highway": "footway",
        "layer": "0",
        "bridge": "no",
        "tunnel": "no"
      },
      "geometry": {
        "type": "LineString",
        "coordinates": [
          [
            31.3370948,
            30.0485205
          ],
          [
            31.3371003,
            30.0485764
          ]
        ]
      }
    },
    {
      "type": "Feature",
      "properties": {
        "osm_way_id": "1338579215",
        "name": "Unnamed mapped way",
        "highway": "footway",
        "layer": "0",
        "bridge": "no",
        "tunnel": "no"
      },
      "geometry": {
        "type": "LineString",
        "coordinates": [
          [
            31.3350493,
            30.0477392
          ],
          [
            31.335063,
            30.0477296
          ]
        ]
      }
    },
    {
      "type": "Feature",
      "properties": {
        "osm_way_id": "1338579216",
        "name": "Unnamed mapped way",
        "highway": "steps",
        "layer": "0",
        "bridge": "no",
        "tunnel": "no"
      },
      "geometry": {
        "type": "LineString",
        "coordinates": [
          [
            31.3350303,
            30.0477558
          ],
          [
            31.3350493,
            30.0477392
          ]
        ]
      }
    },
    {
      "type": "Feature",
      "properties": {
        "osm_way_id": "1338579217",
        "name": "Unnamed mapped way",
        "highway": "footway",
        "layer": "0",
        "bridge": "no",
        "tunnel": "no"
      },
      "geometry": {
        "type": "LineString",
        "coordinates": [
          [
            31.3350073,
            30.0478074
          ],
          [
            31.3350084,
            30.0477933
          ],
          [
            31.3350127,
            30.0477796
          ],
          [
            31.3350201,
            30.0477669
          ],
          [
            31.3350303,
            30.0477558
          ]
        ]
      }
    },
    {
      "type": "Feature",
      "properties": {
        "osm_way_id": "1339229953",
        "name": "Ali Amin Street",
        "highway": "primary",
        "layer": "0",
        "bridge": "no",
        "tunnel": "no"
      },
      "geometry": {
        "type": "LineString",
        "coordinates": [
          [
            31.3296573,
            30.05268
          ],
          [
            31.3300396,
            30.0527205
          ],
          [
            31.3301284,
            30.0527271
          ],
          [
            31.3302139,
            30.0527489
          ],
          [
            31.3302927,
            30.0527849
          ],
          [
            31.3303617,
            30.0528337
          ]
        ]
      }
    },
    {
      "type": "Feature",
      "properties": {
        "osm_way_id": "1339229954",
        "name": "Ali Amin Street",
        "highway": "primary",
        "layer": "0",
        "bridge": "no",
        "tunnel": "no"
      },
      "geometry": {
        "type": "LineString",
        "coordinates": [
          [
            31.3278156,
            30.0524827
          ],
          [
            31.3288319,
            30.0525879
          ],
          [
            31.3289201,
            30.0525982
          ],
          [
            31.3296573,
            30.05268
          ]
        ]
      }
    },
    {
      "type": "Feature",
      "properties": {
        "osm_way_id": "1339461910",
        "name": "Unnamed mapped way",
        "highway": "service",
        "layer": "0",
        "bridge": "no",
        "tunnel": "no"
      },
      "geometry": {
        "type": "LineString",
        "coordinates": [
          [
            31.3319765,
            30.0601807
          ],
          [
            31.3320876,
            30.0601905
          ],
          [
            31.332136,
            30.0601993
          ],
          [
            31.3321812,
            30.0602167
          ],
          [
            31.3322213,
            30.0602418
          ],
          [
            31.3322545,
            30.0602735
          ]
        ]
      }
    },
    {
      "type": "Feature",
      "properties": {
        "osm_way_id": "1339471922",
        "name": "Unnamed mapped way",
        "highway": "service",
        "layer": "0",
        "bridge": "no",
        "tunnel": "no"
      },
      "geometry": {
        "type": "LineString",
        "coordinates": [
          [
            31.3278353,
            30.0523615
          ],
          [
            31.3278156,
            30.0524827
          ]
        ]
      }
    },
    {
      "type": "Feature",
      "properties": {
        "osm_way_id": "1339471923",
        "name": "Unnamed mapped way",
        "highway": "service",
        "layer": "0",
        "bridge": "no",
        "tunnel": "no"
      },
      "geometry": {
        "type": "LineString",
        "coordinates": [
          [
            31.3288319,
            30.0525879
          ],
          [
            31.3288476,
            30.0524816
          ]
        ]
      }
    },
    {
      "type": "Feature",
      "properties": {
        "osm_way_id": "1339471924",
        "name": "Unnamed mapped way",
        "highway": "service",
        "layer": "0",
        "bridge": "no",
        "tunnel": "no"
      },
      "geometry": {
        "type": "LineString",
        "coordinates": [
          [
            31.3284772,
            30.0516574
          ],
          [
            31.3287002,
            30.0516878
          ]
        ]
      }
    },
    {
      "type": "Feature",
      "properties": {
        "osm_way_id": "1339471925",
        "name": "Unnamed mapped way",
        "highway": "service",
        "layer": "0",
        "bridge": "no",
        "tunnel": "no"
      },
      "geometry": {
        "type": "LineString",
        "coordinates": [
          [
            31.3285777,
            30.0510461
          ],
          [
            31.3288356,
            30.0510827
          ]
        ]
      }
    },
    {
      "type": "Feature",
      "properties": {
        "osm_way_id": "1339471926",
        "name": "Unnamed mapped way",
        "highway": "service",
        "layer": "0",
        "bridge": "no",
        "tunnel": "no"
      },
      "geometry": {
        "type": "LineString",
        "coordinates": [
          [
            31.3273682,
            30.0516237
          ],
          [
            31.3279002,
            30.0516924
          ]
        ]
      }
    },
    {
      "type": "Feature",
      "properties": {
        "osm_way_id": "1339471927",
        "name": "Unnamed mapped way",
        "highway": "service",
        "layer": "0",
        "bridge": "no",
        "tunnel": "no"
      },
      "geometry": {
        "type": "LineString",
        "coordinates": [
          [
            31.3276596,
            30.0509899
          ],
          [
            31.3275391,
            30.0515397
          ]
        ]
      }
    },
    {
      "type": "Feature",
      "properties": {
        "osm_way_id": "1339471928",
        "name": "Unnamed mapped way",
        "highway": "service",
        "layer": "0",
        "bridge": "no",
        "tunnel": "no"
      },
      "geometry": {
        "type": "LineString",
        "coordinates": [
          [
            31.3275155,
            30.0509503
          ],
          [
            31.3276596,
            30.0509899
          ],
          [
            31.3277601,
            30.0510296
          ],
          [
            31.3277883,
            30.0510498
          ],
          [
            31.3278106,
            30.051075
          ],
          [
            31.3278258,
            30.0511039
          ],
          [
            31.3278332,
            30.0511372
          ],
          [
            31.3278311,
            30.0511712
          ],
          [
            31.327785,
            30.0513626
          ],
          [
            31.3277703,
            30.0514026
          ],
          [
            31.3277442,
            30.0514379
          ],
          [
            31.3277083,
            30.0514661
          ],
          [
            31.3275391,
            30.0515397
          ],
          [
            31.3273722,
            30.0516061
          ]
        ]
      }
    },
    {
      "type": "Feature",
      "properties": {
        "osm_way_id": "1339471929",
        "name": "Unnamed mapped way",
        "highway": "service",
        "layer": "0",
        "bridge": "no",
        "tunnel": "no"
      },
      "geometry": {
        "type": "LineString",
        "coordinates": [
          [
            31.3282382,
            30.051844
          ],
          [
            31.3284036,
            30.0511276
          ],
          [
            31.3284064,
            30.0511096
          ],
          [
            31.3284004,
            30.0510922
          ],
          [
            31.3283867,
            30.0510786
          ],
          [
            31.3283676,
            30.051071
          ],
          [
            31.3282939,
            30.0510601
          ],
          [
            31.3282718,
            30.0510591
          ],
          [
            31.3282518,
            30.0510671
          ],
          [
            31.3282382,
            30.0510821
          ],
          [
            31.3282343,
            30.0511009
          ],
          [
            31.3280763,
            30.0518242
          ]
        ]
      }
    },
    {
      "type": "Feature",
      "properties": {
        "osm_way_id": "1339486990",
        "name": "Unnamed mapped way",
        "highway": "service",
        "layer": "0",
        "bridge": "no",
        "tunnel": "no"
      },
      "geometry": {
        "type": "LineString",
        "coordinates": [
          [
            31.3284276,
            30.0519591
          ],
          [
            31.3284321,
            30.0519315
          ]
        ]
      }
    },
    {
      "type": "Feature",
      "properties": {
        "osm_way_id": "1339486991",
        "name": "Unnamed mapped way",
        "highway": "residential",
        "layer": "0",
        "bridge": "no",
        "tunnel": "no"
      },
      "geometry": {
        "type": "LineString",
        "coordinates": [
          [
            31.3250622,
            30.0462346
          ],
          [
            31.3248499,
            30.0460646
          ]
        ]
      }
    },
    {
      "type": "Feature",
      "properties": {
        "osm_way_id": "1339486993",
        "name": "Unnamed mapped way",
        "highway": "residential",
        "layer": "0",
        "bridge": "no",
        "tunnel": "no"
      },
      "geometry": {
        "type": "LineString",
        "coordinates": [
          [
            31.3252934,
            30.0449561
          ],
          [
            31.3255151,
            30.0451381
          ],
          [
            31.3255324,
            30.0451624
          ],
          [
            31.3255388,
            30.0451904
          ],
          [
            31.3255334,
            30.0452185
          ],
          [
            31.3255169,
            30.0452432
          ],
          [
            31.3254212,
            30.0453378
          ]
        ]
      }
    },
    {
      "type": "Feature",
      "properties": {
        "osm_way_id": "1339486996",
        "name": "Unnamed mapped way",
        "highway": "residential",
        "layer": "0",
        "bridge": "no",
        "tunnel": "no"
      },
      "geometry": {
        "type": "LineString",
        "coordinates": [
          [
            31.3269784,
            30.0451684
          ],
          [
            31.3270507,
            30.0448607
          ],
          [
            31.3270541,
            30.0448379
          ],
          [
            31.3270479,
            30.0448155
          ],
          [
            31.3270328,
            30.0447966
          ],
          [
            31.3270108,
            30.0447836
          ],
          [
            31.3269849,
            30.0447777
          ],
          [
            31.326769,
            30.0447377
          ]
        ]
      }
    },
    {
      "type": "Feature",
      "properties": {
        "osm_way_id": "1339487004",
        "name": "Unnamed mapped way",
        "highway": "service",
        "layer": "0",
        "bridge": "no",
        "tunnel": "no"
      },
      "geometry": {
        "type": "LineString",
        "coordinates": [
          [
            31.3270546,
            30.0509135
          ],
          [
            31.3270801,
            30.0507881
          ]
        ]
      }
    },
    {
      "type": "Feature",
      "properties": {
        "osm_way_id": "1339487008",
        "name": "Unnamed mapped way",
        "highway": "footway",
        "layer": "0",
        "bridge": "no",
        "tunnel": "no"
      },
      "geometry": {
        "type": "LineString",
        "coordinates": [
          [
            31.3263703,
            30.0517608
          ],
          [
            31.3263881,
            30.0517417
          ],
          [
            31.326412,
            30.0517293
          ],
          [
            31.3264394,
            30.0517249
          ],
          [
            31.3264668,
            30.0517289
          ],
          [
            31.326491,
            30.0517409
          ],
          [
            31.3265088,
            30.0517594
          ],
          [
            31.3265181,
            30.0517821
          ],
          [
            31.3265178,
            30.0518062
          ],
          [
            31.3265084,
            30.051828
          ],
          [
            31.3264911,
            30.0518458
          ],
          [
            31.3264679,
            30.0518576
          ],
          [
            31.3264415,
            30.051862
          ],
          [
            31.3264149,
            30.0518584
          ],
          [
            31.3263912,
            30.0518474
          ],
          [
            31.3263731,
            30.0518302
          ],
          [
            31.3263628,
            30.0518087
          ],
          [
            31.3263615,
            30.0517842
          ],
          [
            31.3263703,
            30.0517608
          ]
        ]
      }
    },
    {
      "type": "Feature",
      "properties": {
        "osm_way_id": "1339487009",
        "name": "Unnamed mapped way",
        "highway": "footway",
        "layer": "0",
        "bridge": "no",
        "tunnel": "no"
      },
      "geometry": {
        "type": "LineString",
        "coordinates": [
          [
            31.3267223,
            30.0520044
          ],
          [
            31.3269017,
            30.052022
          ],
          [
            31.3269313,
            30.0518839
          ]
        ]
      }
    },
    {
      "type": "Feature",
      "properties": {
        "osm_way_id": "1339487010",
        "name": "Unnamed mapped way",
        "highway": "footway",
        "layer": "0",
        "bridge": "no",
        "tunnel": "no"
      },
      "geometry": {
        "type": "LineString",
        "coordinates": [
          [
            31.3267019,
            30.0520981
          ],
          [
            31.3267223,
            30.0520044
          ],
          [
            31.3267538,
            30.0518599
          ],
          [
            31.3267552,
            30.0518532
          ],
          [
            31.3267533,
            30.0518466
          ],
          [
            31.3267484,
            30.0518412
          ],
          [
            31.3267413,
            30.0518382
          ],
          [
            31.3267088,
            30.0518333
          ],
          [
            31.3266758,
            30.0518285
          ]
        ]
      }
    },
    {
      "type": "Feature",
      "properties": {
        "osm_way_id": "1339487012",
        "name": "Unnamed mapped way",
        "highway": "service",
        "layer": "0",
        "bridge": "no",
        "tunnel": "no"
      },
      "geometry": {
        "type": "LineString",
        "coordinates": [
          [
            31.3270217,
            30.0515744
          ],
          [
            31.3271711,
            30.0509318
          ]
        ]
      }
    },
    {
      "type": "Feature",
      "properties": {
        "osm_way_id": "1339487013",
        "name": "Unnamed mapped way",
        "highway": "service",
        "layer": "0",
        "bridge": "no",
        "tunnel": "no"
      },
      "geometry": {
        "type": "LineString",
        "coordinates": [
          [
            31.3272286,
            30.0516123
          ],
          [
            31.3270217,
            30.0515744
          ],
          [
            31.3268978,
            30.0515511
          ],
          [
            31.3268687,
            30.0515434
          ],
          [
            31.3268447,
            30.0515273
          ],
          [
            31.3268289,
            30.0515049
          ],
          [
            31.3268235,
            30.051479
          ],
          [
            31.326829,
            30.0514532
          ],
          [
            31.3269501,
            30.0509399
          ],
          [
            31.3269566,
            30.0509233
          ],
          [
            31.3269704,
            30.0509109
          ],
          [
            31.3269894,
            30.0509058
          ],
          [
            31.3270088,
            30.0509082
          ],
          [
            31.3270546,
            30.0509135
          ],
          [
            31.3271711,
            30.0509318
          ],
          [
            31.3273855,
            30.0509657
          ]
        ]
      }
    },
    {
      "type": "Feature",
      "properties": {
        "osm_way_id": "1339851716",
        "name": "Unnamed mapped way",
        "highway": "service",
        "layer": "0",
        "bridge": "no",
        "tunnel": "no"
      },
      "geometry": {
        "type": "LineString",
        "coordinates": [
          [
            31.3251753,
            30.0576977
          ],
          [
            31.3253082,
            30.057713
          ]
        ]
      }
    },
    {
      "type": "Feature",
      "properties": {
        "osm_way_id": "1339851717",
        "name": "Unnamed mapped way",
        "highway": "service",
        "layer": "0",
        "bridge": "no",
        "tunnel": "no"
      },
      "geometry": {
        "type": "LineString",
        "coordinates": [
          [
            31.3249776,
            30.0582619
          ],
          [
            31.3249929,
            30.0581667
          ],
          [
            31.3250354,
            30.0579024
          ],
          [
            31.3250597,
            30.0577367
          ],
          [
            31.3250655,
            30.0577174
          ],
          [
            31.3250799,
            30.0577019
          ],
          [
            31.3251004,
            30.0576928
          ],
          [
            31.3251234,
            30.0576919
          ],
          [
            31.3251753,
            30.0576977
          ]
        ]
      }
    },
    {
      "type": "Feature",
      "properties": {
        "osm_way_id": "1339851719",
        "name": "Unnamed mapped way",
        "highway": "footway",
        "layer": "0",
        "bridge": "no",
        "tunnel": "no"
      },
      "geometry": {
        "type": "LineString",
        "coordinates": [
          [
            31.3252965,
            30.0578649
          ],
          [
            31.3252938,
            30.0579044
          ],
          [
            31.3253132,
            30.057938
          ],
          [
            31.3252851,
            30.0579566
          ],
          [
            31.3252804,
            30.0579908
          ],
          [
            31.3252314,
            30.0579821
          ],
          [
            31.3252066,
            30.0580048
          ],
          [
            31.3251851,
            30.0579804
          ],
          [
            31.3251409,
            30.0579769
          ],
          [
            31.3251463,
            30.0579374
          ],
          [
            31.3251261,
            30.0579113
          ],
          [
            31.3251436,
            30.0578887
          ],
          [
            31.3251536,
            30.0578527
          ],
          [
            31.3251945,
            30.0578539
          ],
          [
            31.3252321,
            30.0578347
          ],
          [
            31.3252569,
            30.0578614
          ],
          [
            31.3252965,
            30.0578649
          ]
        ]
      }
    },
    {
      "type": "Feature",
      "properties": {
        "osm_way_id": "1339851720",
        "name": "Unnamed mapped way",
        "highway": "footway",
        "layer": "0",
        "bridge": "no",
        "tunnel": "no"
      },
      "geometry": {
        "type": "LineString",
        "coordinates": [
          [
            31.3250354,
            30.0579024
          ],
          [
            31.3251261,
            30.0579113
          ]
        ]
      }
    },
    {
      "type": "Feature",
      "properties": {
        "osm_way_id": "1339851721",
        "name": "Unnamed mapped way",
        "highway": "footway",
        "layer": "0",
        "bridge": "no",
        "tunnel": "no"
      },
      "geometry": {
        "type": "LineString",
        "coordinates": [
          [
            31.3253985,
            30.0579453
          ],
          [
            31.3253132,
            30.057938
          ]
        ]
      }
    },
    {
      "type": "Feature",
      "properties": {
        "osm_way_id": "1339851730",
        "name": "Unnamed mapped way",
        "highway": "service",
        "layer": "0",
        "bridge": "no",
        "tunnel": "no"
      },
      "geometry": {
        "type": "LineString",
        "coordinates": [
          [
            31.325413,
            30.0585546
          ],
          [
            31.3254372,
            30.0584255
          ],
          [
            31.3254402,
            30.0584093
          ],
          [
            31.3254515,
            30.0583962
          ],
          [
            31.3254685,
            30.058389
          ],
          [
            31.3254874,
            30.0583895
          ],
          [
            31.3258088,
            30.058411
          ]
        ]
      }
    },
    {
      "type": "Feature",
      "properties": {
        "osm_way_id": "1339851731",
        "name": "Unnamed mapped way",
        "highway": "service",
        "layer": "0",
        "bridge": "no",
        "tunnel": "no"
      },
      "geometry": {
        "type": "LineString",
        "coordinates": [
          [
            31.3258624,
            30.0582497
          ],
          [
            31.3253678,
            30.0582025
          ],
          [
            31.3249929,
            30.0581667
          ],
          [
            31.3245079,
            30.0581208
          ]
        ]
      }
    },
    {
      "type": "Feature",
      "properties": {
        "osm_way_id": "1339851733",
        "name": "Unnamed mapped way",
        "highway": "service",
        "layer": "0",
        "bridge": "no",
        "tunnel": "no"
      },
      "geometry": {
        "type": "LineString",
        "coordinates": [
          [
            31.3253563,
            30.0582987
          ],
          [
            31.3253267,
            30.0585467
          ]
        ]
      }
    },
    {
      "type": "Feature",
      "properties": {
        "osm_way_id": "1340017345",
        "name": "Unnamed mapped way",
        "highway": "service",
        "layer": "0",
        "bridge": "no",
        "tunnel": "no"
      },
      "geometry": {
        "type": "LineString",
        "coordinates": [
          [
            31.3436217,
            30.0450771
          ],
          [
            31.3436416,
            30.0449529
          ]
        ]
      }
    },
    {
      "type": "Feature",
      "properties": {
        "osm_way_id": "1340017351",
        "name": "Unnamed mapped way",
        "highway": "service",
        "layer": "0",
        "bridge": "no",
        "tunnel": "no"
      },
      "geometry": {
        "type": "LineString",
        "coordinates": [
          [
            31.344698,
            30.0450662
          ],
          [
            31.3446809,
            30.0451895
          ]
        ]
      }
    },
    {
      "type": "Feature",
      "properties": {
        "osm_way_id": "1340017352",
        "name": "Unnamed mapped way",
        "highway": "service",
        "layer": "0",
        "bridge": "no",
        "tunnel": "no"
      },
      "geometry": {
        "type": "LineString",
        "coordinates": [
          [
            31.3445513,
            30.0451771
          ],
          [
            31.3445674,
            30.0450524
          ]
        ]
      }
    },
    {
      "type": "Feature",
      "properties": {
        "osm_way_id": "1340231702",
        "name": "Unnamed mapped way",
        "highway": "footway",
        "layer": "0",
        "bridge": "no",
        "tunnel": "no"
      },
      "geometry": {
        "type": "LineString",
        "coordinates": [
          [
            31.3355657,
            30.0598893
          ],
          [
            31.3356364,
            30.0593741
          ]
        ]
      }
    },
    {
      "type": "Feature",
      "properties": {
        "osm_way_id": "1340231703",
        "name": "Unnamed mapped way",
        "highway": "service",
        "layer": "0",
        "bridge": "no",
        "tunnel": "no"
      },
      "geometry": {
        "type": "LineString",
        "coordinates": [
          [
            31.3379447,
            30.0542431
          ],
          [
            31.3379363,
            30.054328
          ],
          [
            31.3379353,
            30.05434
          ],
          [
            31.3379406,
            30.054351
          ],
          [
            31.3379511,
            30.0543588
          ],
          [
            31.3379646,
            30.0543617
          ],
          [
            31.3380852,
            30.0543727
          ],
          [
            31.3381032,
            30.0543732
          ],
          [
            31.3381193,
            30.0543664
          ],
          [
            31.33813,
            30.0543538
          ],
          [
            31.3381326,
            30.0543384
          ],
          [
            31.3381488,
            30.0542157
          ],
          [
            31.3379926,
            30.0542016
          ],
          [
            31.3379733,
            30.054203
          ],
          [
            31.3379568,
            30.0542119
          ],
          [
            31.337947,
            30.0542264
          ],
          [
            31.3379447,
            30.0542431
          ]
        ]
      }
    },
    {
      "type": "Feature",
      "properties": {
        "osm_way_id": "1340231704",
        "name": "Unnamed mapped way",
        "highway": "service",
        "layer": "0",
        "bridge": "no",
        "tunnel": "no"
      },
      "geometry": {
        "type": "LineString",
        "coordinates": [
          [
            31.3377835,
            30.0541278
          ],
          [
            31.337822,
            30.0538254
          ]
        ]
      }
    },
    {
      "type": "Feature",
      "properties": {
        "osm_way_id": "1340231705",
        "name": "Unnamed mapped way",
        "highway": "service",
        "layer": "0",
        "bridge": "no",
        "tunnel": "no"
      },
      "geometry": {
        "type": "LineString",
        "coordinates": [
          [
            31.3331228,
            30.0554297
          ],
          [
            31.3331279,
            30.0553865
          ]
        ]
      }
    },
    {
      "type": "Feature",
      "properties": {
        "osm_way_id": "1340231706",
        "name": "Unnamed mapped way",
        "highway": "service",
        "layer": "0",
        "bridge": "no",
        "tunnel": "no"
      },
      "geometry": {
        "type": "LineString",
        "coordinates": [
          [
            31.3332509,
            30.0543194
          ],
          [
            31.3332676,
            30.054232
          ]
        ]
      }
    },
    {
      "type": "Feature",
      "properties": {
        "osm_way_id": "1340231707",
        "name": "Unnamed mapped way",
        "highway": "service",
        "layer": "0",
        "bridge": "no",
        "tunnel": "no"
      },
      "geometry": {
        "type": "LineString",
        "coordinates": [
          [
            31.3338482,
            30.0542976
          ],
          [
            31.3338368,
            30.0543781
          ]
        ]
      }
    },
    {
      "type": "Feature",
      "properties": {
        "osm_way_id": "1340231708",
        "name": "Nabil Abd Al Rahman Street",
        "highway": "residential",
        "layer": "0",
        "bridge": "no",
        "tunnel": "no"
      },
      "geometry": {
        "type": "LineString",
        "coordinates": [
          [
            31.3421071,
            30.0566327
          ],
          [
            31.3420915,
            30.0567401
          ]
        ]
      }
    },
    {
      "type": "Feature",
      "properties": {
        "osm_way_id": "1340231709",
        "name": "Nabil Abd Al Rahman Street",
        "highway": "residential",
        "layer": "0",
        "bridge": "no",
        "tunnel": "no"
      },
      "geometry": {
        "type": "LineString",
        "coordinates": [
          [
            31.3421394,
            30.0564109
          ],
          [
            31.3421071,
            30.0566327
          ]
        ]
      }
    },
    {
      "type": "Feature",
      "properties": {
        "osm_way_id": "1340233106",
        "name": "Unnamed mapped way",
        "highway": "footway",
        "layer": "0",
        "bridge": "no",
        "tunnel": "no"
      },
      "geometry": {
        "type": "LineString",
        "coordinates": [
          [
            31.3389,
            30.0486539
          ],
          [
            31.3388942,
            30.0486533
          ]
        ]
      }
    },
    {
      "type": "Feature",
      "properties": {
        "osm_way_id": "1340233107",
        "name": "Unnamed mapped way",
        "highway": "footway",
        "layer": "0",
        "bridge": "no",
        "tunnel": "no"
      },
      "geometry": {
        "type": "LineString",
        "coordinates": [
          [
            31.3388946,
            30.0486395
          ],
          [
            31.338902,
            30.0486403
          ]
        ]
      }
    },
    {
      "type": "Feature",
      "properties": {
        "osm_way_id": "1340238480",
        "name": "Unnamed mapped way",
        "highway": "footway",
        "layer": "0",
        "bridge": "no",
        "tunnel": "no"
      },
      "geometry": {
        "type": "LineString",
        "coordinates": [
          [
            31.3426258,
            30.0499283
          ],
          [
            31.34248,
            30.0500568
          ]
        ]
      }
    },
    {
      "type": "Feature",
      "properties": {
        "osm_way_id": "1340238481",
        "name": "Unnamed mapped way",
        "highway": "footway",
        "layer": "0",
        "bridge": "no",
        "tunnel": "no"
      },
      "geometry": {
        "type": "LineString",
        "coordinates": [
          [
            31.3426624,
            30.0499807
          ],
          [
            31.3427623,
            30.049878
          ],
          [
            31.3427715,
            30.0498682
          ],
          [
            31.3427845,
            30.0498624
          ],
          [
            31.342799,
            30.0498618
          ],
          [
            31.3428126,
            30.0498664
          ],
          [
            31.3428239,
            30.0498769
          ],
          [
            31.3428282,
            30.0498907
          ],
          [
            31.3428247,
            30.0499047
          ],
          [
            31.3427123,
            30.0500287
          ]
        ]
      }
    },
    {
      "type": "Feature",
      "properties": {
        "osm_way_id": "1341560939",
        "name": "Unnamed mapped way",
        "highway": "service",
        "layer": "0",
        "bridge": "no",
        "tunnel": "no"
      },
      "geometry": {
        "type": "LineString",
        "coordinates": [
          [
            31.3253714,
            30.0547722
          ],
          [
            31.3255352,
            30.0547918
          ]
        ]
      }
    },
    {
      "type": "Feature",
      "properties": {
        "osm_way_id": "1341560943",
        "name": "Unnamed mapped way",
        "highway": "footway",
        "layer": "0",
        "bridge": "no",
        "tunnel": "no"
      },
      "geometry": {
        "type": "LineString",
        "coordinates": [
          [
            31.3256289,
            30.0546372
          ],
          [
            31.3256339,
            30.0545857
          ]
        ]
      }
    },
    {
      "type": "Feature",
      "properties": {
        "osm_way_id": "1341560944",
        "name": "Unnamed mapped way",
        "highway": "footway",
        "layer": "0",
        "bridge": "no",
        "tunnel": "no"
      },
      "geometry": {
        "type": "LineString",
        "coordinates": [
          [
            31.3257855,
            30.0546022
          ],
          [
            31.3257793,
            30.0546537
          ]
        ]
      }
    },
    {
      "type": "Feature",
      "properties": {
        "osm_way_id": "1341560946",
        "name": "Unnamed mapped way",
        "highway": "footway",
        "layer": "0",
        "bridge": "no",
        "tunnel": "no"
      },
      "geometry": {
        "type": "LineString",
        "coordinates": [
          [
            31.3254752,
            30.0545685
          ],
          [
            31.3254694,
            30.0546196
          ],
          [
            31.3254612,
            30.0546922
          ]
        ]
      }
    },
    {
      "type": "Feature",
      "properties": {
        "osm_way_id": "1341560947",
        "name": "Unnamed mapped way",
        "highway": "footway",
        "layer": "0",
        "bridge": "no",
        "tunnel": "no"
      },
      "geometry": {
        "type": "LineString",
        "coordinates": [
          [
            31.3262335,
            30.05487
          ],
          [
            31.3262428,
            30.0547906
          ]
        ]
      }
    },
    {
      "type": "Feature",
      "properties": {
        "osm_way_id": "1343801141",
        "name": "Unnamed mapped way",
        "highway": "service",
        "layer": "0",
        "bridge": "no",
        "tunnel": "no"
      },
      "geometry": {
        "type": "LineString",
        "coordinates": [
          [
            31.3276755,
            30.0507765
          ],
          [
            31.3276949,
            30.0508039
          ],
          [
            31.3277178,
            30.0508287
          ],
          [
            31.3277415,
            30.0508493
          ],
          [
            31.3277661,
            30.0508647
          ],
          [
            31.327805,
            30.0508775
          ],
          [
            31.3280759,
            30.0509222
          ]
        ]
      }
    },
    {
      "type": "Feature",
      "properties": {
        "osm_way_id": "1343801142",
        "name": "Unnamed mapped way",
        "highway": "service",
        "layer": "0",
        "bridge": "no",
        "tunnel": "no"
      },
      "geometry": {
        "type": "LineString",
        "coordinates": [
          [
            31.3323056,
            30.0464909
          ],
          [
            31.3323238,
            30.0463432
          ]
        ]
      }
    },
    {
      "type": "Feature",
      "properties": {
        "osm_way_id": "1347088340",
        "name": "Abd Al Razak Al Sanhouri Street",
        "highway": "tertiary",
        "layer": "0",
        "bridge": "no",
        "tunnel": "no"
      },
      "geometry": {
        "type": "LineString",
        "coordinates": [
          [
            31.3404744,
            30.062417
          ],
          [
            31.3409882,
            30.0624689
          ],
          [
            31.3412469,
            30.0624991
          ],
          [
            31.3427948,
            30.06268
          ]
        ]
      }
    },
    {
      "type": "Feature",
      "properties": {
        "osm_way_id": "1347088341",
        "name": "Abd Al Razak Al Sanhouri Street",
        "highway": "tertiary",
        "layer": "0",
        "bridge": "no",
        "tunnel": "no"
      },
      "geometry": {
        "type": "LineString",
        "coordinates": [
          [
            31.3427948,
            30.06268
          ],
          [
            31.3428733,
            30.0626472
          ],
          [
            31.3429583,
            30.0626304
          ],
          [
            31.3430454,
            30.0626306
          ],
          [
            31.3445769,
            30.062804
          ],
          [
            31.3446286,
            30.0628045
          ],
          [
            31.3446934,
            30.0628016
          ],
          [
            31.3447471,
            30.0627963
          ],
          [
            31.3447998,
            30.0627859
          ],
          [
            31.3448508,
            30.0627703
          ],
          [
            31.3449163,
            30.0627517
          ]
        ]
      }
    },
    {
      "type": "Feature",
      "properties": {
        "osm_way_id": "1347088342",
        "name": "Abd Al Razak Al Sanhouri Street",
        "highway": "tertiary",
        "layer": "0",
        "bridge": "no",
        "tunnel": "no"
      },
      "geometry": {
        "type": "LineString",
        "coordinates": [
          [
            31.3427965,
            30.0627762
          ],
          [
            31.3412204,
            30.0626042
          ],
          [
            31.3409727,
            30.0625746
          ],
          [
            31.3404641,
            30.0625137
          ]
        ]
      }
    },
    {
      "type": "Feature",
      "properties": {
        "osm_way_id": "1347088343",
        "name": "Abd Al Razak Al Sanhouri Street",
        "highway": "tertiary",
        "layer": "0",
        "bridge": "no",
        "tunnel": "no"
      },
      "geometry": {
        "type": "LineString",
        "coordinates": [
          [
            31.3448583,
            30.0631879
          ],
          [
            31.3448103,
            30.0631461
          ],
          [
            31.3447635,
            30.0631115
          ],
          [
            31.3447111,
            30.0630835
          ],
          [
            31.3446543,
            30.0630631
          ],
          [
            31.3445944,
            30.0630506
          ],
          [
            31.344544,
            30.0630454
          ],
          [
            31.343042,
            30.0628793
          ],
          [
            31.3429551,
            30.0628604
          ],
          [
            31.3428726,
            30.06283
          ],
          [
            31.3427965,
            30.0627762
          ]
        ]
      }
    },
    {
      "type": "Feature",
      "properties": {
        "osm_way_id": "1347088344",
        "name": "Al Batrawi Street",
        "highway": "tertiary",
        "layer": "0",
        "bridge": "no",
        "tunnel": "no"
      },
      "geometry": {
        "type": "LineString",
        "coordinates": [
          [
            31.3339385,
            30.0618218
          ],
          [
            31.3313881,
            30.0615634
          ],
          [
            31.3310106,
            30.061523
          ],
          [
            31.3303242,
            30.0614535
          ],
          [
            31.33028,
            30.061444
          ],
          [
            31.3302476,
            30.061432
          ],
          [
            31.330185,
            30.0614041
          ]
        ]
      }
    },
    {
      "type": "Feature",
      "properties": {
        "osm_way_id": "1347088345",
        "name": "Al Batrawi Street",
        "highway": "tertiary",
        "layer": "0",
        "bridge": "no",
        "tunnel": "no"
      },
      "geometry": {
        "type": "LineString",
        "coordinates": [
          [
            31.3336699,
            30.0616737
          ],
          [
            31.3337462,
            30.061646
          ],
          [
            31.3338277,
            30.0616332
          ],
          [
            31.3339104,
            30.0616357
          ],
          [
            31.3341612,
            30.0616603
          ],
          [
            31.3364344,
            30.0618791
          ],
          [
            31.336547,
            30.0618852
          ],
          [
            31.3366413,
            30.0618845
          ],
          [
            31.3367355,
            30.0618775
          ],
          [
            31.3368288,
            30.0618646
          ],
          [
            31.3369208,
            30.0618459
          ],
          [
            31.337011,
            30.0618215
          ],
          [
            31.337099,
            30.0617915
          ],
          [
            31.3371842,
            30.0617561
          ]
        ]
      }
    },
    {
      "type": "Feature",
      "properties": {
        "osm_way_id": "1347092081",
        "name": "Unnamed mapped way",
        "highway": "service",
        "layer": "0",
        "bridge": "no",
        "tunnel": "no"
      },
      "geometry": {
        "type": "LineString",
        "coordinates": [
          [
            31.3337296,
            30.0632566
          ],
          [
            31.3337629,
            30.0629669
          ]
        ]
      }
    },
    {
      "type": "Feature",
      "properties": {
        "osm_way_id": "1347343079",
        "name": "Unnamed mapped way",
        "highway": "service",
        "layer": "0",
        "bridge": "no",
        "tunnel": "no"
      },
      "geometry": {
        "type": "LineString",
        "coordinates": [
          [
            31.3282828,
            30.0604093
          ],
          [
            31.3283084,
            30.0602085
          ]
        ]
      }
    },
    {
      "type": "Feature",
      "properties": {
        "osm_way_id": "1347343080",
        "name": "Unnamed mapped way",
        "highway": "service",
        "layer": "0",
        "bridge": "no",
        "tunnel": "no"
      },
      "geometry": {
        "type": "LineString",
        "coordinates": [
          [
            31.3273054,
            30.0578556
          ],
          [
            31.3269513,
            30.0578226
          ]
        ]
      }
    },
    {
      "type": "Feature",
      "properties": {
        "osm_way_id": "1347343081",
        "name": "Unnamed mapped way",
        "highway": "service",
        "layer": "0",
        "bridge": "no",
        "tunnel": "no"
      },
      "geometry": {
        "type": "LineString",
        "coordinates": [
          [
            31.3301936,
            30.0575856
          ],
          [
            31.3302406,
            30.0572302
          ]
        ]
      }
    },
    {
      "type": "Feature",
      "properties": {
        "osm_way_id": "1347343082",
        "name": "Unnamed mapped way",
        "highway": "service",
        "layer": "0",
        "bridge": "no",
        "tunnel": "no"
      },
      "geometry": {
        "type": "LineString",
        "coordinates": [
          [
            31.3269557,
            30.0605045
          ],
          [
            31.3272156,
            30.0605339
          ]
        ]
      }
    },
    {
      "type": "Feature",
      "properties": {
        "osm_way_id": "1347343083",
        "name": "Unnamed mapped way",
        "highway": "residential",
        "layer": "0",
        "bridge": "no",
        "tunnel": "no"
      },
      "geometry": {
        "type": "LineString",
        "coordinates": [
          [
            31.328855,
            30.0598251
          ],
          [
            31.3288582,
            30.059669
          ]
        ]
      }
    },
    {
      "type": "Feature",
      "properties": {
        "osm_way_id": "1347343084",
        "name": "Unnamed mapped way",
        "highway": "service",
        "layer": "0",
        "bridge": "no",
        "tunnel": "no"
      },
      "geometry": {
        "type": "LineString",
        "coordinates": [
          [
            31.3314798,
            30.0592297
          ],
          [
            31.3315225,
            30.0588683
          ]
        ]
      }
    },
    {
      "type": "Feature",
      "properties": {
        "osm_way_id": "1347343085",
        "name": "Unnamed mapped way",
        "highway": "service",
        "layer": "0",
        "bridge": "no",
        "tunnel": "no"
      },
      "geometry": {
        "type": "LineString",
        "coordinates": [
          [
            31.3279423,
            30.0527614
          ],
          [
            31.3279332,
            30.0528406
          ],
          [
            31.3279185,
            30.0529732
          ],
          [
            31.3279163,
            30.0529873
          ],
          [
            31.3279069,
            30.0529989
          ],
          [
            31.3278925,
            30.0530055
          ],
          [
            31.3278761,
            30.0530057
          ],
          [
            31.3277075,
            30.0529953
          ],
          [
            31.3276926,
            30.0529935
          ],
          [
            31.3276806,
            30.0529856
          ],
          [
            31.3276745,
            30.0529737
          ],
          [
            31.3276759,
            30.0529607
          ],
          [
            31.3276937,
            30.052814
          ],
          [
            31.3277027,
            30.0527354
          ]
        ]
      }
    },
    {
      "type": "Feature",
      "properties": {
        "osm_way_id": "1347343086",
        "name": "Unnamed mapped way",
        "highway": "service",
        "layer": "0",
        "bridge": "no",
        "tunnel": "no"
      },
      "geometry": {
        "type": "LineString",
        "coordinates": [
          [
            31.3324273,
            30.0530461
          ],
          [
            31.3324426,
            30.0529531
          ],
          [
            31.3324464,
            30.0529
          ],
          [
            31.3324464,
            30.0528535
          ],
          [
            31.3324364,
            30.052808
          ],
          [
            31.3323826,
            30.0526413
          ]
        ]
      }
    },
    {
      "type": "Feature",
      "properties": {
        "osm_way_id": "1347533434",
        "name": "Unnamed mapped way",
        "highway": "service",
        "layer": "0",
        "bridge": "no",
        "tunnel": "no"
      },
      "geometry": {
        "type": "LineString",
        "coordinates": [
          [
            31.3254277,
            30.0570155
          ],
          [
            31.3254,
            30.0570098
          ],
          [
            31.3253788,
            30.0569962
          ],
          [
            31.3253654,
            30.0569765
          ],
          [
            31.3253619,
            30.0569538
          ],
          [
            31.3253525,
            30.0568259
          ]
        ]
      }
    },
    {
      "type": "Feature",
      "properties": {
        "osm_way_id": "1347533435",
        "name": "Unnamed mapped way",
        "highway": "service",
        "layer": "0",
        "bridge": "no",
        "tunnel": "no"
      },
      "geometry": {
        "type": "LineString",
        "coordinates": [
          [
            31.32559,
            30.0570327
          ],
          [
            31.3254277,
            30.0570155
          ]
        ]
      }
    },
    {
      "type": "Feature",
      "properties": {
        "osm_way_id": "1347533436",
        "name": "Unnamed mapped way",
        "highway": "service",
        "layer": "0",
        "bridge": "no",
        "tunnel": "no"
      },
      "geometry": {
        "type": "LineString",
        "coordinates": [
          [
            31.3257178,
            30.0568671
          ],
          [
            31.3256727,
            30.0569808
          ],
          [
            31.3256663,
            30.0569991
          ],
          [
            31.3256536,
            30.0570148
          ],
          [
            31.3256359,
            30.0570264
          ],
          [
            31.3256149,
            30.0570326
          ],
          [
            31.32559,
            30.0570327
          ]
        ]
      }
    },
    {
      "type": "Feature",
      "properties": {
        "osm_way_id": "1348955086",
        "name": "Unnamed mapped way",
        "highway": "footway",
        "layer": "0",
        "bridge": "no",
        "tunnel": "no"
      },
      "geometry": {
        "type": "LineString",
        "coordinates": [
          [
            31.3261848,
            30.0515964
          ],
          [
            31.3262131,
            30.051646
          ],
          [
            31.3262225,
            30.0516871
          ],
          [
            31.3262225,
            30.0517283
          ],
          [
            31.3262178,
            30.0517812
          ],
          [
            31.3262125,
            30.0518213
          ]
        ]
      }
    },
    {
      "type": "Feature",
      "properties": {
        "osm_way_id": "1353162910",
        "name": "Al Tayaran Street",
        "highway": "secondary",
        "layer": "0",
        "bridge": "no",
        "tunnel": "no"
      },
      "geometry": {
        "type": "LineString",
        "coordinates": [
          [
            31.3270425,
            30.0534171
          ],
          [
            31.3270004,
            30.0536622
          ],
          [
            31.3269433,
            30.0540437
          ],
          [
            31.3269286,
            30.0541398
          ],
          [
            31.326833,
            30.0546938
          ]
        ]
      }
    },
    {
      "type": "Feature",
      "properties": {
        "osm_way_id": "1353162911",
        "name": "Al Tayaran Street",
        "highway": "secondary",
        "layer": "0",
        "bridge": "no",
        "tunnel": "no"
      },
      "geometry": {
        "type": "LineString",
        "coordinates": [
          [
            31.3271404,
            30.0528322
          ],
          [
            31.3271102,
            30.0530011
          ],
          [
            31.3270425,
            30.0534171
          ]
        ]
      }
    },
    {
      "type": "Feature",
      "properties": {
        "osm_way_id": "1353162912",
        "name": "Unnamed mapped way",
        "highway": "footway",
        "layer": "0",
        "bridge": "no",
        "tunnel": "no"
      },
      "geometry": {
        "type": "LineString",
        "coordinates": [
          [
            31.3271102,
            30.0530011
          ],
          [
            31.3269648,
            30.0529842
          ]
        ]
      }
    },
    {
      "type": "Feature",
      "properties": {
        "osm_way_id": "1429244562",
        "name": "Al Rabae Street",
        "highway": "residential",
        "layer": "0",
        "bridge": "no",
        "tunnel": "no"
      },
      "geometry": {
        "type": "LineString",
        "coordinates": [
          [
            31.3288582,
            30.059669
          ],
          [
            31.3270807,
            30.0594848
          ]
        ]
      }
    },
    {
      "type": "Feature",
      "properties": {
        "osm_way_id": "1469128476",
        "name": "Unnamed mapped way",
        "highway": "footway",
        "layer": "0",
        "bridge": "no",
        "tunnel": "no"
      },
      "geometry": {
        "type": "LineString",
        "coordinates": [
          [
            31.3263824,
            30.0515978
          ],
          [
            31.3263667,
            30.0516353
          ],
          [
            31.3263628,
            30.0516554
          ],
          [
            31.326364,
            30.0516855
          ],
          [
            31.3263726,
            30.0517148
          ],
          [
            31.3263881,
            30.0517417
          ]
        ]
      }
    },
    {
      "type": "Feature",
      "properties": {
        "osm_way_id": "1469128477",
        "name": "Unnamed mapped way",
        "highway": "footway",
        "layer": "0",
        "bridge": "no",
        "tunnel": "no"
      },
      "geometry": {
        "type": "LineString",
        "coordinates": [
          [
            31.3262396,
            30.0515648
          ],
          [
            31.3263824,
            30.0515978
          ],
          [
            31.3265586,
            30.0516372
          ],
          [
            31.3265897,
            30.0516555
          ],
          [
            31.3266227,
            30.0516711
          ],
          [
            31.3266932,
            30.0516935
          ]
        ]
      }
    },
    {
      "type": "Feature",
      "properties": {
        "osm_way_id": "1470242565",
        "name": "Unnamed mapped way",
        "highway": "footway",
        "layer": "0",
        "bridge": "no",
        "tunnel": "no"
      },
      "geometry": {
        "type": "LineString",
        "coordinates": [
          [
            31.3257421,
            30.0507335
          ],
          [
            31.3256431,
            30.0506181
          ],
          [
            31.3256639,
            30.0505455
          ],
          [
            31.325338,
            30.0504875
          ],
          [
            31.32531,
            30.0506058
          ]
        ]
      }
    },
    {
      "type": "Feature",
      "properties": {
        "osm_way_id": "1470242568",
        "name": "Unnamed mapped way",
        "highway": "steps",
        "layer": "0",
        "bridge": "no",
        "tunnel": "no"
      },
      "geometry": {
        "type": "LineString",
        "coordinates": [
          [
            31.3266932,
            30.0516935
          ],
          [
            31.3267378,
            30.0517134
          ],
          [
            31.3268863,
            30.0517795
          ],
          [
            31.3268971,
            30.0517655
          ]
        ]
      }
    },
    {
      "type": "Feature",
      "properties": {
        "osm_way_id": "1470242569",
        "name": "Unnamed mapped way",
        "highway": "steps",
        "layer": "0",
        "bridge": "no",
        "tunnel": "no"
      },
      "geometry": {
        "type": "LineString",
        "coordinates": [
          [
            31.326715,
            30.0516522
          ],
          [
            31.3269031,
            30.0517545
          ],
          [
            31.3268971,
            30.0517655
          ]
        ]
      }
    },
    {
      "type": "Feature",
      "properties": {
        "osm_way_id": "1470242570",
        "name": "Unnamed mapped way",
        "highway": "footway",
        "layer": "0",
        "bridge": "no",
        "tunnel": "no"
      },
      "geometry": {
        "type": "LineString",
        "coordinates": [
          [
            31.3266932,
            30.0516935
          ],
          [
            31.326715,
            30.0516522
          ]
        ]
      }
    },
    {
      "type": "Feature",
      "properties": {
        "osm_way_id": "1470242571",
        "name": "Unnamed mapped way",
        "highway": "footway",
        "layer": "0",
        "bridge": "no",
        "tunnel": "no"
      },
      "geometry": {
        "type": "LineString",
        "coordinates": [
          [
            31.3265586,
            30.0516372
          ],
          [
            31.3265849,
            30.0516317
          ],
          [
            31.3266117,
            30.0516294
          ],
          [
            31.3266386,
            30.0516304
          ],
          [
            31.3266652,
            30.0516346
          ],
          [
            31.3266908,
            30.0516419
          ],
          [
            31.326715,
            30.0516522
          ]
        ]
      }
    },
    {
      "type": "Feature",
      "properties": {
        "osm_way_id": "1470242572",
        "name": "Unnamed mapped way",
        "highway": "footway",
        "layer": "0",
        "bridge": "no",
        "tunnel": "no"
      },
      "geometry": {
        "type": "LineString",
        "coordinates": [
          [
            31.3271797,
            30.0518222
          ],
          [
            31.3270558,
            30.0517974
          ],
          [
            31.3268971,
            30.0517655
          ]
        ]
      }
    },
    {
      "type": "Feature",
      "properties": {
        "osm_way_id": "1470242581",
        "name": "Unnamed mapped way",
        "highway": "footway",
        "layer": "0",
        "bridge": "no",
        "tunnel": "no"
      },
      "geometry": {
        "type": "LineString",
        "coordinates": [
          [
            31.3260639,
            30.0516415
          ],
          [
            31.3260649,
            30.0516686
          ],
          [
            31.3260609,
            30.0517005
          ],
          [
            31.326012,
            30.051936
          ]
        ]
      }
    },
    {
      "type": "Feature",
      "properties": {
        "osm_way_id": "1470840617",
        "name": "Unnamed mapped way",
        "highway": "footway",
        "layer": "0",
        "bridge": "no",
        "tunnel": "no"
      },
      "geometry": {
        "type": "LineString",
        "coordinates": [
          [
            31.3265705,
            30.0518149
          ],
          [
            31.3265178,
            30.0518062
          ]
        ]
      }
    },
    {
      "type": "Feature",
      "properties": {
        "osm_way_id": "1470840618",
        "name": "Unnamed mapped way",
        "highway": "steps",
        "layer": "0",
        "bridge": "no",
        "tunnel": "no"
      },
      "geometry": {
        "type": "LineString",
        "coordinates": [
          [
            31.3266758,
            30.0518285
          ],
          [
            31.3265705,
            30.0518149
          ]
        ]
      }
    },
    {
      "type": "Feature",
      "properties": {
        "osm_way_id": "1470840619",
        "name": "Unnamed mapped way",
        "highway": "footway",
        "layer": "0",
        "bridge": "no",
        "tunnel": "no"
      },
      "geometry": {
        "type": "LineString",
        "coordinates": [
          [
            31.3267088,
            30.0518333
          ],
          [
            31.3267355,
            30.0517228
          ],
          [
            31.3267378,
            30.0517134
          ]
        ]
      }
    },
    {
      "type": "Feature",
      "properties": {
        "osm_way_id": "1473296230",
        "name": "Unnamed mapped way",
        "highway": "pedestrian",
        "layer": "0",
        "bridge": "no",
        "tunnel": "no"
      },
      "geometry": {
        "type": "LineString",
        "coordinates": [
          [
            31.3454867,
            30.0612365
          ],
          [
            31.3455487,
            30.0606646
          ],
          [
            31.3455786,
            30.060667
          ],
          [
            31.3456708,
            30.0606745
          ],
          [
            31.3456756,
            30.0606297
          ],
          [
            31.3459741,
            30.060654
          ],
          [
            31.3459658,
            30.0607305
          ],
          [
            31.3459241,
            30.0607271
          ],
          [
            31.3458971,
            30.0607249
          ],
          [
            31.345802,
            30.0607172
          ],
          [
            31.3457986,
            30.0607483
          ],
          [
            31.3457742,
            30.0607463
          ],
          [
            31.3456884,
            30.0607393
          ],
          [
            31.3456791,
            30.0608254
          ],
          [
            31.3456517,
            30.0608232
          ],
          [
            31.3456417,
            30.0609153
          ],
          [
            31.3456277,
            30.0609142
          ],
          [
            31.3456178,
            30.0610051
          ],
          [
            31.3457128,
            30.0610128
          ],
          [
            31.3457106,
            30.061033
          ],
          [
            31.3456424,
            30.0610275
          ],
          [
            31.3455704,
            30.0610217
          ],
          [
            31.3455497,
            30.0612125
          ],
          [
            31.3455758,
            30.0612146
          ],
          [
            31.3455884,
            30.0612156
          ],
          [
            31.3456241,
            30.0612185
          ],
          [
            31.345621,
            30.0612474
          ],
          [
            31.3454867,
            30.0612365
          ]
        ]
      }
    },
    {
      "type": "Feature",
      "properties": {
        "osm_way_id": "1482817561",
        "name": "Unnamed mapped way",
        "highway": "footway",
        "layer": "0",
        "bridge": "no",
        "tunnel": "no"
      },
      "geometry": {
        "type": "LineString",
        "coordinates": [
          [
            31.3345447,
            30.0508723
          ],
          [
            31.3345541,
            30.0507452
          ]
        ]
      }
    },
    {
      "type": "Feature",
      "properties": {
        "osm_way_id": "1482830611",
        "name": "Unnamed mapped way",
        "highway": "footway",
        "layer": "0",
        "bridge": "no",
        "tunnel": "no"
      },
      "geometry": {
        "type": "LineString",
        "coordinates": [
          [
            31.3352748,
            30.0504005
          ],
          [
            31.3353923,
            30.0505536
          ]
        ]
      }
    },
    {
      "type": "Feature",
      "properties": {
        "osm_way_id": "1482830612",
        "name": "Unnamed mapped way",
        "highway": "footway",
        "layer": "0",
        "bridge": "no",
        "tunnel": "no"
      },
      "geometry": {
        "type": "LineString",
        "coordinates": [
          [
            31.335259,
            30.0503732
          ],
          [
            31.3352438,
            30.0503824
          ],
          [
            31.3352637,
            30.0504072
          ],
          [
            31.3352748,
            30.0504005
          ],
          [
            31.3352902,
            30.0503912
          ],
          [
            31.3352703,
            30.0503664
          ],
          [
            31.335259,
            30.0503732
          ]
        ]
      }
    },
    {
      "type": "Feature",
      "properties": {
        "osm_way_id": "1484469438",
        "name": "Unnamed mapped way",
        "highway": "service",
        "layer": "0",
        "bridge": "no",
        "tunnel": "no"
      },
      "geometry": {
        "type": "LineString",
        "coordinates": [
          [
            31.3369713,
            30.0469934
          ],
          [
            31.3370445,
            30.0469793
          ],
          [
            31.3371545,
            30.0469561
          ],
          [
            31.3372645,
            30.0469294
          ],
          [
            31.3374254,
            30.0468911
          ],
          [
            31.3374821,
            30.0468788
          ],
          [
            31.3375394,
            30.0468691
          ],
          [
            31.3376036,
            30.0468611
          ],
          [
            31.3377811,
            30.0468454
          ],
          [
            31.337812,
            30.0468437
          ],
          [
            31.3378396,
            30.0468558
          ],
          [
            31.3378563,
            30.0468783
          ],
          [
            31.3378576,
            30.0469051
          ],
          [
            31.3378359,
            30.0470275
          ],
          [
            31.3378157,
            30.0471233
          ]
        ]
      }
    },
    {
      "type": "Feature",
      "properties": {
        "osm_way_id": "1484476352",
        "name": "Unnamed mapped way",
        "highway": "service",
        "layer": "0",
        "bridge": "no",
        "tunnel": "no"
      },
      "geometry": {
        "type": "LineString",
        "coordinates": [
          [
            31.3388067,
            30.0477596
          ],
          [
            31.3388416,
            30.0475319
          ]
        ]
      }
    },
    {
      "type": "Feature",
      "properties": {
        "osm_way_id": "1484476359",
        "name": "Unnamed mapped way",
        "highway": "service",
        "layer": "0",
        "bridge": "no",
        "tunnel": "no"
      },
      "geometry": {
        "type": "LineString",
        "coordinates": [
          [
            31.3389784,
            30.0478442
          ],
          [
            31.338957,
            30.0478231
          ],
          [
            31.3389315,
            30.0478059
          ],
          [
            31.3389018,
            30.0477928
          ],
          [
            31.3388698,
            30.0477815
          ],
          [
            31.3388067,
            30.0477596
          ],
          [
            31.3386941,
            30.0477177
          ],
          [
            31.3386753,
            30.0477111
          ],
          [
            31.3386593,
            30.0477004
          ],
          [
            31.3386472,
            30.0476863
          ],
          [
            31.33864,
            30.0476708
          ],
          [
            31.3386377,
            30.0476541
          ],
          [
            31.3386405,
            30.0476376
          ],
          [
            31.3386683,
            30.0474524
          ],
          [
            31.3386702,
            30.047426
          ],
          [
            31.3386656,
            30.0473999
          ],
          [
            31.3386547,
            30.0473752
          ],
          [
            31.3386381,
            30.0473531
          ],
          [
            31.3386164,
            30.0473345
          ],
          [
            31.3385231,
            30.0472603
          ],
          [
            31.3385009,
            30.0472476
          ],
          [
            31.3384771,
            30.0472371
          ],
          [
            31.3384521,
            30.0472291
          ],
          [
            31.3384262,
            30.0472236
          ],
          [
            31.3383964,
            30.0472196
          ],
          [
            31.3383771,
            30.0472174
          ],
          [
            31.3383595,
            30.0472103
          ],
          [
            31.3383453,
            30.0471989
          ],
          [
            31.3383356,
            30.0471843
          ],
          [
            31.3383315,
            30.0471679
          ],
          [
            31.3383333,
            30.0471512
          ],
          [
            31.3383669,
            30.0470026
          ],
          [
            31.3383718,
            30.0469834
          ],
          [
            31.3383828,
            30.0469663
          ],
          [
            31.3383991,
            30.0469526
          ],
          [
            31.3384194,
            30.0469435
          ],
          [
            31.338442,
            30.0469399
          ],
          [
            31.3384648,
            30.0469422
          ],
          [
            31.3388215,
            30.0469817
          ]
        ]
      }
    },
    {
      "type": "Feature",
      "properties": {
        "osm_way_id": "1484476360",
        "name": "Unnamed mapped way",
        "highway": "service",
        "layer": "0",
        "bridge": "no",
        "tunnel": "no"
      },
      "geometry": {
        "type": "LineString",
        "coordinates": [
          [
            31.339237,
            30.0478646
          ],
          [
            31.3390941,
            30.0478533
          ],
          [
            31.3389784,
            30.0478442
          ],
          [
            31.3389455,
            30.0478609
          ],
          [
            31.3389086,
            30.0478695
          ],
          [
            31.3388704,
            30.0478694
          ],
          [
            31.3388336,
            30.0478604
          ],
          [
            31.3383722,
            30.0477374
          ]
        ]
      }
    },
    {
      "type": "Feature",
      "properties": {
        "osm_way_id": "1484863587",
        "name": "Unnamed mapped way",
        "highway": "footway",
        "layer": "0",
        "bridge": "no",
        "tunnel": "no"
      },
      "geometry": {
        "type": "LineString",
        "coordinates": [
          [
            31.337968,
            30.049096
          ],
          [
            31.3378969,
            30.049056
          ]
        ]
      }
    },
    {
      "type": "Feature",
      "properties": {
        "osm_way_id": "1484904725",
        "name": "Unnamed mapped way",
        "highway": "footway",
        "layer": "0",
        "bridge": "no",
        "tunnel": "no"
      },
      "geometry": {
        "type": "LineString",
        "coordinates": [
          [
            31.3362385,
            30.0482966
          ],
          [
            31.3362412,
            30.0483147
          ],
          [
            31.3362474,
            30.0483321
          ],
          [
            31.336257,
            30.0483483
          ],
          [
            31.3362709,
            30.0483631
          ]
        ]
      }
    },
    {
      "type": "Feature",
      "properties": {
        "osm_way_id": "1485318061",
        "name": "Unnamed mapped way",
        "highway": "footway",
        "layer": "0",
        "bridge": "no",
        "tunnel": "no"
      },
      "geometry": {
        "type": "LineString",
        "coordinates": [
          [
            31.3358295,
            30.0477915
          ],
          [
            31.3359646,
            30.0478304
          ]
        ]
      }
    },
    {
      "type": "Feature",
      "properties": {
        "osm_way_id": "1485334244",
        "name": "Unnamed mapped way",
        "highway": "footway",
        "layer": "0",
        "bridge": "no",
        "tunnel": "no"
      },
      "geometry": {
        "type": "LineString",
        "coordinates": [
          [
            31.3355804,
            30.0486773
          ],
          [
            31.3356355,
            30.0485673
          ]
        ]
      }
    },
    {
      "type": "Feature",
      "properties": {
        "osm_way_id": "1485334245",
        "name": "Unnamed mapped way",
        "highway": "footway",
        "layer": "0",
        "bridge": "no",
        "tunnel": "no"
      },
      "geometry": {
        "type": "LineString",
        "coordinates": [
          [
            31.3356282,
            30.0486949
          ],
          [
            31.3355804,
            30.0486773
          ],
          [
            31.335509,
            30.048651
          ],
          [
            31.3353861,
            30.0486826
          ]
        ]
      }
    },
    {
      "type": "Feature",
      "properties": {
        "osm_way_id": "1485334246",
        "name": "Unnamed mapped way",
        "highway": "footway",
        "layer": "0",
        "bridge": "no",
        "tunnel": "no"
      },
      "geometry": {
        "type": "LineString",
        "coordinates": [
          [
            31.3357358,
            30.048618
          ],
          [
            31.3356359,
            30.0486877
          ],
          [
            31.3356282,
            30.0486949
          ],
          [
            31.335622,
            30.048703
          ],
          [
            31.3356172,
            30.0487119
          ],
          [
            31.3356141,
            30.0487213
          ],
          [
            31.3356091,
            30.0487324
          ],
          [
            31.3355989,
            30.0487404
          ],
          [
            31.3355857,
            30.0487439
          ],
          [
            31.3355721,
            30.0487419
          ],
          [
            31.3355344,
            30.0487334
          ],
          [
            31.3355249,
            30.0487302
          ],
          [
            31.3355177,
            30.0487237
          ],
          [
            31.3355142,
            30.0487153
          ],
          [
            31.3355137,
            30.0487064
          ],
          [
            31.335509,
            30.048651
          ],
          [
            31.335509,
            30.0486104
          ],
          [
            31.3355113,
            30.0485898
          ],
          [
            31.3355163,
            30.0485689
          ],
          [
            31.3355298,
            30.048526
          ]
        ]
      }
    },
    {
      "type": "Feature",
      "properties": {
        "osm_way_id": "1485334247",
        "name": "Unnamed mapped way",
        "highway": "footway",
        "layer": "0",
        "bridge": "no",
        "tunnel": "no"
      },
      "geometry": {
        "type": "LineString",
        "coordinates": [
          [
            31.3354436,
            30.0506888
          ],
          [
            31.3353762,
            30.0511271
          ]
        ]
      }
    },
    {
      "type": "Feature",
      "properties": {
        "osm_way_id": "1485334248",
        "name": "Unnamed mapped way",
        "highway": "footway",
        "layer": "0",
        "bridge": "no",
        "tunnel": "no"
      },
      "geometry": {
        "type": "LineString",
        "coordinates": [
          [
            31.336365,
            30.048669
          ],
          [
            31.3364008,
            30.0487508
          ]
        ]
      }
    },
    {
      "type": "Feature",
      "properties": {
        "osm_way_id": "1489120598",
        "name": "Unnamed mapped way",
        "highway": "steps",
        "layer": "0",
        "bridge": "no",
        "tunnel": "no"
      },
      "geometry": {
        "type": "LineString",
        "coordinates": [
          [
            31.3359166,
            30.0499848
          ],
          [
            31.3359232,
            30.0500044
          ]
        ]
      }
    },
    {
      "type": "Feature",
      "properties": {
        "osm_way_id": "1489120599",
        "name": "Unnamed mapped way",
        "highway": "steps",
        "layer": "0",
        "bridge": "no",
        "tunnel": "no"
      },
      "geometry": {
        "type": "LineString",
        "coordinates": [
          [
            31.3350477,
            30.0493729
          ],
          [
            31.3350725,
            30.0493835
          ]
        ]
      }
    },
    {
      "type": "Feature",
      "properties": {
        "osm_way_id": "1489120600",
        "name": "Unnamed mapped way",
        "highway": "steps",
        "layer": "0",
        "bridge": "no",
        "tunnel": "no"
      },
      "geometry": {
        "type": "LineString",
        "coordinates": [
          [
            31.3352234,
            30.0494352
          ],
          [
            31.3352612,
            30.0494478
          ]
        ]
      }
    },
    {
      "type": "Feature",
      "properties": {
        "osm_way_id": "1489120601",
        "name": "Unnamed mapped way",
        "highway": "footway",
        "layer": "0",
        "bridge": "no",
        "tunnel": "no"
      },
      "geometry": {
        "type": "LineString",
        "coordinates": [
          [
            31.3369324,
            30.0507021
          ],
          [
            31.3368929,
            30.0506787
          ]
        ]
      }
    },
    {
      "type": "Feature",
      "properties": {
        "osm_way_id": "1489120602",
        "name": "Unnamed mapped way",
        "highway": "steps",
        "layer": "0",
        "bridge": "no",
        "tunnel": "no"
      },
      "geometry": {
        "type": "LineString",
        "coordinates": [
          [
            31.3369666,
            30.0507224
          ],
          [
            31.3369324,
            30.0507021
          ]
        ]
      }
    },
    {
      "type": "Feature",
      "properties": {
        "osm_way_id": "1541302419",
        "name": "Unnamed mapped way",
        "highway": "service",
        "layer": "0",
        "bridge": "no",
        "tunnel": "no"
      },
      "geometry": {
        "type": "LineString",
        "coordinates": [
          [
            31.3458095,
            30.0453269
          ],
          [
            31.3459431,
            30.0451618
          ],
          [
            31.3461449,
            30.0451541
          ],
          [
            31.3470273,
            30.0452374
          ],
          [
            31.3473193,
            30.0452687
          ],
          [
            31.3477516,
            30.045339
          ],
          [
            31.3478605,
            30.0454156
          ],
          [
            31.3478741,
            30.0455436
          ]
        ]
      }
    }
  ]
}
